received_at,buoy_id,timestamp,mode,water_temperature_c,air_temperature_c,humidity_percent,pressure_hpa,accel_x_g,accel_y_g,accel_z_g,gyro_x_dps,gyro_y_dps,gyro_z_dps,wind_speed_ms,wave_height_m,salinity_psu,ice_concentration_percent,current_speed_ms,latitude,longitude,battery_percent,sampling_mode,energy_mode,risk,buoy_motion_level
2026-09-06T13:01:38.324Z,POLAR-001,2026-09-06T13:01:38.323Z,NORMAL,-1.2,-6.4,84,1018.2,0.05,-0.03,1.02,1.4,0.7,1.8,10,2,33,60,0.8,-59.99808000000007,20.001344000000017,94.04000000000019,NORMAL,POWER_SAVING,LOW,LOW
2026-09-06T20:07:45,-5.0,80.0,25.0,4.5,60.0,11.8
2026-09-06T20:10:40,-5.0,80.0,25.0,4.5,60.0,11.8
2026-09-06T14:40:42.437Z,POLAR-001,2026-09-06T14:40:42.437Z,NORMAL,-5,,80,,,,,,,,10,2,33,60,0.8,-59.91488000000322,20.05958400000077,52.44000000000436,NORMAL,POWER_SAVING,LOW,LOW
2026-09-06T20:14:42,-1.2,84.0,10.0,2.0,60.0,12.2
2026-09-06T14:44:44.437Z,POLAR-001,2026-09-06T14:44:44.437Z,NORMAL,-1.2,-6.4,84,1018.2,0.05,-0.03,1.02,1.4,0.7,1.8,10,2,33,60,0.8,-59.99928000000003,20.000504000000006,94.64000000000007,NORMAL,POWER_SAVING,LOW,LOW
2026-09-06T20:14:47,-1.2,84.0,10.0,2.0,60.0,12.2
2026-09-06T14:44:49.117Z,POLAR-001,2026-09-06T14:44:49.117Z,NORMAL,-1.2,-6.4,84,1018.2,0.05,-0.03,1.02,1.4,0.7,1.8,10,2,33,60,0.8,-59.999080000000035,20.00064400000001,94.54000000000009,NORMAL,POWER_SAVING,LOW,LOW
2026-09-06T20:14:52,-1.2,84.0,10.0,2.0,60.0,12.2
2026-09-06T14:44:54.126Z,POLAR-001,2026-09-06T14:44:54.126Z,NORMAL,-1.2,-6.4,84,1018.2,0.05,-0.03,1.02,1.4,0.7,1.8,10,2,33,60,0.8,-59.99888000000004,20.00078400000001,94.44000000000011,NORMAL,POWER_SAVING,LOW,LOW
2026-09-06T20:14:57,-1.2,84.0,10.0,2.0,60.0,12.2
2026-09-06T14:44:59.030Z,POLAR-001,2026-09-06T14:44:59.030Z,NORMAL,-1.2,-6.4,84,1018.2,0.05,-0.03,1.02,1.4,0.7,1.8,10,2,33,60,0.8,-59.99868000000005,20.000924000000012,94.34000000000013,NORMAL,POWER_SAVING,LOW,LOW
2026-09-06T20:15:02,-1.2,84.0,10.0,2.0,60.0,12.2
2026-09-06T14:45:04.216Z,POLAR-001,2026-09-06T14:45:04.216Z,NORMAL,-1.2,-6.4,84,1018.2,0.05,-0.03,1.02,1.4,0.7,1.8,10,2,33,60,0.8,-59.99848000000006,20.001064000000014,94.24000000000015,NORMAL,POWER_SAVING,LOW,LOW
2026-09-06T20:15:07,-1.2,84.0,10.0,2.0,60.0,12.2
2026-09-06T14:45:09.184Z,POLAR-001,2026-09-06T14:45:09.184Z,NORMAL,-1.2,-6.4,84,1018.2,0.05,-0.03,1.02,1.4,0.7,1.8,10,2,33,60,0.8,-59.998280000000065,20.001204000000016,94.14000000000017,NORMAL,POWER_SAVING,LOW,LOW
2026-09-06T20:15:11,-1.2,84.0,10.0,2.0,60.0,12.2
2026-09-06T14:45:14.035Z,POLAR-001,2026-09-06T14:45:14.035Z,NORMAL,-1.2,-6.4,84,1018.2,0.05,-0.03,1.02,1.4,0.7,1.8,10,2,33,60,0.8,-59.99808000000007,20.001344000000017,94.04000000000019,NORMAL,POWER_SAVING,LOW,LOW
2026-09-06T20:30:21,25.0,50.0,10.0,2.0,60.0,
2026-09-06T15:00:23.793Z,POLAR-001,2026-09-06T15:00:23.793Z,NORMAL,25,25,50,1013.25,0,0,1,0,0,0,10,2,33,60,0.8,-59.96192000000144,20.026656000000344,75.96000000000379,NORMAL,POWER_SAVING,LOW,LOW
2026-09-06T20:33:27,-1.2,84.0,10.0,2.0,60.0,12.2
2026-09-06T15:03:29.173Z,POLAR-001,2026-09-06T15:03:29.173Z,NORMAL,-1.2,-6.4,84,1018.2,0.05,-0.03,1.02,1.4,0.7,1.8,10,2,33,60,0.8,-59.95452000000172,20.03183600000041,72.26000000000452,NORMAL,POWER_SAVING,LOW,LOW
2026-09-06T20:33:31,-1.2,84.0,10.0,2.0,60.0,12.2
2026-09-06T15:03:33.728Z,POLAR-001,2026-09-06T15:03:33.728Z,NORMAL,-1.2,-6.4,84,1018.2,0.05,-0.03,1.02,1.4,0.7,1.8,10,2,33,60,0.8,-59.95436000000173,20.031948000000412,72.18000000000454,NORMAL,POWER_SAVING,LOW,LOW
2026-09-06T20:33:36,-1.2,84.0,10.0,2.0,60.0,12.2
2026-09-06T15:03:38.704Z,POLAR-001,2026-09-06T15:03:38.704Z,NORMAL,-1.2,-6.4,84,1018.2,0.05,-0.03,1.02,1.4,0.7,1.8,10,2,33,60,0.8,-59.954160000001735,20.032088000000414,72.08000000000456,NORMAL,POWER_SAVING,LOW,LOW
2026-09-06T20:33:41,-1.2,84.0,10.0,2.0,60.0,12.2
2026-09-06T15:03:43.764Z,POLAR-001,2026-09-06T15:03:43.764Z,NORMAL,-1.2,-6.4,84,1018.2,0.05,-0.03,1.02,1.4,0.7,1.8,10,2,33,60,0.8,-59.95396000000174,20.032228000000416,71.98000000000458,NORMAL,POWER_SAVING,LOW,LOW
2026-09-06T20:33:46,-1.2,84.0,10.0,2.0,60.0,12.2
2026-09-06T15:03:48.740Z,POLAR-001,2026-09-06T15:03:48.740Z,NORMAL,-1.2,-6.4,84,1018.2,0.05,-0.03,1.02,1.4,0.7,1.8,10,2,33,60,0.8,-59.95376000000175,20.032368000000417,71.8800000000046,NORMAL,POWER_SAVING,LOW,LOW
2026-09-06T20:33:51,-1.2,84.0,10.0,2.0,60.0,12.2
2026-09-06T15:03:53.743Z,POLAR-001,2026-09-06T15:03:53.743Z,NORMAL,-1.2,-6.4,84,1018.2,0.05,-0.03,1.02,1.4,0.7,1.8,10,2,33,60,0.8,-59.95356000000176,20.03250800000042,71.78000000000462,NORMAL,POWER_SAVING,LOW,LOW
2026-09-06T20:34:56,-1.2,84.0,10.0,2.0,60.0,12.2
2026-09-06T20:35:10,-1.2,84.0,10.0,2.0,60.0,12.2
2026-09-06T15:05:12.956Z,POLAR-001,2026-09-06T15:05:12.956Z,NORMAL,-1.2,-6.4,84,1018.2,0.05,-0.03,1.02,1.4,0.7,1.8,10,2,33,60,0.8,-59.95040000000188,20.034720000000448,70.20000000000493,NORMAL,POWER_SAVING,LOW,LOW
2026-09-06T20:35:15,-1.2,84.0,10.0,2.0,60.0,12.2
2026-09-06T15:05:17.916Z,POLAR-001,2026-09-06T15:05:17.916Z,NORMAL,-1.2,-6.4,84,1018.2,0.05,-0.03,1.02,1.4,0.7,1.8,10,2,33,60,0.8,-59.950200000001885,20.03486000000045,70.10000000000495,NORMAL,POWER_SAVING,LOW,LOW
2026-09-06T20:35:20,-1.2,84.0,10.0,2.0,60.0,12.2
2026-09-06T15:05:23.032Z,POLAR-001,2026-09-06T15:05:23.032Z,NORMAL,-1.2,-6.4,84,1018.2,0.05,-0.03,1.02,1.4,0.7,1.8,10,2,33,60,0.8,-59.95000000000189,20.03500000000045,70.00000000000497,NORMAL,POWER_SAVING,LOW,LOW
2026-09-06T20:35:25,-1.2,84.0,10.0,2.0,60.0,12.2
2026-09-06T15:05:27.965Z,POLAR-001,2026-09-06T15:05:27.965Z,NORMAL,-1.2,-6.4,84,1018.2,0.05,-0.03,1.02,1.4,0.7,1.8,10,2,33,60,0.8,-59.9498000000019,20.035140000000453,69.900000000005,NORMAL,POWER_SAVING,LOW,LOW
2026-09-06T20:35:31,-1.2,84.0,10.0,2.0,60.0,12.2
2026-09-06T15:05:33.108Z,POLAR-001,2026-09-06T15:05:33.108Z,NORMAL,-1.2,-6.4,84,1018.2,0.05,-0.03,1.02,1.4,0.7,1.8,10,2,33,60,0.8,-59.94960000000191,20.035280000000455,69.80000000000501,NORMAL,POWER_SAVING,LOW,LOW
2026-09-06T20:35:35,-1.2,84.0,10.0,2.0,60.0,12.2
2026-09-06T15:05:37.982Z,POLAR-001,2026-09-06T15:05:37.981Z,NORMAL,-1.2,-6.4,84,1018.2,0.05,-0.03,1.02,1.4,0.7,1.8,10,2,33,60,0.8,-59.949400000001916,20.035420000000457,69.70000000000503,NORMAL,POWER_SAVING,LOW,LOW
2026-09-06T20:35:41,-1.2,84.0,10.0,2.0,60.0,12.2
2026-09-06T15:05:43.100Z,POLAR-001,2026-09-06T15:05:43.100Z,NORMAL,-1.2,-6.4,84,1018.2,0.05,-0.03,1.02,1.4,0.7,1.8,10,2,33,60,0.8,-59.94920000000192,20.03556000000046,69.60000000000505,NORMAL,POWER_SAVING,LOW,LOW
2026-09-06T20:35:46,-1.2,84.0,10.0,2.0,60.0,12.2
2026-09-06T15:05:48.043Z,POLAR-001,2026-09-06T15:05:48.043Z,NORMAL,-1.2,-6.4,84,1018.2,0.05,-0.03,1.02,1.4,0.7,1.8,10,2,33,60,0.8,-59.94900000000193,20.03570000000046,69.50000000000507,NORMAL,POWER_SAVING,LOW,LOW
2026-09-06T20:35:50,-1.2,84.0,10.0,2.0,60.0,12.2
2026-09-06T15:05:52.967Z,POLAR-001,2026-09-06T15:05:52.967Z,NORMAL,-1.2,-6.4,84,1018.2,0.05,-0.03,1.02,1.4,0.7,1.8,10,2,33,60,0.8,-59.94880000000194,20.035840000000462,69.4000000000051,NORMAL,POWER_SAVING,LOW,LOW
2026-09-06T20:35:55,-1.2,84.0,10.0,2.0,60.0,12.2
2026-09-06T15:05:57.967Z,POLAR-001,2026-09-06T15:05:57.967Z,NORMAL,-1.2,-6.4,84,1018.2,0.05,-0.03,1.02,1.4,0.7,1.8,10,2,33,60,0.8,-59.948600000001946,20.035980000000464,69.30000000000511,NORMAL,POWER_SAVING,LOW,LOW
2026-09-06T20:36:00,-1.2,84.0,10.0,2.0,60.0,12.2
2026-09-06T15:06:03.036Z,POLAR-001,2026-09-06T15:06:03.036Z,NORMAL,-1.2,-6.4,84,1018.2,0.05,-0.03,1.02,1.4,0.7,1.8,10,2,33,60,0.8,-59.94840000000195,20.036120000000466,69.20000000000513,NORMAL,POWER_SAVING,LOW,LOW
2026-09-06T20:36:06,-1.2,84.0,10.0,2.0,60.0,12.2
2026-09-06T15:06:08.104Z,POLAR-001,2026-09-06T15:06:08.104Z,NORMAL,-1.2,-6.4,84,1018.2,0.05,-0.03,1.02,1.4,0.7,1.8,10,2,33,60,0.8,-59.94820000000196,20.036260000000468,69.10000000000515,NORMAL,POWER_SAVING,LOW,LOW
2026-09-06T20:36:10,-1.2,84.0,10.0,2.0,60.0,12.2
2026-09-06T15:06:13.040Z,POLAR-001,2026-09-06T15:06:13.040Z,NORMAL,-1.2,-6.4,84,1018.2,0.05,-0.03,1.02,1.4,0.7,1.8,10,2,33,60,0.8,-59.94800000000197,20.03640000000047,69.00000000000517,NORMAL,POWER_SAVING,LOW,LOW
2026-09-06T20:36:15,-1.2,84.0,10.0,2.0,60.0,12.2
2026-09-06T15:06:17.943Z,POLAR-001,2026-09-06T15:06:17.943Z,NORMAL,-1.2,-6.4,84,1018.2,0.05,-0.03,1.02,1.4,0.7,1.8,10,2,33,60,0.8,-59.947800000001976,20.03654000000047,68.90000000000519,NORMAL,POWER_SAVING,LOW,LOW
2026-09-06T20:36:20,-1.2,84.0,10.0,2.0,60.0,12.2
2026-09-06T15:06:23.040Z,POLAR-001,2026-09-06T15:06:23.040Z,NORMAL,-1.2,-6.4,84,1018.2,0.05,-0.03,1.02,1.4,0.7,1.8,10,2,33,60,0.8,-59.947600000001984,20.036680000000473,68.80000000000521,NORMAL,POWER_SAVING,LOW,LOW
2026-09-06T20:36:25,-1.2,84.0,10.0,2.0,60.0,12.2
2026-09-06T15:06:27.988Z,POLAR-001,2026-09-06T15:06:27.988Z,NORMAL,-1.2,-6.4,84,1018.2,0.05,-0.03,1.02,1.4,0.7,1.8,10,2,33,60,0.8,-59.94740000000199,20.036820000000475,68.70000000000523,NORMAL,POWER_SAVING,LOW,LOW
2026-09-06T20:36:30,-1.2,84.0,10.0,2.0,60.0,12.2
2026-09-06T15:06:32.974Z,POLAR-001,2026-09-06T15:06:32.974Z,NORMAL,-1.2,-6.4,84,1018.2,0.05,-0.03,1.02,1.4,0.7,1.8,10,2,33,60,0.8,-59.947240000002,20.036932000000476,68.62000000000525,NORMAL,POWER_SAVING,LOW,LOW
2026-09-06T20:36:36,-1.2,84.0,10.0,2.0,60.0,12.2
2026-09-06T15:06:38.043Z,POLAR-001,2026-09-06T15:06:38.043Z,NORMAL,-1.2,-6.4,84,1018.2,0.05,-0.03,1.02,1.4,0.7,1.8,10,2,33,60,0.8,-59.94700000000201,20.03710000000048,68.50000000000527,NORMAL,POWER_SAVING,LOW,LOW
2026-09-06T20:36:41,-1.2,84.0,10.0,2.0,60.0,12.2
2026-09-06T15:06:43.063Z,POLAR-001,2026-09-06T15:06:43.063Z,NORMAL,-1.2,-6.4,84,1018.2,0.05,-0.03,1.02,1.4,0.7,1.8,10,2,33,60,0.8,-59.946800000002014,20.03724000000048,68.40000000000529,NORMAL,POWER_SAVING,LOW,LOW
2026-09-06T20:36:45,-1.2,84.0,10.0,2.0,60.0,12.2
2026-09-06T15:06:48.019Z,POLAR-001,2026-09-06T15:06:48.019Z,NORMAL,-1.2,-6.4,84,1018.2,0.05,-0.03,1.02,1.4,0.7,1.8,10,2,33,60,0.8,-59.94664000000202,20.03735200000048,68.32000000000531,NORMAL,POWER_SAVING,LOW,LOW
2026-09-06T20:37:21,25.0,50.0,10.0,2.0,60.0,
2026-09-06T15:07:23.334Z,POLAR-001,2026-09-06T15:07:23.334Z,NORMAL,25,25,50,1013.25,0,0,1,0,0,0,10,2,33,60,0.8,-59.945200000002075,20.038360000000495,67.60000000000545,NORMAL,POWER_SAVING,LOW,LOW
2026-09-06T20:39:15,65.23,50.01,10.0,2.0,60.0,
2026-09-06T15:09:18.025Z,POLAR-001,2026-09-06T15:09:18.025Z,NORMAL,65.23,-15.99,50.01,1013.25,0,0,1,0,0,0,10,2,33,60,0.8,-59.94064000000225,20.041552000000536,65.3200000000059,NORMAL,POWER_SAVING,LOW,LOW
2026-09-06T20:40:59,0.86,50.01,10.0,2.0,60.0,
2026-09-06T15:11:01.249Z,POLAR-001,2026-09-06T15:11:01.249Z,NORMAL,0.86,-15.99,50.01,1013.25,0,0,1,0,0,0,10,2,33,60,0.8,-59.9365600000024,20.044408000000573,63.280000000006055,NORMAL,POWER_SAVING,LOW,LOW
2026-09-06T20:50:14,0.86,50.01,10.0,2.0,60.0,
2026-09-06T15:20:16.183Z,POLAR-001,2026-09-06T15:20:16.183Z,NORMAL,0.86,-15.99,50.01,1013.25,0,0,1,0,0,0,10,2,33,60,0.8,-59.990360000000365,20.006748000000087,90.18000000000096,NORMAL,POWER_SAVING,LOW,LOW
2026-09-06T20:50:44,0.86,50.01,10.0,2.0,60.0,
2026-09-06T15:20:46.193Z,POLAR-001,2026-09-06T15:20:46.193Z,NORMAL,0.86,-15.99,50.01,1013.25,0,0,1,0,0,0,10,2,33,60,0.8,-59.98916000000041,20.007588000000098,89.58000000000108,NORMAL,POWER_SAVING,LOW,LOW
2026-09-06T20:57:14,59.84,50.0,10.0,2.0,60.0,
2026-09-06T15:27:16.062Z,POLAR-001,2026-09-06T15:27:16.062Z,NORMAL,59.84,25,50,1013.25,0,0,1,0,0,0,10,2,33,60,0.8,-59.973680000000996,20.018424000000238,81.84000000000262,NORMAL,POWER_SAVING,LOW,LOW
2026-09-06T21:02:50,0.0,50.0,10.0,2.0,60.0,
2026-09-06T15:32:52.094Z,POLAR-001,2026-09-06T15:32:52.094Z,NORMAL,0,25,50,1013.25,0,0,1,0,0,0,10,2,33,60,0.8,-59.9603200000015,20.027776000000358,75.16000000000395,NORMAL,POWER_SAVING,LOW,LOW
2026-09-06T21:07:55,28.62,50.0,10.0,2.0,60.0,
2026-09-06T15:37:57.464Z,POLAR-001,2026-09-06T15:37:57.464Z,NORMAL,28.62,25,50,1013.25,0,0,1,0,0,0,10,2,33,60,0.8,-59.94820000000196,20.036260000000468,69.10000000000515,NORMAL,POWER_SAVING,LOW,LOW
2026-09-06T21:08:06,28.62,50.0,10.0,2.0,60.0,
2026-09-06T15:38:08.353Z,POLAR-001,2026-09-06T15:38:08.353Z,NORMAL,28.62,25,50,1013.25,0,0,1,0,0,0,10,2,33,60,0.8,-59.94776000000198,20.03656800000047,68.8800000000052,NORMAL,POWER_SAVING,LOW,LOW
2026-09-06T21:08:34,28.62,50.0,10.0,2.0,60.0,
2026-09-06T15:38:36.590Z,POLAR-001,2026-09-06T15:38:36.590Z,NORMAL,28.62,25,50,1013.25,0,0,1,0,0,0,10,2,33,60,0.8,-59.94664000000202,20.03735200000048,68.32000000000531,NORMAL,POWER_SAVING,LOW,LOW
2026-09-06T21:08:44,14.55,50.0,10.0,2.0,60.0,
2026-09-06T15:38:46.457Z,POLAR-001,2026-09-06T15:38:46.457Z,NORMAL,14.55,25,50,1013.25,0,0,1,0,0,0,10,2,33,60,0.8,-59.946240000002035,20.037632000000485,68.12000000000535,NORMAL,POWER_SAVING,LOW,LOW
2026-09-06T21:08:49,14.55,50.0,10.5,2.25,60.0,
2026-09-06T15:38:51.519Z,POLAR-001,2026-09-06T15:38:51.519Z,NORMAL,14.55,25,50,1013.25,0,0,1,0,0,0,10,2,33,60,0.8,-59.94604000000204,20.037772000000487,68.02000000000537,NORMAL,POWER_SAVING,LOW,LOW
2026-09-06T21:08:54,14.55,50.0,11.0,2.5,60.0,
2026-09-06T15:38:56.650Z,POLAR-001,2026-09-06T15:38:56.650Z,NORMAL,14.55,25,50,1013.25,0,0,1,0,0,0,10,2,33,60,0.8,-59.94584000000205,20.03791200000049,67.92000000000539,NORMAL,POWER_SAVING,LOW,LOW
2026-09-06T21:08:59,14.55,50.0,11.5,2.75,60.0,
2026-09-06T15:39:01.645Z,POLAR-001,2026-09-06T15:39:01.645Z,NORMAL,14.55,25,50,1013.25,0,0,1,0,0,0,10,2,33,60,0.8,-59.94564000000206,20.03805200000049,67.82000000000541,NORMAL,POWER_SAVING,LOW,LOW
2026-09-06T21:09:04,14.55,50.0,12.0,3.0,60.0,
2026-09-06T15:39:06.683Z,POLAR-001,2026-09-06T15:39:06.683Z,NORMAL,14.55,25,50,1013.25,0,0,1,0,0,0,10,2,33,60,0.8,-59.945440000002066,20.038192000000492,67.72000000000543,NORMAL,POWER_SAVING,LOW,LOW
2026-09-06T21:27:44,14.55,50.01,10.0,2.0,60.0,
2026-09-06T15:57:47.018Z,POLAR-001,2026-09-06T15:57:47.018Z,NORMAL,14.55,55.5,50.01,1013.25,0,0,1,0,0,0,10,2,33,60,0.8,-59.90680000000353,20.06524000000084,48.40000000000373,NORMAL,POWER_SAVING,LOW,LOW
2026-09-06T21:28:08,14.55,29.01,10.0,2.0,60.0,
2026-09-06T15:58:10.747Z,POLAR-001,2026-09-06T15:58:10.747Z,NORMAL,14.55,14.5,29.01,1013.25,0,0,1,0,0,0,10,2,33,60,0.8,-59.905840000003565,20.06591200000085,47.920000000003654,NORMAL,POWER_SAVING,LOW,LOW
2026-09-06T21:28:25,14.55,29.0,10.0,2.0,60.0,
2026-09-06T15:58:27.913Z,POLAR-001,2026-09-06T15:58:27.913Z,NORMAL,14.55,5,29,910.75,0,0,1,0,0,0,10,2,33,60,0.8,-59.90516000000359,20.066388000000856,47.5800000000036,NORMAL,POWER_SAVING,LOW,LOW
2026-09-06T21:28:54,14.55,29.0,10.0,2.0,60.0,
2026-09-06T15:58:56.393Z,POLAR-001,2026-09-06T15:58:56.392Z,NORMAL,14.55,5,29,910.75,0.96,-1.15,-0.09,140,-102,0,10,2,33,60,0.8,-59.90404000000363,20.067172000000866,47.02000000000351,NORMAL,POWER_SAVING,LOW,LOW
2026-09-06T21:29:38,14.55,29.0,10.0,2.0,60.0,
2026-09-06T15:59:40.682Z,POLAR-001,2026-09-06T15:59:40.682Z,STORM,14.55,5,29,910.75,0.96,-1.15,-0.09,140,-102,53,18,6,33,60,1.6,-59.90190000000367,20.06867000000088,45.16000000000345,HIGH_FREQUENCY,HIGH_LOAD,HIGH,HIGH
2026-09-06T21:30:04,14.55,29.0,10.0,2.0,60.0,
2026-09-06T16:00:06.454Z,POLAR-001,2026-09-06T16:00:06.454Z,STORM,14.55,5,29,910.75,0.96,-1.15,-0.09,140,-102,53,27,9,33,60,1.6,-59.89990000000375,20.070070000000896,43.16000000000349,HIGH_FREQUENCY,HIGH_LOAD,HIGH,HIGH
2026-09-06T22:06:53,2.66,29.01,10.0,2.0,60.0,
2026-09-06T16:36:56.094Z,POLAR-001,2026-09-06T16:36:55.927Z,NORMAL,2.66,26.5,29.01,910.75,0.96,-1.15,-0.09,140,-102,53,10,2,33,60,0.8,-59.99492000000019,20.003556000000046,92.4600000000005,NORMAL,POWER_SAVING,LOW,LOW,ANOMALY,true,-0.175835,0.676
2026-09-06T22:07:14,2.66,29.01,10.0,2.0,60.0,
2026-09-06T16:37:16.421Z,POLAR-001,2026-09-06T16:37:16.386Z,NORMAL,2.66,26.5,29.01,910.75,0.96,-1.15,-0.09,140,-102,53,10,2,33,60,0.8,-59.994080000000224,20.004144000000053,92.04000000000059,NORMAL,POWER_SAVING,LOW,LOW,ANOMALY,true,-0.175835,0.676
2026-09-06T22:17:07,-15.91,29.01,10.5,2.25,60.0,
2026-09-06T16:47:09.852Z,POLAR-001,2026-09-06T16:47:09.754Z,NORMAL,-15.91,26.5,29.01,910.75,0.96,-1.15,-0.09,140,-102,53,10,2,33,60,0.8,-59.990920000000344,20.006356000000082,90.4600000000009,NORMAL,POWER_SAVING,LOW,LOW,ANOMALY,true,-0.16899,0.669
2026-09-06T22:17:17,-15.91,29.01,11.0,2.5,60.0,
2026-09-06T16:47:19.683Z,POLAR-001,2026-09-06T16:47:19.636Z,NORMAL,-15.91,26.5,29.01,910.75,0.96,-1.15,-0.09,140,-102,53,10,2,33,60,0.8,-59.99052000000036,20.006636000000086,90.26000000000094,NORMAL,POWER_SAVING,LOW,LOW,ANOMALY,true,-0.16899,0.669
2026-09-06T22:17:25,-15.91,29.01,11.5,2.75,60.0,
2026-09-06T16:47:27.702Z,POLAR-001,2026-09-06T16:47:27.658Z,NORMAL,-15.91,-18.49,29.01,910.75,0.96,-1.15,-0.09,140,-102,53,10,2,33,60,0.8,-59.99024000000037,20.006832000000088,90.12000000000097,NORMAL,POWER_SAVING,LOW,LOW,ANOMALY,true,-0.168932,0.669
2026-09-06T22:17:53,-15.91,29.01,12.0,3.0,60.0,
2026-09-06T16:47:55.864Z,POLAR-001,2026-09-06T16:47:55.830Z,NORMAL,-15.91,-18.49,29.01,910.75,0.96,-1.15,-0.09,140,-102,53,10,2,33,60,0.8,-59.98912000000041,20.007616000000098,89.56000000000108,NORMAL,POWER_SAVING,LOW,LOW,ANOMALY,true,-0.168932,0.669
2026-09-06T22:18:18,-15.91,29.01,12.5,3.25,60.0,
2026-09-06T16:48:20.999Z,POLAR-001,2026-09-06T16:48:20.978Z,NORMAL,-15.91,-18.49,29.01,910.75,0.96,-1.15,-0.09,140,-102,53,10,2,33,60,0.8,-59.98812000000045,20.008316000000107,89.06000000000118,NORMAL,POWER_SAVING,LOW,LOW,ANOMALY,true,-0.168932,0.669
2026-09-06T22:25:22,-15.91,29.01,10.0,2.0,60.0,
2026-09-06T16:55:25.076Z,POLAR-001,2026-09-06T16:55:25.031Z,NORMAL,-15.91,-18.49,29.01,910.75,0.96,-1.15,-0.09,140,-102,53,10,2,33,60,0.8,-59.999080000000035,20.00064400000001,94.54000000000009,NORMAL,POWER_SAVING,LOW,LOW,ANOMALY,true,-0.168932,0.669
2026-09-06T22:31:52,47.53,29.0,10.0,2.0,60.0,
2026-09-06T17:01:54.771Z,POLAR-001,2026-09-06T17:01:54.700Z,NORMAL,47.53,-3.49,29,910.75,0.96,-1.15,-0.09,140,-102,53,10,2,33,60,0.8,-59.99708000000011,20.002044000000026,93.54000000000029,NORMAL,POWER_SAVING,LOW,LOW,ANOMALY,true,-0.174844,0.675
2026-09-06T22:32:05,47.53,29.0,10.0,2.0,60.0,
2026-09-06T17:02:07.309Z,POLAR-001,2026-09-06T17:02:07.270Z,NORMAL,47.53,-3.49,29,910.75,0.96,-1.15,-0.09,140,-102,53,10,2,33,60,0.8,-59.99656000000013,20.00240800000003,93.28000000000034,NORMAL,POWER_SAVING,LOW,LOW,ANOMALY,true,-0.174844,0.675
2026-09-06T22:32:32,47.53,29.0,10.0,2.0,60.0,
2026-09-06T17:02:34.250Z,POLAR-001,2026-09-06T17:02:34.206Z,NORMAL,47.53,-3.49,29,910.75,0.96,-1.15,-0.09,140,-102,53,10,2,33,60,0.8,-59.99552000000017,20.00313600000004,92.76000000000045,NORMAL,POWER_SAVING,LOW,LOW,ANOMALY,true,-0.174844,0.675
2026-09-06T22:33:24,15.61,29.0,10.0,2.0,60.0,
2026-09-06T17:03:26.718Z,POLAR-001,2026-09-06T17:03:26.679Z,NORMAL,15.61,-3.49,29,910.75,0.96,-1.15,-0.09,140,-102,53,10,2,33,60,0.8,-59.99344000000025,20.00459200000006,91.72000000000065,NORMAL,POWER_SAVING,LOW,LOW,ANOMALY,true,-0.174844,0.675
2026-09-06T23:50:05,15.61,29.0,10.0,2.0,60.0,
2026-09-06T18:20:07.812Z,POLAR-001,2026-09-06T18:20:07.789Z,NORMAL,15.61,-3.49,29,910.75,0.96,-1.15,-0.09,140,-102,53,10,2,33,60,0.8,-59.979240000000786,20.014532000000187,84.62000000000207,NORMAL,POWER_SAVING,LOW,LOW,ANOMALY,true,-0.174844,0.675
2026-09-06T18:57:29.676Z,POLAR-001,2026-09-06T18:57:29.649Z,NORMAL,,-3.49,29,910.75,0.96,-1.15,-0.09,140,-102,53,10,2,33,60,0.8,-59.98760000000047,20.008680000000112,88.80000000000123,NORMAL,POWER_SAVING,LOW,LOW,UNAVAILABLE,false,,
2026-09-06T18:58:13.532Z,POLAR-001,2026-09-06T18:58:13.527Z,NORMAL,,-3.49,29,910.75,0.96,-1.15,-0.09,140,-102,53,10,2,33,60,0.8,-59.985880000000535,20.009884000000127,87.9400000000014,NORMAL,POWER_SAVING,LOW,LOW,UNAVAILABLE,false,,
2026-09-06T18:59:14.153Z,POLAR-001,2026-09-06T18:59:14.149Z,NORMAL,,-3.49,29,910.75,0.96,-1.15,-0.09,140,-102,53,10,2,33,60,0.8,-59.983480000000625,20.01156400000015,86.74000000000164,NORMAL,POWER_SAVING,LOW,LOW,UNAVAILABLE,false,,
2026-09-06T18:59:24.211Z,POLAR-001,2026-09-06T18:59:24.205Z,NORMAL,,-3.49,29,910.75,0.96,-1.15,-0.09,140,-102,53,10,2,33,60,0.8,-59.98308000000064,20.011844000000153,86.54000000000168,NORMAL,POWER_SAVING,LOW,LOW,UNAVAILABLE,false,,
2026-09-06T18:59:50.832Z,POLAR-001,2026-09-06T18:59:50.830Z,NORMAL,,-3.49,29,910.75,0.96,-1.15,-0.09,140,-102,53,10,2,33,60,0.8,-59.98200000000068,20.012600000000162,86.00000000000179,NORMAL,POWER_SAVING,LOW,LOW,UNAVAILABLE,false,,
2026-09-06T19:00:02.857Z,POLAR-001,2026-09-06T19:00:02.854Z,NORMAL,,-3.49,29,910.75,0.96,-1.15,-0.09,140,-102,53,10,2,33,60,0.8,-59.9815200000007,20.012936000000167,85.76000000000184,NORMAL,POWER_SAVING,LOW,LOW,UNAVAILABLE,false,,
2026-09-06T19:00:12.765Z,POLAR-001,2026-09-06T19:00:12.763Z,NORMAL,,-3.49,29,910.75,0.96,-1.15,-0.09,140,-102,53,10,2,33,60,0.8,-59.981120000000715,20.01321600000017,85.56000000000188,NORMAL,POWER_SAVING,LOW,LOW,UNAVAILABLE,false,,
2026-09-06T19:00:22.838Z,POLAR-001,2026-09-06T19:00:22.832Z,NORMAL,,-3.49,29,910.75,0.96,-1.15,-0.09,140,-102,53,10,2,33,60,0.8,-59.98076000000073,20.013468000000174,85.38000000000191,NORMAL,POWER_SAVING,LOW,LOW,UNAVAILABLE,false,,
2026-09-07T00:46:08,15.61,34.0,10.0,2.0,60.0,
2026-09-06T19:16:08.742Z,POLAR-001,2026-09-06T19:16:08.695Z,NORMAL,15.61,17,34,671.5,0.96,-1.15,-0.09,140,-102,53,10,2,33,60,0.8,-59.996680000000126,20.00232400000003,93.34000000000033,NORMAL,POWER_SAVING,LOW,LOW,ANOMALY,true,-0.18013,0.68
2026-09-06T19:16:10.749Z,POLAR-001,2026-09-06T19:16:10.719Z,NORMAL,15.61,17,34,671.5,0.96,-1.15,-0.09,140,-102,53,10,2,33,60,0.8,-59.99660000000013,20.00238000000003,93.30000000000034,NORMAL,POWER_SAVING,LOW,LOW,ANOMALY,true,-0.18013,0.68
2026-09-07T00:46:18,15.61,34.0,10.0,2.0,60.0,
2026-09-06T19:16:18.660Z,POLAR-001,2026-09-06T19:16:18.636Z,NORMAL,15.61,17,34,671.5,0.96,-1.15,-0.09,140,-102,53,10,2,33,60,0.8,-59.99632000000014,20.002576000000033,93.16000000000037,NORMAL,POWER_SAVING,LOW,LOW,ANOMALY,true,-0.18013,0.68
2026-09-06T19:16:20.763Z,POLAR-001,2026-09-06T19:16:20.729Z,NORMAL,15.61,17,34,671.5,0.96,-1.15,-0.09,140,-102,53,10,2,33,60,0.8,-59.996200000000144,20.002660000000034,93.10000000000038,NORMAL,POWER_SAVING,LOW,LOW,ANOMALY,true,-0.18013,0.68
2026-09-07T00:50:46,-1.2,84.0,10.0,2.0,60.0,12.2
2026-09-06T19:20:46.624Z,POLAR-001,2026-09-06T19:20:46.596Z,NORMAL,-1.2,-6.4,84,1018.2,0.05,-0.03,1.02,1.4,0.7,1.8,10,2,33,60,0.8,-59.997240000000104,20.001932000000025,93.62000000000027,NORMAL,POWER_SAVING,LOW,LOW,NORMAL,false,0.095379,0.405
2026-09-06T19:20:48.636Z,POLAR-001,2026-09-06T19:20:48.616Z,NORMAL,-1.2,-6.4,84,1018.2,0.05,-0.03,1.02,1.4,0.7,1.8,10,2,33,60,0.8,-59.99716000000011,20.001988000000026,93.58000000000028,NORMAL,POWER_SAVING,LOW,LOW,NORMAL,false,0.095379,0.405
2026-09-07T00:50:51,-1.2,84.0,10.0,2.0,60.0,12.2
2026-09-06T19:20:51.397Z,POLAR-001,2026-09-06T19:20:51.378Z,NORMAL,-1.2,-6.4,84,1018.2,0.05,-0.03,1.02,1.4,0.7,1.8,10,2,33,60,0.8,-59.99704000000011,20.002072000000027,93.5200000000003,NORMAL,POWER_SAVING,LOW,LOW,NORMAL,false,0.095379,0.405
2026-09-06T19:20:53.457Z,POLAR-001,2026-09-06T19:20:53.437Z,NORMAL,-1.2,-6.4,84,1018.2,0.05,-0.03,1.02,1.4,0.7,1.8,10,2,33,60,0.8,-59.996960000000115,20.002128000000027,93.4800000000003,NORMAL,POWER_SAVING,LOW,LOW,NORMAL,false,0.095379,0.405
2026-09-07T00:50:56,-1.2,84.0,10.0,2.0,60.0,12.2
2026-09-06T19:20:56.374Z,POLAR-001,2026-09-06T19:20:56.354Z,NORMAL,-1.2,-6.4,84,1018.2,0.05,-0.03,1.02,1.4,0.7,1.8,10,2,33,60,0.8,-59.99684000000012,20.00221200000003,93.42000000000031,NORMAL,POWER_SAVING,LOW,LOW,NORMAL,false,0.095379,0.405
2026-09-06T19:20:58.453Z,POLAR-001,2026-09-06T19:20:58.435Z,NORMAL,-1.2,-6.4,84,1018.2,0.05,-0.03,1.02,1.4,0.7,1.8,10,2,33,60,0.8,-59.99676000000012,20.00226800000003,93.38000000000032,NORMAL,POWER_SAVING,LOW,LOW,NORMAL,false,0.095379,0.405
2026-09-07T00:51:01,-1.2,84.0,10.0,2.0,60.0,12.2
2026-09-06T19:21:01.384Z,POLAR-001,2026-09-06T19:21:01.356Z,NORMAL,-1.2,-6.4,84,1018.2,0.05,-0.03,1.02,1.4,0.7,1.8,10,2,33,60,0.8,-59.99664000000013,20.00235200000003,93.32000000000033,NORMAL,POWER_SAVING,LOW,LOW,NORMAL,false,0.095379,0.405
2026-09-06T19:21:03.454Z,POLAR-001,2026-09-06T19:21:03.427Z,NORMAL,-1.2,-6.4,84,1018.2,0.05,-0.03,1.02,1.4,0.7,1.8,10,2,33,60,0.8,-59.99656000000013,20.00240800000003,93.28000000000034,NORMAL,POWER_SAVING,LOW,LOW,NORMAL,false,0.095379,0.405
2026-09-07T00:51:06,-1.2,84.0,10.0,2.0,60.0,12.2
2026-09-06T19:21:06.382Z,POLAR-001,2026-09-06T19:21:06.359Z,NORMAL,-1.2,-6.4,84,1018.2,0.05,-0.03,1.02,1.4,0.7,1.8,10,2,33,60,0.8,-59.996440000000135,20.002492000000032,93.22000000000035,NORMAL,POWER_SAVING,LOW,LOW,NORMAL,false,0.095379,0.405
2026-09-06T19:21:08.426Z,POLAR-001,2026-09-06T19:21:08.409Z,NORMAL,-1.2,-6.4,84,1018.2,0.05,-0.03,1.02,1.4,0.7,1.8,10,2,33,60,0.8,-59.99636000000014,20.002548000000033,93.18000000000036,NORMAL,POWER_SAVING,LOW,LOW,NORMAL,false,0.095379,0.405
2026-09-07T00:51:11,-1.2,84.0,10.0,2.0,60.0,12.2
2026-09-06T19:21:11.403Z,POLAR-001,2026-09-06T19:21:11.384Z,NORMAL,-1.2,-6.4,84,1018.2,0.05,-0.03,1.02,1.4,0.7,1.8,10,2,33,60,0.8,-59.99624000000014,20.002632000000034,93.12000000000037,NORMAL,POWER_SAVING,LOW,LOW,NORMAL,false,0.095379,0.405
2026-09-06T19:21:13.463Z,POLAR-001,2026-09-06T19:21:13.444Z,NORMAL,-1.2,-6.4,84,1018.2,0.05,-0.03,1.02,1.4,0.7,1.8,10,2,33,60,0.8,-59.996160000000145,20.002688000000035,93.08000000000038,NORMAL,POWER_SAVING,LOW,LOW,NORMAL,false,0.095379,0.405
2026-09-07T00:51:16,-1.2,84.0,10.0,2.0,60.0,12.2
2026-09-06T19:21:16.380Z,POLAR-001,2026-09-06T19:21:16.360Z,NORMAL,-1.2,-6.4,84,1018.2,0.05,-0.03,1.02,1.4,0.7,1.8,10,2,33,60,0.8,-59.99604000000015,20.002772000000036,93.0200000000004,NORMAL,POWER_SAVING,LOW,LOW,NORMAL,false,0.095379,0.405
2026-09-06T19:21:18.444Z,POLAR-001,2026-09-06T19:21:18.427Z,NORMAL,-1.2,-6.4,84,1018.2,0.05,-0.03,1.02,1.4,0.7,1.8,10,2,33,60,0.8,-59.99596000000015,20.002828000000036,92.9800000000004,NORMAL,POWER_SAVING,LOW,LOW,NORMAL,false,0.095379,0.405
2026-09-07T00:51:21,-1.2,84.0,10.0,2.0,60.0,12.2
2026-09-06T19:21:21.379Z,POLAR-001,2026-09-06T19:21:21.363Z,NORMAL,-1.2,-6.4,84,1018.2,0.05,-0.03,1.02,1.4,0.7,1.8,10,2,33,60,0.8,-59.99584000000016,20.002912000000038,92.92000000000041,NORMAL,POWER_SAVING,LOW,LOW,NORMAL,false,0.095379,0.405
2026-09-06T19:21:23.459Z,POLAR-001,2026-09-06T19:21:23.440Z,NORMAL,-1.2,-6.4,84,1018.2,0.05,-0.03,1.02,1.4,0.7,1.8,10,2,33,60,0.8,-59.99576000000016,20.00296800000004,92.88000000000042,NORMAL,POWER_SAVING,LOW,LOW,NORMAL,false,0.095379,0.405
2026-09-07T00:51:26,-1.2,84.0,10.0,2.0,60.0,12.2
2026-09-06T19:21:26.382Z,POLAR-001,2026-09-06T19:21:26.364Z,NORMAL,-1.2,-6.4,84,1018.2,0.05,-0.03,1.02,1.4,0.7,1.8,10,2,33,60,0.8,-59.995640000000165,20.00305200000004,92.82000000000043,NORMAL,POWER_SAVING,LOW,LOW,NORMAL,false,0.095379,0.405
2026-09-06T19:21:28.471Z,POLAR-001,2026-09-06T19:21:28.433Z,NORMAL,-1.2,-6.4,84,1018.2,0.05,-0.03,1.02,1.4,0.7,1.8,10,2,33,60,0.8,-59.99556000000017,20.00310800000004,92.78000000000044,NORMAL,POWER_SAVING,LOW,LOW,NORMAL,false,0.095379,0.405
2026-09-07T00:51:31,-1.2,84.0,10.0,2.0,60.0,12.2
2026-09-06T19:21:31.501Z,POLAR-001,2026-09-06T19:21:31.462Z,NORMAL,-1.2,-6.4,84,1018.2,0.05,-0.03,1.02,1.4,0.7,1.8,10,2,33,60,0.8,-59.99544000000017,20.00319200000004,92.72000000000045,NORMAL,POWER_SAVING,LOW,LOW,NORMAL,false,0.095379,0.405
2026-09-06T19:21:33.538Z,POLAR-001,2026-09-06T19:21:33.519Z,NORMAL,-1.2,-6.4,84,1018.2,0.05,-0.03,1.02,1.4,0.7,1.8,10,2,33,60,0.8,-59.995360000000176,20.003248000000042,92.68000000000046,NORMAL,POWER_SAVING,LOW,LOW,NORMAL,false,0.095379,0.405
2026-09-07T00:51:36,-1.2,84.0,10.0,2.0,60.0,12.2
2026-09-06T19:21:36.392Z,POLAR-001,2026-09-06T19:21:36.366Z,NORMAL,-1.2,-6.4,84,1018.2,0.05,-0.03,1.02,1.4,0.7,1.8,10,2,33,60,0.8,-59.99524000000018,20.003332000000043,92.62000000000047,NORMAL,POWER_SAVING,LOW,LOW,NORMAL,false,0.095379,0.405
2026-09-06T19:21:38.442Z,POLAR-001,2026-09-06T19:21:38.408Z,NORMAL,-1.2,-6.4,84,1018.2,0.05,-0.03,1.02,1.4,0.7,1.8,10,2,33,60,0.8,-59.99516000000018,20.003388000000044,92.58000000000048,NORMAL,POWER_SAVING,LOW,LOW,NORMAL,false,0.095379,0.405
2026-09-07T00:51:41,-1.2,84.0,10.0,2.0,60.0,12.2
2026-09-06T19:21:41.389Z,POLAR-001,2026-09-06T19:21:41.363Z,NORMAL,-1.2,-6.4,84,1018.2,0.05,-0.03,1.02,1.4,0.7,1.8,10,2,33,60,0.8,-59.99504000000019,20.003472000000045,92.5200000000005,NORMAL,POWER_SAVING,LOW,LOW,NORMAL,false,0.095379,0.405
2026-09-06T19:21:43.453Z,POLAR-001,2026-09-06T19:21:43.421Z,NORMAL,-1.2,-6.4,84,1018.2,0.05,-0.03,1.02,1.4,0.7,1.8,10,2,33,60,0.8,-59.99496000000019,20.003528000000045,92.4800000000005,NORMAL,POWER_SAVING,LOW,LOW,NORMAL,false,0.095379,0.405
2026-09-07T00:51:46,-1.2,84.0,10.0,2.0,60.0,12.2
2026-09-06T19:21:46.406Z,POLAR-001,2026-09-06T19:21:46.368Z,NORMAL,-1.2,-6.4,84,1018.2,0.05,-0.03,1.02,1.4,0.7,1.8,10,2,33,60,0.8,-59.994840000000195,20.003612000000047,92.42000000000051,NORMAL,POWER_SAVING,LOW,LOW,NORMAL,false,0.095379,0.405
2026-09-06T19:21:48.421Z,POLAR-001,2026-09-06T19:21:48.399Z,NORMAL,-1.2,-6.4,84,1018.2,0.05,-0.03,1.02,1.4,0.7,1.8,10,2,33,60,0.8,-59.9947600000002,20.003668000000047,92.38000000000052,NORMAL,POWER_SAVING,LOW,LOW,NORMAL,false,0.095379,0.405
2026-09-07T00:51:51,-1.2,84.0,10.0,2.0,60.0,12.2
2026-09-06T19:21:51.400Z,POLAR-001,2026-09-06T19:21:51.367Z,NORMAL,-1.2,-6.4,84,1018.2,0.05,-0.03,1.02,1.4,0.7,1.8,10,2,33,60,0.8,-59.9946400000002,20.00375200000005,92.32000000000053,NORMAL,POWER_SAVING,LOW,LOW,NORMAL,false,0.095379,0.405
2026-09-06T19:21:53.422Z,POLAR-001,2026-09-06T19:21:53.400Z,NORMAL,-1.2,-6.4,84,1018.2,0.05,-0.03,1.02,1.4,0.7,1.8,10,2,33,60,0.8,-59.994560000000206,20.00380800000005,92.28000000000054,NORMAL,POWER_SAVING,LOW,LOW,NORMAL,false,0.095379,0.405
2026-09-07T00:51:56,-1.2,84.0,10.0,2.0,60.0,12.2
2026-09-06T19:21:56.401Z,POLAR-001,2026-09-06T19:21:56.367Z,NORMAL,-1.2,-6.4,84,1018.2,0.05,-0.03,1.02,1.4,0.7,1.8,10,2,33,60,0.8,-59.99444000000021,20.00389200000005,92.22000000000055,NORMAL,POWER_SAVING,LOW,LOW,NORMAL,false,0.095379,0.405
2026-09-06T19:21:58.463Z,POLAR-001,2026-09-06T19:21:58.420Z,NORMAL,-1.2,-6.4,84,1018.2,0.05,-0.03,1.02,1.4,0.7,1.8,10,2,33,60,0.8,-59.99436000000021,20.00394800000005,92.18000000000056,NORMAL,POWER_SAVING,LOW,LOW,NORMAL,false,0.095379,0.405
2026-09-07T00:52:01,-1.2,84.0,10.0,2.0,60.0,12.2
2026-09-06T19:22:01.401Z,POLAR-001,2026-09-06T19:22:01.372Z,NORMAL,-1.2,-6.4,84,1018.2,0.05,-0.03,1.02,1.4,0.7,1.8,10,2,33,60,0.8,-59.99424000000022,20.004032000000052,92.12000000000057,NORMAL,POWER_SAVING,LOW,LOW,NORMAL,false,0.095379,0.405
2026-09-06T19:22:03.449Z,POLAR-001,2026-09-06T19:22:03.427Z,NORMAL,-1.2,-6.4,84,1018.2,0.05,-0.03,1.02,1.4,0.7,1.8,10,2,33,60,0.8,-59.99416000000022,20.004088000000053,92.08000000000058,NORMAL,POWER_SAVING,LOW,LOW,NORMAL,false,0.095379,0.405
2026-09-07T00:52:06,-1.2,84.0,10.0,2.0,60.0,12.2
2026-09-06T19:22:06.413Z,POLAR-001,2026-09-06T19:22:06.370Z,NORMAL,-1.2,-6.4,84,1018.2,0.05,-0.03,1.02,1.4,0.7,1.8,10,2,33,60,0.8,-59.994040000000226,20.004172000000054,92.02000000000059,NORMAL,POWER_SAVING,LOW,LOW,NORMAL,false,0.095379,0.405
2026-09-06T19:22:08.443Z,POLAR-001,2026-09-06T19:22:08.424Z,NORMAL,-1.2,-6.4,84,1018.2,0.05,-0.03,1.02,1.4,0.7,1.8,10,2,33,60,0.8,-59.99396000000023,20.004228000000055,91.9800000000006,NORMAL,POWER_SAVING,LOW,LOW,NORMAL,false,0.095379,0.405
2026-09-07T00:52:11,-1.2,84.0,10.0,2.0,60.0,12.2
2026-09-06T19:22:11.413Z,POLAR-001,2026-09-06T19:22:11.372Z,NORMAL,-1.2,-6.4,84,1018.2,0.05,-0.03,1.02,1.4,0.7,1.8,10,2,33,60,0.8,-59.99384000000023,20.004312000000056,91.92000000000061,NORMAL,POWER_SAVING,LOW,LOW,NORMAL,false,0.095379,0.405
2026-09-06T19:22:13.451Z,POLAR-001,2026-09-06T19:22:13.430Z,NORMAL,-1.2,-6.4,84,1018.2,0.05,-0.03,1.02,1.4,0.7,1.8,10,2,33,60,0.8,-59.993760000000236,20.004368000000056,91.88000000000062,NORMAL,POWER_SAVING,LOW,LOW,NORMAL,false,0.095379,0.405
2026-09-07T00:52:16,-1.2,84.0,10.0,2.0,60.0,12.2
2026-09-06T19:22:16.401Z,POLAR-001,2026-09-06T19:22:16.372Z,NORMAL,-1.2,-6.4,84,1018.2,0.05,-0.03,1.02,1.4,0.7,1.8,10,2,33,60,0.8,-59.99364000000024,20.004452000000057,91.82000000000063,NORMAL,POWER_SAVING,LOW,LOW,NORMAL,false,0.095379,0.405
2026-09-06T19:22:18.467Z,POLAR-001,2026-09-06T19:22:18.417Z,NORMAL,-1.2,-6.4,84,1018.2,0.05,-0.03,1.02,1.4,0.7,1.8,10,2,33,60,0.8,-59.993560000000244,20.004508000000058,91.78000000000064,NORMAL,POWER_SAVING,LOW,LOW,NORMAL,false,0.095379,0.405
2026-09-07T00:52:21,-1.2,84.0,10.0,2.0,60.0,12.2
2026-09-06T19:22:21.403Z,POLAR-001,2026-09-06T19:22:21.373Z,NORMAL,-1.2,-6.4,84,1018.2,0.05,-0.03,1.02,1.4,0.7,1.8,10,2,33,60,0.8,-59.99344000000025,20.00459200000006,91.72000000000065,NORMAL,POWER_SAVING,LOW,LOW,NORMAL,false,0.095379,0.405
2026-09-06T19:22:23.470Z,POLAR-001,2026-09-06T19:22:23.444Z,NORMAL,-1.2,-6.4,84,1018.2,0.05,-0.03,1.02,1.4,0.7,1.8,10,2,33,60,0.8,-59.99336000000025,20.00464800000006,91.68000000000066,NORMAL,POWER_SAVING,LOW,LOW,NORMAL,false,0.095379,0.405
2026-09-07T00:52:26,-1.2,84.0,10.0,2.0,60.0,12.2
2026-09-06T19:22:26.392Z,POLAR-001,2026-09-06T19:22:26.375Z,NORMAL,-1.2,-6.4,84,1018.2,0.05,-0.03,1.02,1.4,0.7,1.8,10,2,33,60,0.8,-59.993240000000256,20.00473200000006,91.62000000000067,NORMAL,POWER_SAVING,LOW,LOW,NORMAL,false,0.095379,0.405
2026-09-06T19:22:28.453Z,POLAR-001,2026-09-06T19:22:28.436Z,NORMAL,-1.2,-6.4,84,1018.2,0.05,-0.03,1.02,1.4,0.7,1.8,10,2,33,60,0.8,-59.99316000000026,20.00478800000006,91.58000000000068,NORMAL,POWER_SAVING,LOW,LOW,NORMAL,false,0.095379,0.405
2026-09-06T19:22:31.399Z,POLAR-001,2026-09-06T19:22:31.380Z,NORMAL,-1.2,-6.4,84,1018.2,0.05,-0.03,1.02,1.4,0.7,1.8,10,2,33,60,0.8,-59.99308000000026,20.004844000000062,91.54000000000069,NORMAL,POWER_SAVING,LOW,LOW,NORMAL,false,0.095379,0.405
2026-09-06T19:22:36.396Z,POLAR-001,2026-09-06T19:22:36.379Z,NORMAL,-1.2,-6.4,84,1018.2,0.05,-0.03,1.02,1.4,0.7,1.8,10,2,33,60,0.8,-59.99288000000027,20.004984000000064,91.44000000000071,NORMAL,POWER_SAVING,LOW,LOW,NORMAL,false,0.095379,0.405
2026-09-07T00:52:41,-1.2,84.0,10.0,2.0,60.0,12.2
2026-09-06T19:22:41.401Z,POLAR-001,2026-09-06T19:22:41.383Z,NORMAL,-1.2,-6.4,84,1018.2,0.05,-0.03,1.02,1.4,0.7,1.8,10,2,33,60,0.8,-59.99268000000028,20.005124000000066,91.34000000000073,NORMAL,POWER_SAVING,LOW,LOW,NORMAL,false,0.095379,0.405
2026-09-06T19:22:43.451Z,POLAR-001,2026-09-06T19:22:43.433Z,NORMAL,-1.2,-6.4,84,1018.2,0.05,-0.03,1.02,1.4,0.7,1.8,10,2,33,60,0.8,-59.99260000000028,20.005180000000067,91.30000000000074,NORMAL,POWER_SAVING,LOW,LOW,NORMAL,false,0.095379,0.405
2026-09-07T00:52:46,-1.2,84.0,10.0,2.0,60.0,12.2
2026-09-06T19:22:46.430Z,POLAR-001,2026-09-06T19:22:46.408Z,NORMAL,-1.2,-6.4,84,1018.2,0.05,-0.03,1.02,1.4,0.7,1.8,10,2,33,60,0.8,-59.992480000000285,20.005264000000068,91.24000000000075,NORMAL,POWER_SAVING,LOW,LOW,NORMAL,false,0.095379,0.405
2026-09-06T19:22:48.481Z,POLAR-001,2026-09-06T19:22:48.458Z,NORMAL,-1.2,-6.4,84,1018.2,0.05,-0.03,1.02,1.4,0.7,1.8,10,2,33,60,0.8,-59.99240000000029,20.00532000000007,91.20000000000076,NORMAL,POWER_SAVING,LOW,LOW,NORMAL,false,0.095379,0.405
2026-09-07T00:52:51,-1.2,84.0,10.0,2.0,60.0,12.2
2026-09-06T19:22:51.419Z,POLAR-001,2026-09-06T19:22:51.385Z,NORMAL,-1.2,-6.4,84,1018.2,0.05,-0.03,1.02,1.4,0.7,1.8,10,2,33,60,0.8,-59.99228000000029,20.00540400000007,91.14000000000077,NORMAL,POWER_SAVING,LOW,LOW,NORMAL,false,0.095379,0.405
2026-09-06T19:22:53.439Z,POLAR-001,2026-09-06T19:22:53.414Z,NORMAL,-1.2,-6.4,84,1018.2,0.05,-0.03,1.02,1.4,0.7,1.8,10,2,33,60,0.8,-59.992200000000295,20.00546000000007,91.10000000000078,NORMAL,POWER_SAVING,LOW,LOW,NORMAL,false,0.095379,0.405
2026-09-07T00:52:56,-1.2,84.0,10.0,2.0,60.0,12.2
2026-09-06T19:22:56.406Z,POLAR-001,2026-09-06T19:22:56.388Z,NORMAL,-1.2,-6.4,84,1018.2,0.05,-0.03,1.02,1.4,0.7,1.8,10,2,33,60,0.8,-59.9920800000003,20.00554400000007,91.04000000000079,NORMAL,POWER_SAVING,LOW,LOW,NORMAL,false,0.095379,0.405
2026-09-06T19:22:58.431Z,POLAR-001,2026-09-06T19:22:58.413Z,NORMAL,-1.2,-6.4,84,1018.2,0.05,-0.03,1.02,1.4,0.7,1.8,10,2,33,60,0.8,-59.9920000000003,20.005600000000072,91.0000000000008,NORMAL,POWER_SAVING,LOW,LOW,NORMAL,false,0.095379,0.405
2026-09-07T00:53:01,-1.2,84.0,10.0,2.0,60.0,12.2
2026-09-06T19:23:01.406Z,POLAR-001,2026-09-06T19:23:01.388Z,NORMAL,-1.2,-6.4,84,1018.2,0.05,-0.03,1.02,1.4,0.7,1.8,10,2,33,60,0.8,-59.99188000000031,20.005684000000073,90.94000000000081,NORMAL,POWER_SAVING,LOW,LOW,NORMAL,false,0.095379,0.405
2026-09-06T19:23:03.471Z,POLAR-001,2026-09-06T19:23:03.433Z,NORMAL,-1.2,-6.4,84,1018.2,0.05,-0.03,1.02,1.4,0.7,1.8,10,2,33,60,0.8,-59.99180000000031,20.005740000000074,90.90000000000082,NORMAL,POWER_SAVING,LOW,LOW,NORMAL,false,0.095379,0.405
2026-09-07T00:53:06,-1.2,84.0,10.0,2.0,60.0,12.2
2026-09-06T19:23:06.518Z,POLAR-001,2026-09-06T19:23:06.483Z,NORMAL,-1.2,-6.4,84,1018.2,0.05,-0.03,1.02,1.4,0.7,1.8,10,2,33,60,0.8,-59.991680000000315,20.005824000000075,90.84000000000083,NORMAL,POWER_SAVING,LOW,LOW,NORMAL,false,0.095379,0.405
2026-09-06T19:23:08.566Z,POLAR-001,2026-09-06T19:23:08.520Z,NORMAL,-1.2,-6.4,84,1018.2,0.05,-0.03,1.02,1.4,0.7,1.8,10,2,33,60,0.8,-59.99160000000032,20.005880000000076,90.80000000000084,NORMAL,POWER_SAVING,LOW,LOW,NORMAL,false,0.095379,0.405
2026-09-07T00:53:11,-1.2,84.0,10.0,2.0,60.0,12.2
2026-09-06T19:23:11.432Z,POLAR-001,2026-09-06T19:23:11.390Z,NORMAL,-1.2,-6.4,84,1018.2,0.05,-0.03,1.02,1.4,0.7,1.8,10,2,33,60,0.8,-59.99148000000032,20.005964000000077,90.74000000000085,NORMAL,POWER_SAVING,LOW,LOW,NORMAL,false,0.095379,0.405
2026-09-06T19:23:13.454Z,POLAR-001,2026-09-06T19:23:13.431Z,NORMAL,-1.2,-6.4,84,1018.2,0.05,-0.03,1.02,1.4,0.7,1.8,10,2,33,60,0.8,-59.991400000000326,20.006020000000078,90.70000000000086,NORMAL,POWER_SAVING,LOW,LOW,NORMAL,false,0.095379,0.405
2026-09-07T00:53:16,-1.2,84.0,10.0,2.0,60.0,12.2
2026-09-06T19:23:16.415Z,POLAR-001,2026-09-06T19:23:16.390Z,NORMAL,-1.2,-6.4,84,1018.2,0.05,-0.03,1.02,1.4,0.7,1.8,10,2,33,60,0.8,-59.99128000000033,20.00610400000008,90.64000000000087,NORMAL,POWER_SAVING,LOW,LOW,NORMAL,false,0.095379,0.405
2026-09-06T19:23:18.474Z,POLAR-001,2026-09-06T19:23:18.437Z,NORMAL,-1.2,-6.4,84,1018.2,0.05,-0.03,1.02,1.4,0.7,1.8,10,2,33,60,0.8,-59.99120000000033,20.00616000000008,90.60000000000088,NORMAL,POWER_SAVING,LOW,LOW,NORMAL,false,0.095379,0.405
2026-09-07T00:53:21,-1.2,84.0,10.0,2.0,60.0,12.2
2026-09-06T19:23:21.439Z,POLAR-001,2026-09-06T19:23:21.393Z,NORMAL,-1.2,-6.4,84,1018.2,0.05,-0.03,1.02,1.4,0.7,1.8,10,2,33,60,0.8,-59.99108000000034,20.00624400000008,90.54000000000089,NORMAL,POWER_SAVING,LOW,LOW,NORMAL,false,0.095379,0.405
2026-09-06T19:23:23.451Z,POLAR-001,2026-09-06T19:23:23.424Z,NORMAL,-1.2,-6.4,84,1018.2,0.05,-0.03,1.02,1.4,0.7,1.8,10,2,33,60,0.8,-59.99100000000034,20.00630000000008,90.5000000000009,NORMAL,POWER_SAVING,LOW,LOW,NORMAL,false,0.095379,0.405
2026-09-07T00:53:26,-1.2,84.0,10.0,2.0,60.0,12.2
2026-09-06T19:23:26.434Z,POLAR-001,2026-09-06T19:23:26.396Z,NORMAL,-1.2,-6.4,84,1018.2,0.05,-0.03,1.02,1.4,0.7,1.8,10,2,33,60,0.8,-59.990880000000345,20.006384000000082,90.44000000000091,NORMAL,POWER_SAVING,LOW,LOW,NORMAL,false,0.095379,0.405
2026-09-06T19:23:28.456Z,POLAR-001,2026-09-06T19:23:28.435Z,NORMAL,-1.2,-6.4,84,1018.2,0.05,-0.03,1.02,1.4,0.7,1.8,10,2,33,60,0.8,-59.99080000000035,20.006440000000083,90.40000000000092,NORMAL,POWER_SAVING,LOW,LOW,NORMAL,false,0.095379,0.405
2026-09-07T00:53:31,-1.2,84.0,10.0,2.0,60.0,12.2
2026-09-06T19:23:31.417Z,POLAR-001,2026-09-06T19:23:31.395Z,NORMAL,-1.2,-6.4,84,1018.2,0.05,-0.03,1.02,1.4,0.7,1.8,10,2,33,60,0.8,-59.99068000000035,20.006524000000084,90.34000000000093,NORMAL,POWER_SAVING,LOW,LOW,NORMAL,false,0.095379,0.405
2026-09-06T19:23:33.479Z,POLAR-001,2026-09-06T19:23:33.440Z,NORMAL,-1.2,-6.4,84,1018.2,0.05,-0.03,1.02,1.4,0.7,1.8,10,2,33,60,0.8,-59.990600000000356,20.006580000000085,90.30000000000094,NORMAL,POWER_SAVING,LOW,LOW,NORMAL,false,0.095379,0.405
2026-09-07T00:53:36,-1.2,84.0,10.0,2.0,60.0,12.2
2026-09-06T19:23:36.432Z,POLAR-001,2026-09-06T19:23:36.397Z,NORMAL,-1.2,-6.4,84,1018.2,0.05,-0.03,1.02,1.4,0.7,1.8,10,2,33,60,0.8,-59.99048000000036,20.006664000000086,90.24000000000095,NORMAL,POWER_SAVING,LOW,LOW,NORMAL,false,0.095379,0.405
2026-09-06T19:23:38.451Z,POLAR-001,2026-09-06T19:23:38.433Z,NORMAL,-1.2,-6.4,84,1018.2,0.05,-0.03,1.02,1.4,0.7,1.8,10,2,33,60,0.8,-59.99040000000036,20.006720000000087,90.20000000000095,NORMAL,POWER_SAVING,LOW,LOW,NORMAL,false,0.095379,0.405
2026-09-07T00:53:41,-1.2,84.0,10.0,2.0,60.0,12.2
2026-09-06T19:23:41.426Z,POLAR-001,2026-09-06T19:23:41.407Z,NORMAL,-1.2,-6.4,84,1018.2,0.05,-0.03,1.02,1.4,0.7,1.8,10,2,33,60,0.8,-59.99028000000037,20.006804000000088,90.14000000000097,NORMAL,POWER_SAVING,LOW,LOW,NORMAL,false,0.095379,0.405
2026-09-06T19:23:43.476Z,POLAR-001,2026-09-06T19:23:43.457Z,NORMAL,-1.2,-6.4,84,1018.2,0.05,-0.03,1.02,1.4,0.7,1.8,10,2,33,60,0.8,-59.99020000000037,20.00686000000009,90.10000000000097,NORMAL,POWER_SAVING,LOW,LOW,NORMAL,false,0.095379,0.405
2026-09-07T00:54:23,25.0,50.01,10.0,2.0,60.0,
2026-09-06T19:24:23.139Z,POLAR-001,2026-09-06T19:24:23.099Z,NORMAL,25,0,50.01,1013.25,0,0,1,0,0,0,10,2,33,60,0.8,-59.98860000000043,20.007980000000103,89.30000000000113,NORMAL,POWER_SAVING,LOW,LOW,NORMAL,false,0.018408,0.482
2026-09-06T19:24:25.187Z,POLAR-001,2026-09-06T19:24:25.153Z,NORMAL,25,0,50.01,1013.25,0,0,1,0,0,0,10,2,33,60,0.8,-59.988520000000435,20.008036000000104,89.26000000000114,NORMAL,POWER_SAVING,LOW,LOW,NORMAL,false,0.018408,0.482
2026-09-07T00:54:33,25.0,50.01,10.0,2.0,60.0,
2026-09-06T19:24:33.219Z,POLAR-001,2026-09-06T19:24:33.183Z,NORMAL,25,0,50.01,1013.25,0,0,1,0,0,0,10,2,33,60,0.8,-59.98820000000045,20.008260000000107,89.10000000000117,NORMAL,POWER_SAVING,LOW,LOW,NORMAL,false,0.018408,0.482
2026-09-06T19:24:35.260Z,POLAR-001,2026-09-06T19:24:35.219Z,NORMAL,25,0,50.01,1013.25,0,0,1,0,0,0,10,2,33,60,0.8,-59.98812000000045,20.008316000000107,89.06000000000118,NORMAL,POWER_SAVING,LOW,LOW,NORMAL,false,0.018408,0.482
2026-09-07T00:54:43,25.0,50.01,10.0,2.0,60.0,
2026-09-06T19:24:43.227Z,POLAR-001,2026-09-06T19:24:43.191Z,NORMAL,25,0,50.01,1013.25,0,0,1,0,0,0,10,2,33,60,0.8,-59.98780000000046,20.00854000000011,88.90000000000121,NORMAL,POWER_SAVING,LOW,LOW,NORMAL,false,0.018408,0.482
2026-09-06T19:24:45.260Z,POLAR-001,2026-09-06T19:24:45.221Z,NORMAL,25,0,50.01,1013.25,0,0,1,0,0,0,10,2,33,60,0.8,-59.987720000000465,20.00859600000011,88.86000000000122,NORMAL,POWER_SAVING,LOW,LOW,NORMAL,false,0.018408,0.482
2026-09-07T00:54:53,-4.08,50.01,10.0,2.0,60.0,
2026-09-06T19:24:53.272Z,POLAR-001,2026-09-06T19:24:53.227Z,NORMAL,-4.08,0,50.01,1013.25,0,0,1,0,0,0,10,2,33,60,0.8,-59.98740000000048,20.008820000000114,88.70000000000125,NORMAL,POWER_SAVING,LOW,LOW,NORMAL,false,0.028065,0.472
2026-09-06T19:24:55.290Z,POLAR-001,2026-09-06T19:24:55.263Z,NORMAL,-4.08,0,50.01,1013.25,0,0,1,0,0,0,10,2,33,60,0.8,-59.98732000000048,20.008876000000114,88.66000000000126,NORMAL,POWER_SAVING,LOW,LOW,NORMAL,false,0.028065,0.472
2026-09-07T01:02:20,-1.2,84.0,10.0,2.0,60.0,12.2
2026-09-06T19:32:21.012Z,POLAR-001,2026-09-06T19:32:20.994Z,NORMAL,-1.2,-6.4,84,1018.2,0.05,-0.03,1.02,1.4,0.7,1.8,10,2,33,60,0.8,-59.96960000000115,20.021280000000274,79.80000000000302,NORMAL,POWER_SAVING,LOW,LOW,NORMAL,false,0.095379,0.405
2026-09-06T19:32:23.028Z,POLAR-001,2026-09-06T19:32:23.011Z,NORMAL,-1.2,-6.4,84,1018.2,0.05,-0.03,1.02,1.4,0.7,1.8,10,2,33,60,0.8,-59.969520000001154,20.021336000000275,79.76000000000303,NORMAL,POWER_SAVING,LOW,LOW,NORMAL,false,0.095379,0.405
2026-09-07T01:02:25,-1.2,84.0,10.0,2.0,60.0,12.2
2026-09-06T19:32:25.734Z,POLAR-001,2026-09-06T19:32:25.716Z,NORMAL,-1.2,-6.4,84,1018.2,0.05,-0.03,1.02,1.4,0.7,1.8,10,2,33,60,0.8,-59.96944000000116,20.021392000000276,79.72000000000304,NORMAL,POWER_SAVING,LOW,LOW,NORMAL,false,0.095379,0.405
2026-09-06T19:32:27.754Z,POLAR-001,2026-09-06T19:32:27.737Z,NORMAL,-1.2,-6.4,84,1018.2,0.05,-0.03,1.02,1.4,0.7,1.8,10,2,33,60,0.8,-59.96936000000116,20.021448000000277,79.68000000000305,NORMAL,POWER_SAVING,LOW,LOW,NORMAL,false,0.095379,0.405
2026-09-07T01:02:30,-1.2,84.0,10.0,2.0,60.0,12.2
2026-09-06T19:32:30.731Z,POLAR-001,2026-09-06T19:32:30.712Z,NORMAL,-1.2,-6.4,84,1018.2,0.05,-0.03,1.02,1.4,0.7,1.8,10,2,33,60,0.8,-59.969240000001165,20.021532000000278,79.62000000000306,NORMAL,POWER_SAVING,LOW,LOW,NORMAL,false,0.095379,0.405
2026-09-06T19:32:32.769Z,POLAR-001,2026-09-06T19:32:32.749Z,NORMAL,-1.2,-6.4,84,1018.2,0.05,-0.03,1.02,1.4,0.7,1.8,10,2,33,60,0.8,-59.96916000000117,20.02158800000028,79.58000000000307,NORMAL,POWER_SAVING,LOW,LOW,NORMAL,false,0.095379,0.405
2026-09-07T01:02:35,-1.2,84.0,10.0,2.0,60.0,12.2
2026-09-06T19:32:35.735Z,POLAR-001,2026-09-06T19:32:35.714Z,NORMAL,-1.2,-6.4,84,1018.2,0.05,-0.03,1.02,1.4,0.7,1.8,10,2,33,60,0.8,-59.96904000000117,20.02167200000028,79.52000000000308,NORMAL,POWER_SAVING,LOW,LOW,NORMAL,false,0.095379,0.405
2026-09-06T19:32:37.782Z,POLAR-001,2026-09-06T19:32:37.766Z,NORMAL,-1.2,-6.4,84,1018.2,0.05,-0.03,1.02,1.4,0.7,1.8,10,2,33,60,0.8,-59.968960000001175,20.02172800000028,79.48000000000309,NORMAL,POWER_SAVING,LOW,LOW,NORMAL,false,0.095379,0.405
2026-09-07T01:02:40,-1.2,84.0,10.0,2.0,60.0,12.2
2026-09-06T19:32:40.720Z,POLAR-001,2026-09-06T19:32:40.701Z,NORMAL,-1.2,-6.4,84,1018.2,0.05,-0.03,1.02,1.4,0.7,1.8,10,2,33,60,0.8,-59.96884000000118,20.02181200000028,79.4200000000031,NORMAL,POWER_SAVING,LOW,LOW,NORMAL,false,0.095379,0.405
2026-09-06T19:32:42.771Z,POLAR-001,2026-09-06T19:32:42.752Z,NORMAL,-1.2,-6.4,84,1018.2,0.05,-0.03,1.02,1.4,0.7,1.8,10,2,33,60,0.8,-59.96876000000118,20.021868000000282,79.38000000000311,NORMAL,POWER_SAVING,LOW,LOW,NORMAL,false,0.095379,0.405
2026-09-07T01:02:44,20.85,50.01,10.0,2.0,60.0,
2026-09-06T19:32:44.074Z,POLAR-001,2026-09-06T19:32:44.028Z,NORMAL,20.85,0,50.01,1013.25,0,0,1,0,0,0,10,2,33,60,0.8,-59.968680000001186,20.021924000000283,79.34000000000312,NORMAL,POWER_SAVING,LOW,LOW,NORMAL,false,0.018408,0.482
2026-09-06T19:32:45.761Z,POLAR-001,2026-09-06T19:32:45.710Z,NORMAL,-1.2,-6.4,84,1018.2,0.05,-0.03,1.02,1.4,0.7,1.8,10,2,33,60,0.8,-59.96864000000119,20.021952000000283,79.32000000000312,NORMAL,POWER_SAVING,LOW,LOW,NORMAL,false,0.095379,0.405
2026-09-06T19:32:46.100Z,POLAR-001,2026-09-06T19:32:46.058Z,NORMAL,20.85,0,50.01,1013.25,0,0,1,0,0,0,10,2,33,60,0.8,-59.96860000000119,20.021980000000283,79.30000000000312,NORMAL,POWER_SAVING,LOW,LOW,NORMAL,false,0.018408,0.482
2026-09-07T01:02:46,-1.2,84.0,10.0,2.0,60.0,12.2
2026-09-06T19:32:48.198Z,POLAR-001,2026-09-06T19:32:48.161Z,NORMAL,-1.2,-6.4,84,1018.2,0.05,-0.03,1.02,1.4,0.7,1.8,10,2,33,60,0.8,-59.96852000000119,20.022036000000284,79.26000000000313,NORMAL,POWER_SAVING,LOW,LOW,NORMAL,false,0.095379,0.405
2026-09-07T01:02:50,-1.2,84.0,10.0,2.0,60.0,12.2
2026-09-06T19:32:50.749Z,POLAR-001,2026-09-06T19:32:50.705Z,NORMAL,-1.2,-6.4,84,1018.2,0.05,-0.03,1.02,1.4,0.7,1.8,10,2,33,60,0.8,-59.968440000001195,20.022092000000285,79.22000000000314,NORMAL,POWER_SAVING,LOW,LOW,NORMAL,false,0.095379,0.405
2026-09-06T19:32:52.766Z,POLAR-001,2026-09-06T19:32:52.724Z,NORMAL,-1.2,-6.4,84,1018.2,0.05,-0.03,1.02,1.4,0.7,1.8,10,2,33,60,0.8,-59.9683600000012,20.022148000000286,79.18000000000315,NORMAL,POWER_SAVING,LOW,LOW,NORMAL,false,0.095379,0.405
2026-09-07T01:02:53,-14.85,50.01,10.0,2.0,60.0,
2026-09-06T19:32:53.932Z,POLAR-001,2026-09-06T19:32:53.886Z,NORMAL,-14.85,0,50.01,1013.25,0,0,1,0,0,0,10,2,33,60,0.8,-59.9683200000012,20.022176000000286,79.16000000000315,NORMAL,POWER_SAVING,LOW,LOW,NORMAL,false,0.028065,0.472
2026-09-06T19:32:55.790Z,POLAR-001,2026-09-06T19:32:55.754Z,NORMAL,-1.2,-6.4,84,1018.2,0.05,-0.03,1.02,1.4,0.7,1.8,10,2,33,60,0.8,-59.9682400000012,20.022232000000287,79.12000000000316,NORMAL,POWER_SAVING,LOW,LOW,NORMAL,false,0.095379,0.405
2026-09-06T19:32:55.928Z,POLAR-001,2026-09-06T19:32:55.910Z,NORMAL,-14.85,0,50.01,1013.25,0,0,1,0,0,0,10,2,33,60,0.8,-59.968200000001204,20.022260000000287,79.10000000000316,NORMAL,POWER_SAVING,LOW,LOW,NORMAL,false,0.028065,0.472
2026-09-07T01:02:55,-1.2,84.0,10.0,2.0,60.0,12.2
2026-09-06T19:32:58.007Z,POLAR-001,2026-09-06T19:32:57.989Z,NORMAL,-1.2,-6.4,84,1018.2,0.05,-0.03,1.02,1.4,0.7,1.8,10,2,33,60,0.8,-59.96812000000121,20.022316000000288,79.06000000000317,NORMAL,POWER_SAVING,LOW,LOW,NORMAL,false,0.095379,0.405
2026-09-07T01:03:00,-1.2,84.0,10.0,2.0,60.0,12.2
2026-09-06T19:33:00.725Z,POLAR-001,2026-09-06T19:33:00.706Z,NORMAL,-1.2,-6.4,84,1018.2,0.05,-0.03,1.02,1.4,0.7,1.8,10,2,33,60,0.8,-59.96804000000121,20.02237200000029,79.02000000000318,NORMAL,POWER_SAVING,LOW,LOW,NORMAL,false,0.095379,0.405
2026-09-06T19:33:02.764Z,POLAR-001,2026-09-06T19:33:02.746Z,NORMAL,-1.2,-6.4,84,1018.2,0.05,-0.03,1.02,1.4,0.7,1.8,10,2,33,60,0.8,-59.96796000000121,20.02242800000029,78.98000000000319,NORMAL,POWER_SAVING,LOW,LOW,NORMAL,false,0.095379,0.405
2026-09-07T01:03:05,-1.2,84.0,10.0,2.0,60.0,12.2
2026-09-06T19:33:05.729Z,POLAR-001,2026-09-06T19:33:05.709Z,NORMAL,-1.2,-6.4,84,1018.2,0.05,-0.03,1.02,1.4,0.7,1.8,10,2,33,60,0.8,-59.96784000000122,20.02251200000029,78.9200000000032,NORMAL,POWER_SAVING,LOW,LOW,NORMAL,false,0.095379,0.405
2026-09-06T19:33:07.749Z,POLAR-001,2026-09-06T19:33:07.732Z,NORMAL,-1.2,-6.4,84,1018.2,0.05,-0.03,1.02,1.4,0.7,1.8,10,2,33,60,0.8,-59.96776000000122,20.02256800000029,78.88000000000321,NORMAL,POWER_SAVING,LOW,LOW,NORMAL,false,0.095379,0.405
2026-09-07T01:03:10,-1.2,84.0,10.0,2.0,60.0,12.2
2026-09-06T19:33:10.730Z,POLAR-001,2026-09-06T19:33:10.710Z,NORMAL,-1.2,-6.4,84,1018.2,0.05,-0.03,1.02,1.4,0.7,1.8,10,2,33,60,0.8,-59.967640000001225,20.022652000000292,78.82000000000322,NORMAL,POWER_SAVING,LOW,LOW,NORMAL,false,0.095379,0.405
2026-09-06T19:33:12.775Z,POLAR-001,2026-09-06T19:33:12.740Z,NORMAL,-1.2,-6.4,84,1018.2,0.05,-0.03,1.02,1.4,0.7,1.8,10,2,33,60,0.8,-59.96756000000123,20.022708000000293,78.78000000000323,NORMAL,POWER_SAVING,LOW,LOW,NORMAL,false,0.095379,0.405
2026-09-07T01:03:15,-1.2,84.0,10.0,2.0,60.0,12.2
2026-09-06T19:33:15.736Z,POLAR-001,2026-09-06T19:33:15.713Z,NORMAL,-1.2,-6.4,84,1018.2,0.05,-0.03,1.02,1.4,0.7,1.8,10,2,33,60,0.8,-59.96744000000123,20.022792000000294,78.72000000000324,NORMAL,POWER_SAVING,LOW,LOW,NORMAL,false,0.095379,0.405
2026-09-06T19:33:17.761Z,POLAR-001,2026-09-06T19:33:17.736Z,NORMAL,-1.2,-6.4,84,1018.2,0.05,-0.03,1.02,1.4,0.7,1.8,10,2,33,60,0.8,-59.967360000001236,20.022848000000295,78.68000000000325,NORMAL,POWER_SAVING,LOW,LOW,NORMAL,false,0.095379,0.405
2026-09-07T01:03:20,-1.2,84.0,10.0,2.0,60.0,12.2
2026-09-06T19:33:20.759Z,POLAR-001,2026-09-06T19:33:20.716Z,NORMAL,-1.2,-6.4,84,1018.2,0.05,-0.03,1.02,1.4,0.7,1.8,10,2,33,60,0.8,-59.96724000000124,20.022932000000296,78.62000000000326,NORMAL,POWER_SAVING,LOW,LOW,NORMAL,false,0.095379,0.405
2026-09-06T19:33:22.791Z,POLAR-001,2026-09-06T19:33:22.761Z,NORMAL,-1.2,-6.4,84,1018.2,0.05,-0.03,1.02,1.4,0.7,1.8,10,2,33,60,0.8,-59.96716000000124,20.022988000000296,78.58000000000327,NORMAL,POWER_SAVING,LOW,LOW,NORMAL,false,0.095379,0.405
2026-09-07T01:03:25,-1.2,84.0,10.0,2.0,60.0,12.2
2026-09-06T19:33:25.735Z,POLAR-001,2026-09-06T19:33:25.717Z,NORMAL,-1.2,-6.4,84,1018.2,0.05,-0.03,1.02,1.4,0.7,1.8,10,2,33,60,0.8,-59.96704000000125,20.023072000000298,78.52000000000328,NORMAL,POWER_SAVING,LOW,LOW,NORMAL,false,0.095379,0.405
2026-09-06T19:33:27.747Z,POLAR-001,2026-09-06T19:33:27.730Z,NORMAL,-1.2,-6.4,84,1018.2,0.05,-0.03,1.02,1.4,0.7,1.8,10,2,33,60,0.8,-59.96696000000125,20.0231280000003,78.48000000000329,NORMAL,POWER_SAVING,LOW,LOW,NORMAL,false,0.095379,0.405
2026-09-07T01:05:00,41.87,50.0,10.0,2.0,60.0,
2026-09-06T19:35:00.646Z,POLAR-001,2026-09-06T19:35:00.605Z,NORMAL,41.87,33.5,50,1013.25,0,0,1,0,0,0,10,2,33,60,0.8,-59.96324000000139,20.025732000000332,76.62000000000366,NORMAL,POWER_SAVING,LOW,LOW,NORMAL,false,0.014622,0.485
2026-09-06T19:35:02.669Z,POLAR-001,2026-09-06T19:35:02.651Z,NORMAL,41.87,33.5,50,1013.25,0,0,1,0,0,0,10,2,33,60,0.8,-59.963160000001395,20.025788000000333,76.58000000000366,NORMAL,POWER_SAVING,LOW,LOW,NORMAL,false,0.014622,0.485
2026-09-07T01:05:38,15.61,50.0,10.0,2.0,60.0,
2026-09-06T19:35:38.112Z,POLAR-001,2026-09-06T19:35:38.073Z,NORMAL,15.61,33.5,50,1013.25,0,0,1,0,0,0,10,2,33,60,0.8,-59.96176000000145,20.026768000000345,75.8800000000038,NORMAL,POWER_SAVING,LOW,LOW,NORMAL,false,0.014622,0.485
2026-09-06T19:35:40.128Z,POLAR-001,2026-09-06T19:35:40.086Z,NORMAL,15.61,33.5,50,1013.25,0,0,1,0,0,0,10,2,33,60,0.8,-59.96168000000145,20.026824000000346,75.84000000000381,NORMAL,POWER_SAVING,LOW,LOW,NORMAL,false,0.014622,0.485
2026-09-07T01:07:21,15.61,50.0,10.0,2.0,60.0,
2026-09-06T19:37:21.578Z,POLAR-001,2026-09-06T19:37:21.536Z,NORMAL,15.61,33.5,50,1013.25,0,0,1,0,0,0,10,2,33,60,0.8,-59.957640000001604,20.029652000000382,73.82000000000421,NORMAL,POWER_SAVING,LOW,LOW,NORMAL,false,0.014622,0.485
2026-09-06T19:37:23.612Z,POLAR-001,2026-09-06T19:37:23.581Z,NORMAL,15.61,33.5,50,1013.25,0,0,1,0,0,0,10,2,33,60,0.8,-59.95756000000161,20.029708000000383,73.78000000000422,NORMAL,POWER_SAVING,LOW,LOW,NORMAL,false,0.014622,0.485
2026-09-06T19:40:49.417Z,POLAR-001,2026-09-06T19:40:49.372Z,NORMAL,39.8,33.5,50,1013.25,0,0,1,0,0,0,10,2,33,60,0.8,-59.949400000001916,20.035420000000457,69.70000000000503,NORMAL,POWER_SAVING,LOW,LOW,NORMAL,false,0.014622,0.485
2026-09-06T19:42:02.485Z,POLAR-001,2026-09-06T19:42:02.436Z,NORMAL,39.8,33.5,50,1013.25,0,0,1,0,0,0,13,3.5,33,60,1.1000000000000003,-59.94642750000201,20.03750075000048,67.88000000000531,HIGH_FREQUENCY,HIGH_LOAD,HIGH,HIGH,ANOMALY,true,-0.016585,0.517
2026-09-06T19:42:07.455Z,POLAR-001,2026-09-06T19:42:07.419Z,STORM,39.8,33.5,50,1013.25,0,0,1,0,0,0,15,4.5,33,60,1.3000000000000005,-59.94618250000202,20.03767225000048,67.56000000000532,HIGH_FREQUENCY,HIGH_LOAD,HIGH,HIGH,ANOMALY,true,-0.05044,0.55
2026-09-06T19:42:36.217Z,POLAR-001,2026-09-06T19:42:35.879Z,STORM,39.8,33.5,50,1013.25,0,0,1,0,0,0,27,9,33,60,1.6,-59.94390000000208,20.0392700000005,65.24000000000537,HIGH_FREQUENCY,HIGH_LOAD,HIGH,HIGH,ANOMALY,true,-0.07525,0.575
2026-09-06T19:42:40.961Z,POLAR-001,2026-09-06T19:42:40.927Z,STORM,-6.99,33.5,50,1013.25,0,0,1,0,0,0,27,9,33,60,1.6,-59.943500000002096,20.039550000000503,64.84000000000538,HIGH_FREQUENCY,HIGH_LOAD,HIGH,HIGH,ANOMALY,true,-0.070887,0.571
2026-09-06T19:42:45.995Z,POLAR-001,2026-09-06T19:42:45.973Z,STORM,-6.99,33.5,50,1013.25,0,0,1,0,0,0,27,9,33,60,1.6,-59.94310000000211,20.039830000000507,64.44000000000538,HIGH_FREQUENCY,HIGH_LOAD,HIGH,HIGH,ANOMALY,true,-0.070887,0.571
2026-09-06T19:42:51.017Z,POLAR-001,2026-09-06T19:42:50.971Z,STORM,-6.99,33.5,50,1013.25,0,0,1,0,0,0,27,9,33,60,1.6,-59.94270000000213,20.04011000000051,64.04000000000539,HIGH_FREQUENCY,HIGH_LOAD,HIGH,HIGH,ANOMALY,true,-0.070887,0.571
2026-09-06T19:42:56.056Z,POLAR-001,2026-09-06T19:42:56.014Z,STORM,-6.99,9.5,50,1013.25,0,0,1,0,0,0,27,9,33,60,1.6,-59.94230000000214,20.040390000000514,63.6400000000054,HIGH_FREQUENCY,HIGH_LOAD,HIGH,HIGH,ANOMALY,true,-0.070887,0.571
2026-09-06T19:43:01.076Z,POLAR-001,2026-09-06T19:43:01.040Z,STORM,-6.99,9.5,50,1013.25,0,0,1,0,0,0,27,9,33,60,1.6,-59.94190000000216,20.040670000000517,63.24000000000541,HIGH_FREQUENCY,HIGH_LOAD,HIGH,HIGH,ANOMALY,true,-0.070887,0.571
2026-09-06T19:43:36.791Z,POLAR-001,2026-09-06T19:43:36.744Z,STORM,-6.99,9.5,50,1013.25,0,0,1,0,0,0,27,9,33,60,1.6,-59.93910000000226,20.042630000000543,60.44000000000547,HIGH_FREQUENCY,HIGH_LOAD,HIGH,HIGH,ANOMALY,true,-0.070887,0.571
2026-09-06T19:44:43.542Z,POLAR-001,2026-09-06T19:44:43.503Z,STORM,-6.99,9.5,50,1013.25,0,0,1,0,0,0,27,9,33,60,1.6,-59.933740000002466,20.04638200000059,55.08000000000558,HIGH_FREQUENCY,HIGH_LOAD,HIGH,HIGH,ANOMALY,true,-0.070887,0.571
2026-09-06T19:44:48.542Z,POLAR-001,2026-09-06T19:44:48.502Z,STORM,-6.99,9.5,50,1013.25,0,0,1,0,0,0,27,9,33,60,1.6,-59.93334000000248,20.046662000000595,54.68000000000559,HIGH_FREQUENCY,HIGH_LOAD,HIGH,HIGH,ANOMALY,true,-0.070887,0.571
2026-09-06T19:44:57.910Z,POLAR-001,2026-09-06T19:44:57.861Z,STORM,-6.99,9.5,50,688.25,0,0,1,0,0,0,27,9,33,60,1.6,-59.93262000000251,20.0471660000006,53.96000000000561,HIGH_FREQUENCY,HIGH_LOAD,HIGH,HIGH,ANOMALY,true,-0.100538,0.601
2026-09-06T19:45:02.914Z,POLAR-001,2026-09-06T19:45:02.874Z,STORM,-6.99,9.5,50,688.25,0,0,1,0,0,0,27,9,33,60,1.6,-59.93222000000252,20.047446000000605,53.560000000005616,HIGH_FREQUENCY,HIGH_LOAD,HIGH,HIGH,ANOMALY,true,-0.100538,0.601
2026-09-06T19:45:16.978Z,POLAR-001,2026-09-06T19:45:16.935Z,STORM,-6.99,9.5,50,688.25,0,0,1,0,0,0,25,8,33,60,1.4,-59.931125000002545,20.048212500000613,52.68000000000562,NORMAL,POWER_SAVING,LOW,LOW,ANOMALY,true,-0.093755,0.594
2026-09-06T19:58:17.351Z,POLAR-001,2026-09-06T19:58:17.298Z,NORMAL,-6.99,9.5,50,688.25,0,0,1,0,0,0,10,2,33,60,0.8,-59.8924000000039,20.075320000000943,25.80000000000522,NORMAL,POWER_SAVING,LOW,LOW,ANOMALY,true,-0.016466,0.516
2026-09-06T20:03:48.797Z,POLAR-001,2026-09-06T20:03:48.737Z,NORMAL,-6.99,25,26,844,0.58,-1.34,-1.11,0,0,0,10,2,33,60,0.8,-59.99940000000002,20.000420000000005,94.70000000000006,NORMAL,POWER_SAVING,LOW,LOW,ANOMALY,true,-0.109039,0.609
2026-09-06T20:03:58.663Z,POLAR-001,2026-09-06T20:03:58.631Z,NORMAL,-6.99,25,26,844,0.58,-1.34,-1.11,0,0,0,10,2,33,60,0.8,-59.99900000000004,20.00070000000001,94.5000000000001,NORMAL,POWER_SAVING,LOW,LOW,ANOMALY,true,-0.109039,0.609
2026-09-06T20:04:08.701Z,POLAR-001,2026-09-06T20:04:08.662Z,NORMAL,-9.54,-1.99,26.01,844,-0.14,-1.34,-1.11,0,0,0,10,2,33,60,0.8,-59.99860000000005,20.000980000000013,94.30000000000014,NORMAL,POWER_SAVING,LOW,LOW,ANOMALY,true,-0.082394,0.582
2026-09-06T20:06:29.673Z,POLAR-001,2026-09-06T20:06:29.633Z,NORMAL,-5.57,20,26,844,-0.14,-1.34,-1.11,112,-198,84,10,2,33,60,0.8,-59.993000000000265,20.004900000000063,91.5000000000007,NORMAL,POWER_SAVING,LOW,LOW,ANOMALY,true,-0.162026,0.662
2026-09-06T20:10:40.055Z,POLAR-001,2026-09-06T20:10:40.010Z,NORMAL,-5.57,20,26,844,-0.14,-1.34,-1.11,112,-198,84,10,2,33,60,0.8,-59.98308000000064,20.011844000000153,86.54000000000168,NORMAL,POWER_SAVING,LOW,LOW,ANOMALY,true,-0.162026,0.662
2026-09-06T20:21:19.599Z,POLAR-001,2026-09-06T20:21:19.539Z,STORM,-8.33,-6.49,31.99,575.5,-0.39,0.32,-0.46,87,-105,120,10,2,33,60,0.8,-59.99968000000001,20.000224000000003,94.84000000000003,NORMAL,POWER_SAVING,LOW,LOW,ANOMALY,true,-0.144743,0.645
2026-09-06T20:22:33.636Z,POLAR-001,2026-09-06T20:22:33.601Z,STORM,-8.33,-6.49,31.99,575.5,-0.39,0.32,-0.46,87,-105,120,10,2,33,60,0.8,-59.996720000000124,20.00229600000003,93.36000000000033,NORMAL,POWER_SAVING,LOW,LOW,ANOMALY,true,-0.144743,0.645
2026-09-06T20:22:38.643Z,POLAR-001,2026-09-06T20:22:38.617Z,STORM,-16.22,-6.49,31.99,575.5,-0.39,0.32,-0.46,87,-105,120,10,2,33,60,0.8,-59.99652000000013,20.00243600000003,93.26000000000035,NORMAL,POWER_SAVING,LOW,LOW,ANOMALY,true,-0.144743,0.645
2026-09-06T20:22:43.662Z,POLAR-001,2026-09-06T20:22:43.626Z,STORM,-16.22,-6.49,31.99,575.5,-0.39,0.32,-0.46,87,-105,120,10,2,33,60,0.8,-59.99632000000014,20.002576000000033,93.16000000000037,NORMAL,POWER_SAVING,LOW,LOW,ANOMALY,true,-0.144743,0.645
2026-09-06T20:22:48.680Z,POLAR-001,2026-09-06T20:22:48.639Z,STORM,-16.22,13.5,23.01,364,-0.39,0.32,-0.46,87,-105,120,10,2,33,60,0.8,-59.99612000000015,20.002716000000035,93.06000000000039,NORMAL,POWER_SAVING,LOW,LOW,ANOMALY,true,-0.16295,0.663
2026-09-06T20:23:11.638Z,POLAR-001,2026-09-06T20:23:11.605Z,STORM,-16.22,-18.49,23.01,364,-0.39,0.32,-0.46,87,-105,120,10,2,33,60,0.8,-59.99520000000018,20.003360000000043,92.60000000000048,NORMAL,POWER_SAVING,LOW,LOW,ANOMALY,true,-0.155315,0.655
2026-09-06T20:27:18.435Z,POLAR-001,2026-09-06T20:27:18.369Z,STORM,-16.22,-18.49,23.01,364,-0.39,0.32,-0.46,87,-105,120,10,2,33,60,0.8,-59.99976000000001,20.000168000000002,94.88000000000002,HIGH_FREQUENCY,HIGH_LOAD,HIGH,HIGH,ANOMALY,true,-0.155315,0.655
2026-09-06T20:30:17.046Z,POLAR-001,2026-09-06T20:30:17.009Z,STORM,-16.22,-18.49,23.01,364,-0.39,0.32,-0.46,87,-105,120,23,7,33,60,1.1999999999999997,-59.98599000000046,20.009807000000116,81.20000000000034,HIGH_FREQUENCY,HIGH_LOAD,HIGH,HIGH,ANOMALY,true,-0.194949,0.695
2026-09-06T20:30:42.398Z,POLAR-001,2026-09-06T20:30:42.364Z,STORM,-16.22,-18.49,23.01,364,-0.39,0.32,-0.46,87,-105,120,23,7,33,60,1.1999999999999997,-59.98415000000048,20.011095000000125,79.6800000000004,HIGH_FREQUENCY,HIGH_LOAD,HIGH,HIGH,ANOMALY,true,-0.194949,0.695
2026-09-06T21:32:46.166Z,POLAR-001,2026-09-06T21:32:46.105Z,NORMAL,-16.22,-18.49,23.01,364,-0.39,0.32,-0.46,87,-105,120,10,2,33,60,0.8,-59.99780000000008,20.00154000000002,93.90000000000022,NORMAL,POWER_SAVING,LOW,LOW,ANOMALY,true,-0.155315,0.655
2026-09-06T21:32:55.643Z,POLAR-001,2026-09-06T21:32:55.607Z,STORM,-16.22,-18.49,23.01,364,-0.39,0.32,-0.46,87,-105,120,10,2,33,60,0.8,-59.9974400000001,20.001792000000023,93.72000000000025,HIGH_FREQUENCY,HIGH_LOAD,HIGH,HIGH,ANOMALY,true,-0.155315,0.655
2026-09-06T21:33:20.185Z,POLAR-001,2026-09-06T21:33:20.152Z,NORMAL,-16.22,-18.49,23.01,364,-0.39,0.32,-0.46,87,-105,120,10,2,33,60,0.8,-59.9961375000001,20.002703750000023,92.56000000000033,NORMAL,POWER_SAVING,LOW,LOW,ANOMALY,true,-0.155315,0.655
2026-09-06T21:33:30.198Z,POLAR-001,2026-09-06T21:33:30.157Z,NORMAL,-16.22,-18.49,23.01,364,-0.39,0.32,-0.46,87,-105,120,10,2,33,60,0.8,-59.99573750000012,20.002983750000027,92.36000000000037,NORMAL,POWER_SAVING,LOW,LOW,ANOMALY,true,-0.155315,0.655
2026-09-06T21:33:40.195Z,POLAR-001,2026-09-06T21:33:40.158Z,NORMAL,-16.22,-18.49,23.01,364,-0.39,0.32,-0.46,87,-105,120,10,2,33,60,0.8,-59.99533750000013,20.00326375000003,92.16000000000041,NORMAL,POWER_SAVING,LOW,LOW,ANOMALY,true,-0.155315,0.655
2026-09-06T21:33:50.200Z,POLAR-001,2026-09-06T21:33:50.168Z,NORMAL,-16.22,-18.49,23.01,364,-0.39,0.32,-0.46,87,-105,120,10,2,33,60,0.8,-59.99493750000015,20.003543750000034,91.96000000000045,NORMAL,POWER_SAVING,LOW,LOW,ANOMALY,true,-0.155315,0.655
2026-09-06T21:34:00.217Z,POLAR-001,2026-09-06T21:34:00.177Z,NORMAL,-16.22,-18.49,23.01,364,-0.39,0.32,-0.46,87,-105,120,10,2,33,60,0.8,-59.99453750000016,20.003823750000038,91.76000000000049,NORMAL,POWER_SAVING,LOW,LOW,ANOMALY,true,-0.155315,0.655
2026-09-06T21:34:10.240Z,POLAR-001,2026-09-06T21:34:10.193Z,NORMAL,-16.22,-18.49,23.01,364,-0.39,0.32,-0.46,87,-105,120,10,2,33,60,0.8,-59.99413750000018,20.00410375000004,91.56000000000053,NORMAL,POWER_SAVING,LOW,LOW,ANOMALY,true,-0.155315,0.655
2026-09-06T21:34:20.241Z,POLAR-001,2026-09-06T21:34:20.204Z,NORMAL,-16.22,-18.49,23.01,364,-0.39,0.32,-0.46,87,-105,120,10,2,33,60,0.8,-59.993737500000194,20.004383750000045,91.36000000000057,NORMAL,POWER_SAVING,LOW,LOW,ANOMALY,true,-0.155315,0.655
2026-09-06T21:34:30.262Z,POLAR-001,2026-09-06T21:34:30.230Z,NORMAL,-16.22,-18.49,23.01,364,-0.39,0.32,-0.46,87,-105,120,10,2,33,60,0.8,-59.99333750000021,20.00466375000005,91.16000000000061,NORMAL,POWER_SAVING,LOW,LOW,ANOMALY,true,-0.155315,0.655
2026-09-06T21:34:40.309Z,POLAR-001,2026-09-06T21:34:40.272Z,NORMAL,-16.22,-18.49,23.01,364,-0.39,0.32,-0.46,87,-105,120,10,2,33,60,0.8,-59.992937500000224,20.004943750000052,90.96000000000065,NORMAL,POWER_SAVING,LOW,LOW,ANOMALY,true,-0.155315,0.655
2026-09-06T21:34:50.267Z,POLAR-001,2026-09-06T21:34:50.222Z,NORMAL,-16.22,-18.49,23.01,364,-0.39,0.32,-0.46,87,-105,120,10,2,33,60,0.8,-59.99253750000024,20.005223750000056,90.76000000000069,NORMAL,POWER_SAVING,LOW,LOW,ANOMALY,true,-0.155315,0.655
2026-09-06T21:35:00.343Z,POLAR-001,2026-09-06T21:35:00.305Z,NORMAL,-16.22,-18.49,23.01,364,-0.39,0.32,-0.46,87,-105,120,10,2,33,60,0.8,-59.992137500000254,20.00550375000006,90.56000000000073,NORMAL,POWER_SAVING,LOW,LOW,ANOMALY,true,-0.155315,0.655
2026-09-06T21:35:10.291Z,POLAR-001,2026-09-06T21:35:10.249Z,NORMAL,-16.22,-18.49,23.01,364,-0.39,0.32,-0.46,87,-105,120,10,2,33,60,0.8,-59.99173750000027,20.005783750000063,90.36000000000077,NORMAL,POWER_SAVING,LOW,LOW,ANOMALY,true,-0.155315,0.655
2026-09-06T21:35:34.905Z,POLAR-001,2026-09-06T21:35:34.882Z,NORMAL,-16.22,-18.49,23.01,364,-0.39,0.32,-0.46,87,-105,120,10,2,33,60,0.8,-59.990777500000306,20.00645575000007,89.88000000000086,NORMAL,POWER_SAVING,LOW,LOW,ANOMALY,true,-0.155315,0.655
2026-09-06T21:35:56.598Z,POLAR-001,2026-09-06T21:35:56.555Z,STORM,-16.22,-18.49,23.01,364,-0.39,0.32,-0.46,87,-105,120,17.5,5.75,33,60,1.5500000000000007,-59.98959750000031,20.007281750000075,88.54000000000092,HIGH_FREQUENCY,HIGH_LOAD,HIGH,HIGH,ANOMALY,true,-0.207282,0.707
2026-09-06T21:37:16.712Z,POLAR-001,2026-09-06T21:37:16.669Z,NORMAL,-16.22,-18.49,23.01,364,-0.39,0.32,-0.46,87,-105,120,10,2,33,60,0.8,-59.98585750000041,20.009899750000102,86.54000000000121,NORMAL,POWER_SAVING,LOW,LOW,ANOMALY,true,-0.155315,0.655
2026-09-06T21:43:12.885Z,POLAR-001,2026-09-06T21:43:12.864Z,NORMAL,-16.22,-18.49,23.01,364,-0.39,0.32,-0.46,87,-105,120,10,2,33,60,0.8,-59.97169750000094,20.01981175000023,79.46000000000262,NORMAL,POWER_SAVING,LOW,LOW,ANOMALY,true,-0.155315,0.655
2026-09-06T21:43:30.566Z,POLAR-001,2026-09-06T21:43:30.532Z,NORMAL,-16.22,-18.49,23.01,364,-0.39,0.32,-0.46,87,-105,120,10,2,33,60,0.8,-59.97101750000097,20.020287750000236,79.12000000000269,NORMAL,POWER_SAVING,LOW,LOW,ANOMALY,true,-0.155315,0.655
2026-09-06T21:44:22.529Z,POLAR-001,2026-09-06T21:44:22.484Z,NORMAL,-16.22,-18.49,23.01,364,-0.39,0.32,-0.46,87,-105,120,10,2,33,60,0.8,-59.96893750000105,20.021743750000255,78.0800000000029,NORMAL,POWER_SAVING,LOW,LOW,ANOMALY,true,-0.155315,0.655
2026-09-06T21:53:43.318Z,POLAR-001,2026-09-06T21:53:43.273Z,STORM,-16.22,-18.49,23.01,364,-0.39,0.32,-0.46,87,-105,120,10,2,33,60,0.8,-59.94665750000189,20.037339750000456,66.94000000000511,HIGH_FREQUENCY,HIGH_LOAD,HIGH,HIGH,ANOMALY,true,-0.155315,0.655
2026-09-06T22:00:10.661Z,POLAR-001,2026-09-06T22:00:10.618Z,NORMAL,-16.22,-18.49,23.01,364,-0.39,0.32,-0.46,87,-105,120,10,2,33,60,0.8,-59.917617500002905,20.057667750000704,38.740000000005566,NORMAL,POWER_SAVING,LOW,LOW,ANOMALY,true,-0.155315,0.655
2026-09-06T22:00:29.170Z,POLAR-001,2026-09-06T22:00:29.131Z,NORMAL,-16.22,-18.49,23.01,364,-0.39,0.32,-0.46,87,-105,120,10,2,33,60,0.8,-59.91685750000293,20.05819975000071,38.360000000005506,NORMAL,POWER_SAVING,LOW,LOW,ANOMALY,true,-0.155315,0.655
2026-09-06T22:01:11.235Z,POLAR-001,2026-09-06T22:01:11.202Z,NORMAL,-16.22,-18.49,23.01,364,-0.39,0.32,-0.46,87,-105,120,10,2,33,60,0.8,-59.915217500002996,20.059347750000725,37.54000000000538,NORMAL,POWER_SAVING,LOW,LOW,ANOMALY,true,-0.155315,0.655
2026-09-06T22:02:15.297Z,POLAR-001,2026-09-06T22:02:15.246Z,NORMAL,-16.22,-18.49,23.01,364,-0.39,0.32,-0.46,87,-105,120,10,2,33,60,0.8,-59.91265750000309,20.06113975000075,36.26000000000518,NORMAL,POWER_SAVING,LOW,LOW,ANOMALY,true,-0.155315,0.655
2026-09-06T22:02:29.667Z,POLAR-001,2026-09-06T22:02:29.625Z,NORMAL,-16.22,-18.49,23.01,364,-0.39,0.32,-0.46,87,-105,120,10,2,33,60,0.8,-59.912097500003114,20.061531750000754,35.980000000005134,NORMAL,POWER_SAVING,LOW,LOW,ANOMALY,true,-0.155315,0.655
2026-09-06T22:03:02.819Z,POLAR-001,2026-09-06T22:03:02.795Z,NORMAL,-16.22,-18.49,23.01,364,-0.39,0.32,-0.46,87,-105,120,10,2,33,60,0.8,-59.910777500003164,20.062455750000765,35.32000000000503,NORMAL,POWER_SAVING,LOW,LOW,ANOMALY,true,-0.155315,0.655
2026-09-06T22:04:55.662Z,POLAR-001,2026-09-06T22:04:55.621Z,NORMAL,-16.22,25,50,1013.25,0,0,1,0,0,0,10,2,33,60,0.8,-59.90629750000333,20.065591750000806,33.08000000000468,NORMAL,POWER_SAVING,LOW,LOW,NORMAL,false,0.02358,0.476
2026-09-06T22:05:00.649Z,POLAR-001,2026-09-06T22:05:00.609Z,STORM,-16.22,25,50,1013.25,0.132,0.197,1.02,-9.05,9.39,20.9,10,2,33,60,0.8,-59.90609750000334,20.065731750000808,32.980000000004665,HIGH_FREQUENCY,HIGH_LOAD,HIGH,HIGH,ANOMALY,true,-0.101588,0.602
2026-09-06T22:05:05.605Z,POLAR-001,2026-09-06T22:05:05.578Z,STORM,-16.22,25,50,1013.25,0.18,0.159,0.833,-17.74,6.11,-21.87,12.5,3.25,33,60,1.0500000000000003,-59.90586000000334,20.065898000000807,32.580000000004674,HIGH_FREQUENCY,HIGH_LOAD,HIGH,HIGH,ANOMALY,true,-0.141048,0.641
2026-09-06T22:05:27.241Z,POLAR-001,2026-09-06T22:05:27.204Z,STORM,-16.22,25,50,1013.25,-0.347,0.111,1.137,-3,2.51,19.14,23,8.5,33,60,1.6,-59.904317500003366,20.066977750000817,30.90000000000471,HIGH_FREQUENCY,HIGH_LOAD,HIGH,HIGH,ANOMALY,true,-0.161361,0.661
2026-09-06T22:13:57.350Z,POLAR-001,2026-09-06T22:13:57.309Z,STORM,-16.22,25,50,1013.25,-0.147,-0.158,0.997,-14.22,-2.97,-9.87,24,7.5,33,60,1.2999999999999998,-59.863810000004875,20.09533300000118,0,HIGH_FREQUENCY,HIGH_LOAD,HIGH,HIGH,ANOMALY,true,-0.13944,0.639
2026-09-06T22:14:02.261Z,POLAR-001,2026-09-06T22:14:02.234Z,STORM,-16.22,25,50,1013.25,0.342,-0.196,1.16,-15.29,-6.69,0.85,26.5,8.75,33,60,1.55,-59.86344750000487,20.095586750001182,0,HIGH_FREQUENCY,HIGH_LOAD,HIGH,HIGH,ANOMALY,true,-0.164491,0.664
2026-09-06T22:14:43.398Z,POLAR-001,2026-09-06T22:14:43.359Z,STORM,-16.22,25,50,1013.25,-0.267,-0.226,0.852,3.77,-9.78,8.07,27,9,33,60,1.6,-59.86024750000499,20.09782675000121,0,HIGH_FREQUENCY,HIGH_LOAD,HIGH,HIGH,ANOMALY,true,-0.197569,0.698
2026-09-08T04:50:36.955Z,POLAR-001,2026-09-08T04:50:36.874Z,NORMAL,-16.22,25,50,1013.25,0,0,1,0,0,0,10,2,33,60,0.8,-59.9946400000002,20.00375200000005,92.32000000000053,NORMAL,POWER_SAVING,LOW,LOW,NORMAL,false,0.02358,0.476
2026-09-08T04:50:47.470Z,POLAR-001,2026-09-08T04:50:47.414Z,NORMAL,-16.22,25,50,1013.25,0,0,1,0,0,0,10,2,33,60,0.8,-59.99420000000022,20.004060000000052,92.10000000000058,NORMAL,POWER_SAVING,LOW,LOW,NORMAL,false,0.02358,0.476
2026-09-08T04:50:57.502Z,POLAR-001,2026-09-08T04:50:57.442Z,NORMAL,-16.22,2.5,50.01,1013.25,0,0,1,0,0,0,10,2,33,60,0.8,-59.993800000000235,20.004340000000056,91.90000000000062,NORMAL,POWER_SAVING,LOW,LOW,NORMAL,false,0.02358,0.476
2026-09-08T04:51:12.946Z,POLAR-001,2026-09-08T04:51:12.894Z,NORMAL,-16.22,22.5,50,1013.25,0,0,1,0,0,0,10,2,33,60,0.8,-59.99320000000026,20.00476000000006,91.60000000000068,NORMAL,POWER_SAVING,LOW,LOW,NORMAL,false,0.02358,0.476
2026-09-08T05:01:45.756Z,POLAR-001,2026-09-08T05:01:45.532Z,STORM,-16.22,-15.99,19.01,710.5,-0.266,-0.198,0.843,-12.41,11.49,17.41,14,4,33,60,1.2000000000000004,-59.967990000001194,20.022407000000285,78.56000000000316,HIGH_FREQUENCY,HIGH_LOAD,HIGH,HIGH,ANOMALY,true,-0.183429,0.683
2026-09-08T05:02:29.289Z,POLAR-001,2026-09-08T05:02:29.225Z,NORMAL,25,-3.49,33.01,1013.25,0,0,1,0,0,0,10,2,33,60,0.8,-59.999600000000015,20.000280000000004,94.80000000000004,NORMAL,POWER_SAVING,LOW,LOW,NORMAL,false,0.033056,0.467
2026-09-08T05:02:41.579Z,POLAR-001,2026-09-08T05:02:41.549Z,NORMAL,25,-3.49,33.01,526.75,0,0,1,0,0,0,10,2,33,60,0.8,-59.99912000000003,20.000616000000008,94.56000000000009,NORMAL,POWER_SAVING,LOW,LOW,ANOMALY,true,-0.010754,0.511
2026-09-08T05:02:51.537Z,POLAR-001,2026-09-08T05:02:51.502Z,NORMAL,25,-29.99,33.01,526.75,0,0,1,0,0,0,10,2,33,60,0.8,-59.99872000000005,20.00089600000001,94.36000000000013,NORMAL,POWER_SAVING,LOW,LOW,ANOMALY,true,-0.02535,0.525
2026-09-08T05:03:04.079Z,POLAR-001,2026-09-08T05:03:04.053Z,NORMAL,25,-29.99,33.01,526.75,0,0,1,0,0,0,10,2,33,60,0.8,-59.99824000000007,20.001232000000016,94.12000000000018,NORMAL,POWER_SAVING,LOW,LOW,ANOMALY,true,-0.02535,0.525
2026-09-08T05:03:43.485Z,POLAR-001,2026-09-08T05:03:43.423Z,NORMAL,25,-29.99,33.01,526.75,0,0,1,0,0,0,10,2,33,60,0.8,-59.996680000000126,20.00232400000003,93.34000000000033,NORMAL,POWER_SAVING,LOW,LOW,ANOMALY,true,-0.02535,0.525
2026-09-08T05:04:22.022Z,POLAR-001,2026-09-08T05:04:21.996Z,NORMAL,25,-29.99,33.01,526.75,0,0,1,0,0,0,10,2,33,60,0.8,-59.995120000000185,20.003416000000044,92.56000000000049,NORMAL,POWER_SAVING,LOW,LOW,ANOMALY,true,-0.02535,0.525
2026-09-08T05:04:31.252Z,POLAR-001,2026-09-08T05:04:31.221Z,NORMAL,25,-29.99,33.01,526.75,0,0,1,0,0,0,10,2,33,60,0.8,-59.9947600000002,20.003668000000047,92.38000000000052,NORMAL,POWER_SAVING,LOW,LOW,ANOMALY,true,-0.02535,0.525
2026-09-08T05:04:41.271Z,POLAR-001,2026-09-08T05:04:41.246Z,NORMAL,25,-29.99,33.01,526.75,0,0,1,0,0,0,10,2,33,60,0.8,-59.99436000000021,20.00394800000005,92.18000000000056,NORMAL,POWER_SAVING,LOW,LOW,ANOMALY,true,-0.02535,0.525
2026-09-08T05:04:49.082Z,POLAR-001,2026-09-08T05:04:49.030Z,STORM,25,-29.99,33.01,526.75,0.019,-0.207,1.085,17.06,0.77,16.78,12,3,33,60,1.0000000000000002,-59.99401500000022,20.004189500000052,91.78000000000058,HIGH_FREQUENCY,HIGH_LOAD,HIGH,HIGH,ANOMALY,true,-0.10741,0.607
2026-09-08T05:05:04.234Z,POLAR-001,2026-09-08T05:05:04.189Z,STORM,25,-29.99,33.01,526.75,0,-0.25,1,0.02,14,-0.03,10.5,2.25,33,60,0.8500000000000001,-59.99323500000022,20.004735500000052,91.12000000000063,HIGH_FREQUENCY,HIGH_LOAD,HIGH,HIGH,ANOMALY,true,-0.094492,0.594
2026-09-08T05:05:09.141Z,POLAR-001,2026-09-08T05:05:09.118Z,STORM,25,-29.99,33.01,526.75,-0.28,-0.244,1.158,-16.88,13.44,9.09,13,3.5,33,60,1.1000000000000003,-59.99298500000021,20.00491050000005,90.72000000000064,HIGH_FREQUENCY,HIGH_LOAD,HIGH,HIGH,ANOMALY,true,-0.197994,0.698
2026-09-08T05:05:34.950Z,POLAR-001,2026-09-08T05:05:34.899Z,STORM,25,-29.99,33.01,526.75,0.337,-0.227,0.85,-11.66,11.83,-16.46,25.5,9,33,60,1.6,-59.99109750000026,20.006231750000065,88.72000000000068,HIGH_FREQUENCY,HIGH_LOAD,HIGH,HIGH,ANOMALY,true,-0.219941,0.72
2026-09-08T06:48:31.252Z,POLAR-001,2026-09-08T06:48:31.252Z,NORMAL,-0.5,25,50,1013.25,0,0,1,0,0,0,9.3,1.76,33.58,58.5,0.72,-59.999964,20,0.004,0,94.98,NORMAL,POWER_SAVING,LOW,LOW,0,0,0.163,UNAVAILABLE,false,,
2026-09-08T06:48:35.603Z,POLAR-001,2026-09-08T06:48:35.603Z,NORMAL,-0.5,25,50,1013.25,0,0,1,0,0,0,8.6,1.76,33.66,57,0.64,-59.999932,20,0.008,0,94.96,NORMAL,POWER_SAVING,LOW,LOW,0,0,0.163,UNAVAILABLE,false,,
2026-09-08T06:48:40.608Z,POLAR-001,2026-09-08T06:48:40.608Z,NORMAL,-0.5,25,50,1013.25,0,0,1,0,0,0,8,1.76,33.74,55.5,0.56,-59.999904,20,0.011,0,94.94,NORMAL,POWER_SAVING,LOW,LOW,0,0,0.163,UNAVAILABLE,false,,
2026-09-08T06:48:45.608Z,POLAR-001,2026-09-08T06:48:45.608Z,NORMAL,-0.5,25,50,1013.25,0,0,1,0,0,0,8,1.76,33.82,55,0.48,-59.999879,20,0.013,0,94.92,NORMAL,POWER_SAVING,LOW,LOW,0,0,0.163,UNAVAILABLE,false,,
2026-09-08T06:48:50.619Z,POLAR-001,2026-09-08T06:48:50.619Z,NORMAL,-0.5,25,50,1013.25,0,0,1,0,0,0,8,1.76,33.84,55,0.4,-59.999858,20,0.016,0,94.9,NORMAL,POWER_SAVING,LOW,LOW,0,0,0.163,UNAVAILABLE,false,,
2026-09-08T06:48:50.832Z,POLAR-001,2026-09-08T06:48:50.832Z,NORMAL,-0.5,25,50,1013.25,0,0,1,0,0,0,8,1.76,33.84,55,0.32,-59.99984,20,0.018,0,94.88,NORMAL,POWER_SAVING,LOW,LOW,0,0,0.163,UNAVAILABLE,false,,
2026-09-08T06:48:55.620Z,POLAR-001,2026-09-08T06:48:55.620Z,NORMAL,-0.5,25,50,1013.25,0,0,1,0,0,0,8,1.76,33.84,55,0.3,-59.999824,20,0.02,0,94.86,NORMAL,POWER_SAVING,LOW,LOW,0,0,0.163,UNAVAILABLE,false,,
2026-09-08T06:49:00.620Z,POLAR-001,2026-09-08T06:49:00.620Z,NORMAL,-0.5,25,50,1013.25,0,0,1,0,0,0,8,1.76,33.84,55,0.3,-59.999807,20,0.021,0,94.84,NORMAL,POWER_SAVING,LOW,LOW,0,0,0.163,UNAVAILABLE,false,,
2026-09-08T06:49:05.628Z,POLAR-001,2026-09-08T06:49:05.628Z,NORMAL,-0.5,25,50,1013.25,0,0,1,0,0,0,8,1.76,33.84,55,0.3,-59.99979,20,0.023,0,94.82,NORMAL,POWER_SAVING,LOW,LOW,0,0,0.163,UNAVAILABLE,false,,
2026-09-08T06:49:10.630Z,POLAR-001,2026-09-08T06:49:10.630Z,NORMAL,-0.5,25,50,1013.25,0,0,1,0,0,0,8,1.76,33.84,55,0.3,-59.999774,20,0.025,0,94.8,NORMAL,POWER_SAVING,LOW,LOW,0,0,0.163,UNAVAILABLE,false,,
2026-09-08T06:49:15.637Z,POLAR-001,2026-09-08T06:49:15.637Z,NORMAL,-0.5,25,50,1013.25,0,0,1,0,0,0,8,1.76,33.84,55,0.3,-59.999757,20,0.027,0,94.78,NORMAL,POWER_SAVING,LOW,LOW,0,0,0.163,UNAVAILABLE,false,,
2026-09-08T06:49:20.641Z,POLAR-001,2026-09-08T06:49:20.641Z,NORMAL,-0.5,25,50,1013.25,0,0,1,0,0,0,8,1.76,33.84,55,0.3,-59.99974,20,0.029,0,94.76,NORMAL,POWER_SAVING,LOW,LOW,0,0,0.163,UNAVAILABLE,false,,
2026-09-08T06:49:25.646Z,POLAR-001,2026-09-08T06:49:25.646Z,NORMAL,-0.5,25,50,1013.25,0,0,1,0,0,0,8,1.76,33.84,55,0.3,-59.999724,20,0.031,0,94.74,NORMAL,POWER_SAVING,LOW,LOW,0,0,0.163,UNAVAILABLE,false,,
2026-09-08T06:49:30.659Z,POLAR-001,2026-09-08T06:49:30.659Z,NORMAL,-0.5,25,50,1013.25,0,0,1,0,0,0,8,1.76,33.84,55,0.3,-59.999707,20,0.033,0,94.72,NORMAL,POWER_SAVING,LOW,LOW,0,0,0.163,UNAVAILABLE,false,,
2026-09-08T06:49:35.659Z,POLAR-001,2026-09-08T06:49:35.659Z,NORMAL,-0.5,25,50,1013.25,0,0,1,0,0,0,8,1.76,33.84,55,0.3,-59.99969,20,0.034,0,94.7,NORMAL,POWER_SAVING,LOW,LOW,0,0,0.163,UNAVAILABLE,false,,
2026-09-08T06:49:40.663Z,POLAR-001,2026-09-08T06:49:40.663Z,NORMAL,-0.5,25,50,1013.25,0,0,1,0,0,0,8,1.76,33.84,55,0.3,-59.999674,20,0.036,0,94.68,NORMAL,POWER_SAVING,LOW,LOW,0,0,0.163,UNAVAILABLE,false,,
2026-09-08T06:49:45.678Z,POLAR-001,2026-09-08T06:49:45.678Z,NORMAL,-0.5,25,50,1013.25,0,0,1,0,0,0,8,1.76,33.84,55,0.3,-59.999657,20,0.038,0,94.66,NORMAL,POWER_SAVING,LOW,LOW,0,0,0.163,UNAVAILABLE,false,,
2026-09-08T06:49:50.684Z,POLAR-001,2026-09-08T06:49:50.684Z,NORMAL,-0.5,25,50,1013.25,0,0,1,0,0,0,8,1.76,33.84,55,0.3,-59.99964,20,0.04,0,94.64,NORMAL,POWER_SAVING,LOW,LOW,0,0,0.163,UNAVAILABLE,false,,
2026-09-08T06:49:55.694Z,POLAR-001,2026-09-08T06:49:55.694Z,NORMAL,-0.5,25,50,1013.25,0,0,1,0,0,0,8,1.76,33.84,55,0.3,-59.999624,20,0.042,0,94.62,NORMAL,POWER_SAVING,LOW,LOW,0,0,0.163,UNAVAILABLE,false,,
2026-09-08T06:50:00.702Z,POLAR-001,2026-09-08T06:50:00.702Z,NORMAL,-0.5,25,50,1013.25,0,0,1,0,0,0,8,1.76,33.84,55,0.3,-59.999607,20,0.044,0,94.6,NORMAL,POWER_SAVING,LOW,LOW,0,0,0.163,UNAVAILABLE,false,,
2026-09-08T06:50:05.703Z,POLAR-001,2026-09-08T06:50:05.703Z,NORMAL,-0.5,25,50,1013.25,0,0,1,0,0,0,8,1.76,33.84,55,0.3,-59.99959,20,0.045,0,94.58,NORMAL,POWER_SAVING,LOW,LOW,0,0,0.163,UNAVAILABLE,false,,
2026-09-08T06:50:10.708Z,POLAR-001,2026-09-08T06:50:10.709Z,NORMAL,-0.5,25,50,1013.25,0,0,1,0,0,0,8,1.76,33.84,55,0.3,-59.999573,20,0.047,0,94.56,NORMAL,POWER_SAVING,LOW,LOW,0,0,0.163,UNAVAILABLE,false,,
2026-09-08T06:50:15.718Z,POLAR-001,2026-09-08T06:50:15.718Z,NORMAL,-0.5,25,50,1013.25,0,0,1,0,0,0,8,1.76,33.84,55,0.3,-59.999557,20,0.049,0,94.54,NORMAL,POWER_SAVING,LOW,LOW,0,0,0.163,UNAVAILABLE,false,,
2026-09-08T06:50:20.716Z,POLAR-001,2026-09-08T06:50:20.716Z,NORMAL,-0.5,25,50,1013.25,0,0,1,0,0,0,8,1.76,33.84,55,0.3,-59.99954,20,0.051,0,94.52,NORMAL,POWER_SAVING,LOW,LOW,0,0,0.163,UNAVAILABLE,false,,
2026-09-08T06:50:25.722Z,POLAR-001,2026-09-08T06:50:25.722Z,NORMAL,-0.5,25,50,1013.25,0,0,1,0,0,0,8,1.76,33.84,55,0.3,-59.999523,20,0.053,0,94.5,NORMAL,POWER_SAVING,LOW,LOW,0,0,0.163,UNAVAILABLE,false,,
2026-09-08T06:50:30.729Z,POLAR-001,2026-09-08T06:50:30.729Z,NORMAL,-0.5,25,50,1013.25,0,0,1,0,0,0,8,1.76,33.84,55,0.3,-59.999507,20,0.055,0,94.48,NORMAL,POWER_SAVING,LOW,LOW,0,0,0.163,UNAVAILABLE,false,,
2026-09-08T06:50:35.741Z,POLAR-001,2026-09-08T06:50:35.741Z,NORMAL,-0.5,25,50,1013.25,0,0,1,0,0,0,8,1.76,33.84,55,0.3,-59.99949,20,0.057,0,94.46,NORMAL,POWER_SAVING,LOW,LOW,0,0,0.163,UNAVAILABLE,false,,
2026-09-08T06:50:40.747Z,POLAR-001,2026-09-08T06:50:40.747Z,NORMAL,-0.5,25,50,1013.25,0,0,1,0,0,0,8,1.76,33.84,55,0.3,-59.999473,20,0.058,0,94.44,NORMAL,POWER_SAVING,LOW,LOW,0,0,0.163,UNAVAILABLE,false,,
2026-09-08T06:50:45.753Z,POLAR-001,2026-09-08T06:50:45.753Z,NORMAL,-0.5,25,50,1013.25,0,0,1,0,0,0,8,1.76,33.84,55,0.3,-59.999457,20,0.06,0,94.42,NORMAL,POWER_SAVING,LOW,LOW,0,0,0.163,UNAVAILABLE,false,,
2026-09-08T06:57:42.047Z,POLAR-001,2026-09-08T06:57:42.047Z,NORMAL,25,25,50,1013.25,0,0,1,0,0,0,9.3,1.76,33.42,58.5,0.72,-59.999964,20,0.004,0,94.98,NORMAL,POWER_SAVING,LOW,LOW,0,0,1,UNAVAILABLE,false,,
2026-09-08T06:57:44.131Z,POLAR-001,2026-09-08T06:57:44.131Z,NORMAL,25,25,50,1013.25,0,0,1,0,0,0,8.6,1.76,33.34,57,0.64,-59.999932,20,0.008,0,94.96,NORMAL,POWER_SAVING,LOW,LOW,0,0,1,UNAVAILABLE,false,,
2026-09-08T06:57:49.143Z,POLAR-001,2026-09-08T06:57:49.143Z,NORMAL,25,25,50,1013.25,0,0,1,0,0,0,8,1.76,33.26,55.5,0.56,-59.999904,20,0.011,0,94.94,NORMAL,POWER_SAVING,LOW,LOW,0,0,1,UNAVAILABLE,false,,
2026-09-08T06:57:54.156Z,POLAR-001,2026-09-08T06:57:54.156Z,NORMAL,25,25,50,1013.25,0,0,1,0,0,0,8,1.76,33.18,54,0.48,-59.999879,20,0.013,0,94.92,NORMAL,POWER_SAVING,LOW,LOW,0,0,1,UNAVAILABLE,false,,
2026-09-08T06:57:59.158Z,POLAR-001,2026-09-08T06:57:59.158Z,NORMAL,25,25,50,1013.25,0,0,1,0,0,0,8,1.76,33.1,52.5,0.4,-59.999858,20,0.016,0,94.9,NORMAL,POWER_SAVING,LOW,LOW,0,0,1,UNAVAILABLE,false,,
2026-09-08T06:58:04.169Z,POLAR-001,2026-09-08T06:58:04.169Z,NORMAL,25,25,50,1013.25,0,0,1,0,0,0,8,1.76,33.02,51,0.32,-59.99984,20,0.018,0,94.88,NORMAL,POWER_SAVING,LOW,LOW,0,0,1,UNAVAILABLE,false,,
2026-09-08T06:58:09.171Z,POLAR-001,2026-09-08T06:58:09.171Z,NORMAL,25,25,50,1013.25,0,0,1,0,0,0,8,1.76,32.94,49.5,0.3,-59.999824,20,0.02,0,94.86,NORMAL,POWER_SAVING,LOW,LOW,0,0,1,UNAVAILABLE,false,,
2026-09-08T06:58:14.172Z,POLAR-001,2026-09-08T06:58:14.172Z,NORMAL,25,25,50,1013.25,0,0,1,0,0,0,8,1.76,32.86,48,0.3,-59.999807,20,0.021,0,94.84,NORMAL,POWER_SAVING,LOW,LOW,0,0,1,UNAVAILABLE,false,,
2026-09-08T06:58:19.173Z,POLAR-001,2026-09-08T06:58:19.173Z,NORMAL,25,25,50,1013.25,0,0,1,0,0,0,8,1.76,32.78,46.5,0.3,-59.99979,20,0.023,0,94.82,NORMAL,POWER_SAVING,LOW,LOW,0,0,1,UNAVAILABLE,false,,
2026-09-08T06:58:24.176Z,POLAR-001,2026-09-08T06:58:24.176Z,NORMAL,25,25,50,1013.25,0,0,1,0,0,0,8,1.76,32.7,45,0.3,-59.999774,20,0.025,0,94.8,NORMAL,POWER_SAVING,LOW,LOW,0,0,1,UNAVAILABLE,false,,
2026-09-08T06:58:29.184Z,POLAR-001,2026-09-08T06:58:29.184Z,NORMAL,25,25,50,1013.25,0,0,1,0,0,0,8,1.76,32.62,43.5,0.3,-59.999757,20,0.027,0,94.78,NORMAL,POWER_SAVING,LOW,LOW,0,0,1,UNAVAILABLE,false,,
2026-09-08T06:58:34.194Z,POLAR-001,2026-09-08T06:58:34.194Z,NORMAL,25,25,50,1013.25,0,0,1,0,0,0,8,1.76,32.54,42,0.3,-59.99974,20,0.029,0,94.76,NORMAL,POWER_SAVING,LOW,LOW,0,0,1,UNAVAILABLE,false,,
2026-09-08T06:58:39.203Z,POLAR-001,2026-09-08T06:58:39.203Z,NORMAL,25,25,50,1013.25,0,0,1,0,0,0,8,1.76,32.46,40.5,0.3,-59.999724,20,0.031,0,94.74,NORMAL,POWER_SAVING,LOW,LOW,0,0,1,UNAVAILABLE,false,,
2026-09-08T06:58:41.023Z,POLAR-001,2026-09-08T06:58:41.023Z,NORMAL,25,25,50,1013.25,0,0,1,0,0,0,8,1.76,32.38,39,0.3,-59.999707,20,0.033,0,94.72,NORMAL,POWER_SAVING,LOW,LOW,0,0,1,UNAVAILABLE,false,,
2026-09-08T06:58:44.209Z,POLAR-001,2026-09-08T06:58:44.209Z,NORMAL,25,25,50,1013.25,0,0,1,0,0,0,8,1.76,32.3,37.5,0.3,-59.99969,20,0.034,0,94.7,NORMAL,POWER_SAVING,LOW,LOW,0,0,1,UNAVAILABLE,false,,
2026-09-08T06:58:49.213Z,POLAR-001,2026-09-08T06:58:49.213Z,NORMAL,25,25,50,1013.25,0,0,1,0,0,0,8,1.76,32.22,36,0.3,-59.999674,20,0.036,0,94.68,NORMAL,POWER_SAVING,LOW,LOW,0,0,1,UNAVAILABLE,false,,
2026-09-08T06:58:54.219Z,POLAR-001,2026-09-08T06:58:54.219Z,NORMAL,25,25,50,1013.25,0,0,1,0,0,0,8,1.76,32.14,35,0.3,-59.999657,20,0.038,0,94.66,NORMAL,POWER_SAVING,LOW,LOW,0,0,1,UNAVAILABLE,false,,
2026-09-08T06:58:59.225Z,POLAR-001,2026-09-08T06:58:59.225Z,NORMAL,25,25,50,1013.25,0,0,1,0,0,0,8,1.76,32.06,35,0.3,-59.99964,20,0.04,0,94.64,NORMAL,POWER_SAVING,LOW,LOW,0,0,1,UNAVAILABLE,false,,
2026-09-08T06:59:04.231Z,POLAR-001,2026-09-08T06:59:04.231Z,NORMAL,25,25,50,1013.25,0,0,1,0,0,0,8,1.76,31.98,35,0.3,-59.999624,20,0.042,0,94.62,NORMAL,POWER_SAVING,LOW,LOW,0,0,1,UNAVAILABLE,false,,
2026-09-08T06:59:09.238Z,POLAR-001,2026-09-08T06:59:09.238Z,NORMAL,25,25,50,1013.25,0,0,1,0,0,0,8,1.76,31.9,35,0.3,-59.999607,20,0.044,0,94.6,NORMAL,POWER_SAVING,LOW,LOW,0,0,1,UNAVAILABLE,false,,
2026-09-08T06:59:14.246Z,POLAR-001,2026-09-08T06:59:14.246Z,NORMAL,25,25,50,1013.25,0,0,1,0,0,0,8,1.76,31.82,35,0.3,-59.99959,20,0.045,0,94.58,NORMAL,POWER_SAVING,LOW,LOW,0,0,1,UNAVAILABLE,false,,
2026-09-08T06:59:19.247Z,POLAR-001,2026-09-08T06:59:19.247Z,NORMAL,25,25,50,1013.25,0,0,1,0,0,0,8,1.76,31.74,35,0.3,-59.999573,20,0.047,0,94.56,NORMAL,POWER_SAVING,LOW,LOW,0,0,1,UNAVAILABLE,false,,
2026-09-08T06:59:24.261Z,POLAR-001,2026-09-08T06:59:24.261Z,NORMAL,25,25,50,1013.25,0,0,1,0,0,0,8,1.76,31.66,35,0.3,-59.999557,20,0.049,0,94.54,NORMAL,POWER_SAVING,LOW,LOW,0,0,1,UNAVAILABLE,false,,
2026-09-08T06:59:29.267Z,POLAR-001,2026-09-08T06:59:29.267Z,NORMAL,25,25,50,1013.25,0,0,1,0,0,0,8,1.76,31.58,35,0.3,-59.99954,20,0.051,0,94.52,NORMAL,POWER_SAVING,LOW,LOW,0,0,1,UNAVAILABLE,false,,
2026-09-08T06:59:34.273Z,POLAR-001,2026-09-08T06:59:34.273Z,NORMAL,25,25,50,1013.25,0,0,1,0,0,0,8,1.76,31.5,35,0.3,-59.999523,20,0.053,0,94.5,NORMAL,POWER_SAVING,LOW,LOW,0,0,1,UNAVAILABLE,false,,
2026-09-08T06:59:39.274Z,POLAR-001,2026-09-08T06:59:39.274Z,NORMAL,25,25,50,1013.25,0,0,1,0,0,0,8,1.76,31.42,35,0.3,-59.999507,20,0.055,0,94.48,NORMAL,POWER_SAVING,LOW,LOW,0,0,1,UNAVAILABLE,false,,
2026-09-08T06:59:44.283Z,POLAR-001,2026-09-08T06:59:44.283Z,NORMAL,25,25,50,1013.25,0,0,1,0,0,0,8,1.76,31.34,35,0.3,-59.99949,20,0.057,0,94.46,NORMAL,POWER_SAVING,LOW,LOW,0,0,1,UNAVAILABLE,false,,
2026-09-08T06:59:49.294Z,POLAR-001,2026-09-08T06:59:49.294Z,NORMAL,25,25,50,1013.25,0,0,1,0,0,0,8,1.76,31.26,35,0.3,-59.999473,20,0.058,0,94.44,NORMAL,POWER_SAVING,LOW,LOW,0,0,1,UNAVAILABLE,false,,
2026-09-08T06:59:54.295Z,POLAR-001,2026-09-08T06:59:54.295Z,NORMAL,25,25,50,1013.25,0,0,1,0,0,0,8,1.76,31.18,35,0.3,-59.999457,20,0.06,0,94.42,NORMAL,POWER_SAVING,LOW,LOW,0,0,1,UNAVAILABLE,false,,
2026-09-08T06:59:59.302Z,POLAR-001,2026-09-08T06:59:59.302Z,NORMAL,25,25,50,1013.25,0,0,1,0,0,0,8,1.76,31.1,35,0.3,-59.99944,20,0.062,0,94.4,NORMAL,POWER_SAVING,LOW,LOW,0,0,1,UNAVAILABLE,false,,
2026-09-08T07:00:04.308Z,POLAR-001,2026-09-08T07:00:04.308Z,NORMAL,25,25,50,1013.25,0,0,1,0,0,0,8,1.76,31.02,35,0.3,-59.999423,20,0.064,0,94.38,NORMAL,POWER_SAVING,LOW,LOW,0,0,1,UNAVAILABLE,false,,
2026-09-08T07:00:09.326Z,POLAR-001,2026-09-08T07:00:09.326Z,NORMAL,25,25,50,1013.25,0,0,1,0,0,0,8,1.76,30.94,35,0.3,-59.999407,20,0.066,0,94.36,NORMAL,POWER_SAVING,LOW,LOW,0,0,1,UNAVAILABLE,false,,
2026-09-08T07:00:14.336Z,POLAR-001,2026-09-08T07:00:14.336Z,NORMAL,25,25,50,1013.25,0,0,1,0,0,0,8,1.76,30.86,35,0.3,-59.99939,20,0.068,0,94.34,NORMAL,POWER_SAVING,LOW,LOW,0,0,1,UNAVAILABLE,false,,
2026-09-08T07:00:19.332Z,POLAR-001,2026-09-08T07:00:19.332Z,NORMAL,25,25,50,1013.25,0,0,1,0,0,0,8,1.76,30.78,35,0.3,-59.999373,20,0.07,0,94.32,NORMAL,POWER_SAVING,LOW,LOW,0,0,1,UNAVAILABLE,false,,
2026-09-08T07:00:24.342Z,POLAR-001,2026-09-08T07:00:24.342Z,NORMAL,25,25,50,1013.25,0,0,1,0,0,0,8,1.76,30.7,35,0.3,-59.999357,20,0.071,0,94.3,NORMAL,POWER_SAVING,LOW,LOW,0,0,1,UNAVAILABLE,false,,
2026-09-08T07:00:29.354Z,POLAR-001,2026-09-08T07:00:29.354Z,NORMAL,25,25,50,1013.25,0,0,1,0,0,0,8,1.76,30.68,35,0.3,-59.99934,20,0.073,0,94.28,NORMAL,POWER_SAVING,LOW,LOW,0,0,1,UNAVAILABLE,false,,
2026-09-08T07:00:34.368Z,POLAR-001,2026-09-08T07:00:34.368Z,NORMAL,25,25,50,1013.25,0,0,1,0,0,0,8,1.76,30.68,35,0.3,-59.999323,20,0.075,0,94.26,NORMAL,POWER_SAVING,LOW,LOW,0,0,1,UNAVAILABLE,false,,
2026-09-08T07:00:39.377Z,POLAR-001,2026-09-08T07:00:39.377Z,NORMAL,25,25,50,1013.25,0,0,1,0,0,0,8,1.76,30.68,35,0.3,-59.999307,20,0.077,0,94.24,NORMAL,POWER_SAVING,LOW,LOW,0,0,1,UNAVAILABLE,false,,
2026-09-08T07:00:44.392Z,POLAR-001,2026-09-08T07:00:44.392Z,NORMAL,25,25,50,1013.25,0,0,1,0,0,0,8,1.76,30.68,35,0.3,-59.99929,20,0.079,0,94.22,NORMAL,POWER_SAVING,LOW,LOW,0,0,1,UNAVAILABLE,false,,
2026-09-08T07:00:49.402Z,POLAR-001,2026-09-08T07:00:49.402Z,NORMAL,25,25,50,1013.25,0,0,1,0,0,0,8,1.76,30.68,35,0.3,-59.999273,20,0.081,0,94.2,NORMAL,POWER_SAVING,LOW,LOW,0,0,1,UNAVAILABLE,false,,
2026-09-08T07:00:54.406Z,POLAR-001,2026-09-08T07:00:54.406Z,NORMAL,25,25,50,1013.25,0,0,1,0,0,0,8,1.76,30.68,35,0.3,-59.999256,20,0.083,0,94.18,NORMAL,POWER_SAVING,LOW,LOW,0,0,1,UNAVAILABLE,false,,
2026-09-08T07:00:59.409Z,POLAR-001,2026-09-08T07:00:59.409Z,NORMAL,25,25,50,1013.25,0,0,1,0,0,0,8,1.76,30.68,35,0.3,-59.99924,20,0.084,0,94.16,NORMAL,POWER_SAVING,LOW,LOW,0,0,1,UNAVAILABLE,false,,
2026-09-08T07:01:04.418Z,POLAR-001,2026-09-08T07:01:04.418Z,NORMAL,25,25,50,1013.25,0,0,1,0,0,0,8,1.76,30.68,35,0.3,-59.999223,20,0.086,0,94.14,NORMAL,POWER_SAVING,LOW,LOW,0,0,1,UNAVAILABLE,false,,
2026-09-08T07:01:09.422Z,POLAR-001,2026-09-08T07:01:09.422Z,NORMAL,25,25,50,1013.25,0,0,1,0,0,0,8,1.76,30.68,35,0.3,-59.999206,20,0.088,0,94.12,NORMAL,POWER_SAVING,LOW,LOW,0,0,1,UNAVAILABLE,false,,
2026-09-08T07:01:14.425Z,POLAR-001,2026-09-08T07:01:14.425Z,NORMAL,25,25,50,1013.25,0,0,1,0,0,0,8,1.76,30.68,35,0.3,-59.99919,20,0.09,0,94.1,NORMAL,POWER_SAVING,LOW,LOW,0,0,1,UNAVAILABLE,false,,
2026-09-08T07:01:19.432Z,POLAR-001,2026-09-08T07:01:19.432Z,NORMAL,25,25,50,1013.25,0,0,1,0,0,0,8,1.76,30.68,35,0.3,-59.999173,20,0.092,0,94.08,NORMAL,POWER_SAVING,LOW,LOW,0,0,1,UNAVAILABLE,false,,
2026-09-08T07:01:24.447Z,POLAR-001,2026-09-08T07:01:24.447Z,NORMAL,25,25,50,1013.25,0,0,1,0,0,0,8,1.76,30.68,35,0.3,-59.999156,20,0.094,0,94.06,NORMAL,POWER_SAVING,LOW,LOW,0,0,1,UNAVAILABLE,false,,
2026-09-08T07:01:29.456Z,POLAR-001,2026-09-08T07:01:29.456Z,NORMAL,25,25,50,1013.25,0,0,1,0,0,0,8,1.76,30.68,35,0.3,-59.99914,20,0.095,0,94.04,NORMAL,POWER_SAVING,LOW,LOW,0,0,1,UNAVAILABLE,false,,
2026-09-08T07:01:34.458Z,POLAR-001,2026-09-08T07:01:34.458Z,NORMAL,25,25,50,1013.25,0,0,1,0,0,0,8,1.76,30.68,35,0.3,-59.999123,20,0.097,0,94.02,NORMAL,POWER_SAVING,LOW,LOW,0,0,1,UNAVAILABLE,false,,
2026-09-08T07:01:39.460Z,POLAR-001,2026-09-08T07:01:39.460Z,NORMAL,25,25,50,1013.25,0,0,1,0,0,0,8,1.76,30.68,35,0.3,-59.999106,20,0.099,0,94,NORMAL,POWER_SAVING,LOW,LOW,0,0,1,UNAVAILABLE,false,,
2026-09-08T07:01:44.464Z,POLAR-001,2026-09-08T07:01:44.464Z,NORMAL,25,25,50,1013.25,0,0,1,0,0,0,8,1.76,30.68,35,0.3,-59.99909,20,0.101,0,93.98,NORMAL,POWER_SAVING,LOW,LOW,0,0,1,UNAVAILABLE,false,,
2026-09-08T07:01:49.477Z,POLAR-001,2026-09-08T07:01:49.477Z,NORMAL,25,25,50,1013.25,0,0,1,0,0,0,8,1.76,30.68,35,0.3,-59.999073,20,0.103,0,93.96,NORMAL,POWER_SAVING,LOW,LOW,0,0,1,UNAVAILABLE,false,,
2026-09-08T07:01:54.486Z,POLAR-001,2026-09-08T07:01:54.486Z,NORMAL,25,25,50,1013.25,0,0,1,0,0,0,8,1.76,30.68,35,0.3,-59.999056,20,0.105,0,93.94,NORMAL,POWER_SAVING,LOW,LOW,0,0,1,UNAVAILABLE,false,,
2026-09-08T07:01:59.487Z,POLAR-001,2026-09-08T07:01:59.487Z,NORMAL,25,25,50,1013.25,0,0,1,0,0,0,8,1.76,30.68,35,0.3,-59.99904,20,0.107,0,93.92,NORMAL,POWER_SAVING,LOW,LOW,0,0,1,UNAVAILABLE,false,,
2026-09-08T07:02:04.494Z,POLAR-001,2026-09-08T07:02:04.494Z,NORMAL,25,25,50,1013.25,0,0,1,0,0,0,8,1.76,30.68,35,0.3,-59.999023,20,0.108,0,93.9,NORMAL,POWER_SAVING,LOW,LOW,0,0,1,UNAVAILABLE,false,,
2026-09-08T07:02:09.495Z,POLAR-001,2026-09-08T07:02:09.495Z,NORMAL,25,25,50,1013.25,0,0,1,0,0,0,8,1.76,30.68,35,0.3,-59.999006,20,0.11,0,93.88,NORMAL,POWER_SAVING,LOW,LOW,0,0,1,UNAVAILABLE,false,,
2026-09-08T07:02:14.503Z,POLAR-001,2026-09-08T07:02:14.503Z,NORMAL,25,25,50,1013.25,0,0,1,0,0,0,8,1.76,30.68,35,0.3,-59.99899,20,0.112,0,93.86,NORMAL,POWER_SAVING,LOW,LOW,0,0,1,UNAVAILABLE,false,,
2026-09-08T07:02:19.507Z,POLAR-001,2026-09-08T07:02:19.507Z,NORMAL,25,25,50,1013.25,0,0,1,0,0,0,8,1.76,30.68,35,0.3,-59.998973,20,0.114,0,93.84,NORMAL,POWER_SAVING,LOW,LOW,0,0,1,UNAVAILABLE,false,,
2026-09-08T07:02:21.765Z,POLAR-001,2026-09-08T07:02:21.765Z,NORMAL,25,25,50,1013.25,0,0,1,0,0,0,8,1.76,30.68,35,0.3,-59.998956,20,0.116,0,93.82,NORMAL,POWER_SAVING,LOW,LOW,0,0,1,ANOMALY,true,-0.064961,0.565
2026-09-08T07:02:24.514Z,POLAR-001,2026-09-08T07:02:24.514Z,NORMAL,25,25,50,1013.25,0,0,1,0,0,0,8,1.76,30.68,35,0.3,-59.998939,20,0.118,0,93.8,NORMAL,POWER_SAVING,LOW,LOW,0,0,1,ANOMALY,true,-0.064961,0.565
2026-09-08T07:02:29.522Z,POLAR-001,2026-09-08T07:02:29.522Z,NORMAL,25,25,50,1013.25,0,0,1,0,0,0,8,1.76,30.68,35,0.3,-59.998923,20,0.12,0,93.78,NORMAL,POWER_SAVING,LOW,LOW,0,0,1,ANOMALY,true,-0.064961,0.565
2026-09-08T07:02:31.517Z,POLAR-001,2026-09-08T07:02:31.517Z,NORMAL,25,25,50,1013.25,0,0,1,0,0,0,8,1.76,30.68,35,0.3,-59.998906,20,0.121,0,93.76,NORMAL,POWER_SAVING,LOW,LOW,0,0,1,ANOMALY,true,-0.064961,0.565
2026-09-08T07:02:34.527Z,POLAR-001,2026-09-08T07:02:34.527Z,NORMAL,25,25,50,1013.25,0,0,1,0,0,0,8,1.76,30.68,35,0.3,-59.998889,20,0.123,0,93.74,NORMAL,POWER_SAVING,LOW,LOW,0,0,1,ANOMALY,true,-0.064961,0.565
2026-09-08T07:02:39.530Z,POLAR-001,2026-09-08T07:02:39.530Z,NORMAL,25,25,50,1013.25,0,0,1,0,0,0,8,1.76,30.68,35,0.3,-59.998873,20,0.125,0,93.72,NORMAL,POWER_SAVING,LOW,LOW,0,0,1,ANOMALY,true,-0.064961,0.565
2026-09-08T07:02:44.532Z,POLAR-001,2026-09-08T07:02:44.532Z,NORMAL,25,25,50,1013.25,0,0,1,0,0,0,8,1.76,30.68,35,0.3,-59.998856,20,0.127,0,93.7,NORMAL,POWER_SAVING,LOW,LOW,0,0,1,ANOMALY,true,-0.064961,0.565
2026-09-08T07:02:49.535Z,POLAR-001,2026-09-08T07:02:49.535Z,NORMAL,25,25,50,1013.25,0,0,1,0,0,0,8,1.76,30.68,35,0.3,-59.998839,20,0.129,0,93.68,NORMAL,POWER_SAVING,LOW,LOW,0,0,1,ANOMALY,true,-0.064961,0.565
2026-09-08T07:02:54.538Z,POLAR-001,2026-09-08T07:02:54.538Z,NORMAL,25,25,50,1013.25,0,0,1,0,0,0,8,1.76,30.68,35,0.3,-59.998823,20,0.131,0,93.66,NORMAL,POWER_SAVING,LOW,LOW,0,0,1,ANOMALY,true,-0.064961,0.565
2026-09-08T07:02:59.549Z,POLAR-001,2026-09-08T07:02:59.549Z,NORMAL,25,25,50,1013.25,0,0,1,0,0,0,8,1.76,30.68,35,0.3,-59.998806,20,0.133,0,93.64,NORMAL,POWER_SAVING,LOW,LOW,0,0,1,ANOMALY,true,-0.064961,0.565
2026-09-08T07:03:04.551Z,POLAR-001,2026-09-08T07:03:04.551Z,NORMAL,25,25,50,1013.25,0,0,1,0,0,0,8,1.76,30.68,35,0.3,-59.998789,20,0.134,0,93.62,NORMAL,POWER_SAVING,LOW,LOW,0,0,1,ANOMALY,true,-0.064961,0.565
2026-09-08T07:03:09.551Z,POLAR-001,2026-09-08T07:03:09.551Z,NORMAL,25,25,50,1013.25,0,0,1,0,0,0,8,1.76,30.68,35,0.3,-59.998773,20,0.136,0,93.6,NORMAL,POWER_SAVING,LOW,LOW,0,0,1,ANOMALY,true,-0.064961,0.565
2026-09-08T07:03:14.551Z,POLAR-001,2026-09-08T07:03:14.551Z,NORMAL,25,25,50,1013.25,0,0,1,0,0,0,8,1.76,30.68,35,0.3,-59.998756,20,0.138,0,93.58,NORMAL,POWER_SAVING,LOW,LOW,0,0,1,ANOMALY,true,-0.064961,0.565
2026-09-08T07:03:19.555Z,POLAR-001,2026-09-08T07:03:19.555Z,NORMAL,25,25,50,1013.25,0,0,1,0,0,0,8,1.76,30.68,35,0.3,-59.998739,20,0.14,0,93.56,NORMAL,POWER_SAVING,LOW,LOW,0,0,1,ANOMALY,true,-0.064961,0.565
2026-09-08T07:03:24.562Z,POLAR-001,2026-09-08T07:03:24.562Z,NORMAL,25,25,50,1013.25,0,0,1,0,0,0,8,1.76,30.68,35,0.3,-59.998723,20,0.142,0,93.54,NORMAL,POWER_SAVING,LOW,LOW,0,0,1,ANOMALY,true,-0.064961,0.565
2026-09-08T07:03:29.569Z,POLAR-001,2026-09-08T07:03:29.569Z,NORMAL,25,25,50,1013.25,0,0,1,0,0,0,8,1.76,30.68,35,0.3,-59.998706,20,0.144,0,93.52,NORMAL,POWER_SAVING,LOW,LOW,0,0,1,ANOMALY,true,-0.064961,0.565
2026-09-08T07:03:34.577Z,POLAR-001,2026-09-08T07:03:34.577Z,NORMAL,25,25,50,1013.25,0,0,1,0,0,0,8,1.76,30.68,35,0.3,-59.998689,20,0.146,0,93.5,NORMAL,POWER_SAVING,LOW,LOW,0,0,1,ANOMALY,true,-0.064961,0.565
2026-09-08T07:03:39.589Z,POLAR-001,2026-09-08T07:03:39.589Z,NORMAL,25,25,50,1013.25,0,0,1,0,0,0,8,1.76,30.68,35,0.3,-59.998673,20,0.147,0,93.48,NORMAL,POWER_SAVING,LOW,LOW,0,0,1,ANOMALY,true,-0.064961,0.565
2026-09-08T07:03:44.594Z,POLAR-001,2026-09-08T07:03:44.594Z,NORMAL,25,25,50,1013.25,0,0,1,0,0,0,8,1.76,30.68,35,0.3,-59.998656,20,0.149,0,93.46,NORMAL,POWER_SAVING,LOW,LOW,0,0,1,ANOMALY,true,-0.064961,0.565
2026-09-08T07:03:44.967Z,POLAR-001,2026-09-08T07:03:44.967Z,NORMAL,25,25,50,1013.25,0,0,1,0,0,0,8,1.76,30.68,35,0.3,-59.998639,20,0.151,0,93.44,NORMAL,POWER_SAVING,LOW,LOW,0,0,1,ANOMALY,true,-0.064961,0.565
2026-09-08T07:03:49.601Z,POLAR-001,2026-09-08T07:03:49.601Z,NORMAL,25,25,50,1013.25,0,0,1,0,0,0,8,1.76,30.68,35,0.3,-59.998622,20,0.153,0,93.42,NORMAL,POWER_SAVING,LOW,LOW,0,0,1,ANOMALY,true,-0.064961,0.565
2026-09-08T07:03:54.615Z,POLAR-001,2026-09-08T07:03:54.615Z,NORMAL,25,25,50,1013.25,0,0,1,0,0,0,8,1.76,30.68,35,0.3,-59.998606,20,0.155,0,93.4,NORMAL,POWER_SAVING,LOW,LOW,0,0,1,ANOMALY,true,-0.064961,0.565
2026-09-08T07:03:59.621Z,POLAR-001,2026-09-08T07:03:59.621Z,NORMAL,25,25,50,1013.25,0,0,1,0,0,0,8,1.76,30.68,35,0.3,-59.998589,20,0.157,0,93.38,NORMAL,POWER_SAVING,LOW,LOW,0,0,1,ANOMALY,true,-0.064961,0.565
2026-09-08T07:04:04.622Z,POLAR-001,2026-09-08T07:04:04.622Z,NORMAL,25,25,50,1013.25,0,0,1,0,0,0,8,1.76,30.68,35,0.3,-59.998572,20,0.158,0,93.36,NORMAL,POWER_SAVING,LOW,LOW,0,0,1,ANOMALY,true,-0.064961,0.565
2026-09-08T07:04:09.635Z,POLAR-001,2026-09-08T07:04:09.635Z,NORMAL,25,25,50,1013.25,0,0,1,0,0,0,8,1.76,30.68,35,0.3,-59.998556,20,0.16,0,93.34,NORMAL,POWER_SAVING,LOW,LOW,0,0,1,ANOMALY,true,-0.064961,0.565
2026-09-08T07:04:14.638Z,POLAR-001,2026-09-08T07:04:14.638Z,NORMAL,25,25,50,1013.25,0,0,1,0,0,0,8,1.76,30.68,35,0.3,-59.998539,20,0.162,0,93.32,NORMAL,POWER_SAVING,LOW,LOW,0,0,1,ANOMALY,true,-0.064961,0.565
2026-09-08T07:04:19.654Z,POLAR-001,2026-09-08T07:04:19.654Z,NORMAL,25,25,50,1013.25,0,0,1,0,0,0,8,1.76,30.68,35,0.3,-59.998522,20,0.164,0,93.3,NORMAL,POWER_SAVING,LOW,LOW,0,0,1,ANOMALY,true,-0.064961,0.565
2026-09-08T07:04:24.658Z,POLAR-001,2026-09-08T07:04:24.658Z,NORMAL,25,25,50,1013.25,0,0,1,0,0,0,8,1.76,30.68,35,0.3,-59.998506,20,0.166,0,93.28,NORMAL,POWER_SAVING,LOW,LOW,0,0,1,ANOMALY,true,-0.064961,0.565
2026-09-08T07:04:29.661Z,POLAR-001,2026-09-08T07:04:29.661Z,NORMAL,25,25,50,1013.25,0,0,1,0,0,0,8,1.76,30.68,35,0.3,-59.998489,20,0.168,0,93.26,NORMAL,POWER_SAVING,LOW,LOW,0,0,1,ANOMALY,true,-0.064961,0.565
2026-09-08T07:04:34.661Z,POLAR-001,2026-09-08T07:04:34.661Z,NORMAL,25,25,50,1013.25,0,0,1,0,0,0,8,1.76,30.68,35,0.3,-59.998472,20,0.17,0,93.24,NORMAL,POWER_SAVING,LOW,LOW,0,0,1,ANOMALY,true,-0.064961,0.565
2026-09-08T07:04:39.675Z,POLAR-001,2026-09-08T07:04:39.675Z,NORMAL,25,25,50,1013.25,0,0,1,0,0,0,8,1.76,30.68,35,0.3,-59.998456,20,0.171,0,93.22,NORMAL,POWER_SAVING,LOW,LOW,0,0,1,ANOMALY,true,-0.064961,0.565
2026-09-08T07:04:44.681Z,POLAR-001,2026-09-08T07:04:44.681Z,NORMAL,25,25,50,1013.25,0,0,1,0,0,0,8,1.76,30.68,35,0.3,-59.998439,20,0.173,0,93.2,NORMAL,POWER_SAVING,LOW,LOW,0,0,1,ANOMALY,true,-0.064961,0.565
2026-09-08T07:04:49.698Z,POLAR-001,2026-09-08T07:04:49.698Z,NORMAL,25,25,50,1013.25,0,0,1,0,0,0,8,1.76,30.68,35,0.3,-59.998422,20,0.175,0,93.18,NORMAL,POWER_SAVING,LOW,LOW,0,0,1,ANOMALY,true,-0.064961,0.565
2026-09-08T07:04:54.707Z,POLAR-001,2026-09-08T07:04:54.707Z,NORMAL,25,25,50,1013.25,0,0,1,0,0,0,8,1.76,30.68,35,0.3,-59.998406,20,0.177,0,93.16,NORMAL,POWER_SAVING,LOW,LOW,0,0,1,ANOMALY,true,-0.064961,0.565
2026-09-08T07:04:59.715Z,POLAR-001,2026-09-08T07:04:59.715Z,NORMAL,25,25,50,1013.25,0,0,1,0,0,0,8,1.76,30.68,35,0.3,-59.998389,20,0.179,0,93.14,NORMAL,POWER_SAVING,LOW,LOW,0,0,1,ANOMALY,true,-0.064961,0.565
2026-09-08T07:05:04.719Z,POLAR-001,2026-09-08T07:05:04.719Z,NORMAL,25,25,50,1013.25,0,0,1,0,0,0,8,1.76,30.68,35,0.3,-59.998372,20,0.181,0,93.12,NORMAL,POWER_SAVING,LOW,LOW,0,0,1,ANOMALY,true,-0.064961,0.565
2026-09-08T07:05:09.721Z,POLAR-001,2026-09-08T07:05:09.721Z,NORMAL,25,25,50,1013.25,0,0,1,0,0,0,8,1.76,30.68,35,0.3,-59.998355,20,0.183,0,93.1,NORMAL,POWER_SAVING,LOW,LOW,0,0,1,ANOMALY,true,-0.064961,0.565
2026-09-08T07:05:14.729Z,POLAR-001,2026-09-08T07:05:14.729Z,NORMAL,25,25,50,1013.25,0,0,1,0,0,0,8,1.76,30.68,35,0.3,-59.998339,20,0.184,0,93.08,NORMAL,POWER_SAVING,LOW,LOW,0,0,1,ANOMALY,true,-0.064961,0.565
2026-09-08T07:05:19.736Z,POLAR-001,2026-09-08T07:05:19.736Z,NORMAL,25,25,50,1013.25,0,0,1,0,0,0,8,1.76,30.68,35,0.3,-59.998322,20,0.186,0,93.06,NORMAL,POWER_SAVING,LOW,LOW,0,0,1,ANOMALY,true,-0.064961,0.565
2026-09-08T07:05:24.736Z,POLAR-001,2026-09-08T07:05:24.736Z,NORMAL,25,25,50,1013.25,0,0,1,0,0,0,8,1.76,30.68,35,0.3,-59.998305,20,0.188,0,93.04,NORMAL,POWER_SAVING,LOW,LOW,0,0,1,ANOMALY,true,-0.064961,0.565
2026-09-08T07:05:29.743Z,POLAR-001,2026-09-08T07:05:29.743Z,NORMAL,25,25,50,1013.25,0,0,1,0,0,0,8,1.76,30.68,35,0.3,-59.998289,20,0.19,0,93.02,NORMAL,POWER_SAVING,LOW,LOW,0,0,1,ANOMALY,true,-0.064961,0.565
2026-09-08T07:05:34.749Z,POLAR-001,2026-09-08T07:05:34.749Z,NORMAL,25,25,50,1013.25,0,0,1,0,0,0,8,1.76,30.68,35,0.3,-59.998272,20,0.192,0,93,NORMAL,POWER_SAVING,LOW,LOW,0,0,1,ANOMALY,true,-0.064961,0.565
2026-09-08T07:05:39.759Z,POLAR-001,2026-09-08T07:05:39.759Z,NORMAL,25,25,50,1013.25,0,0,1,0,0,0,8,1.76,30.68,35,0.3,-59.998255,20,0.194,0,92.98,NORMAL,POWER_SAVING,LOW,LOW,0,0,1,ANOMALY,true,-0.064961,0.565
2026-09-08T07:05:44.772Z,POLAR-001,2026-09-08T07:05:44.772Z,NORMAL,25,25,50,1013.25,0,0,1,0,0,0,8,1.76,30.68,35,0.3,-59.998239,20,0.196,0,92.96,NORMAL,POWER_SAVING,LOW,LOW,0,0,1,ANOMALY,true,-0.064961,0.565
2026-09-08T07:05:49.781Z,POLAR-001,2026-09-08T07:05:49.781Z,NORMAL,25,25,50,1013.25,0,0,1,0,0,0,8,1.76,30.68,35,0.3,-59.998222,20,0.197,0,92.94,NORMAL,POWER_SAVING,LOW,LOW,0,0,1,ANOMALY,true,-0.064961,0.565
2026-09-08T07:05:54.793Z,POLAR-001,2026-09-08T07:05:54.793Z,NORMAL,25,25,50,1013.25,0,0,1,0,0,0,8,1.76,30.68,35,0.3,-59.998205,20,0.199,0,92.92,NORMAL,POWER_SAVING,LOW,LOW,0,0,1,ANOMALY,true,-0.064961,0.565
2026-09-08T07:05:59.794Z,POLAR-001,2026-09-08T07:05:59.794Z,NORMAL,25,25,50,1013.25,0,0,1,0,0,0,8,1.76,30.68,35,0.3,-59.998189,20,0.201,0,92.9,NORMAL,POWER_SAVING,LOW,LOW,0,0,1,ANOMALY,true,-0.064961,0.565
2026-09-08T07:06:04.806Z,POLAR-001,2026-09-08T07:06:04.806Z,NORMAL,25,25,50,1013.25,0,0,1,0,0,0,8,1.76,30.68,35,0.3,-59.998172,20,0.203,0,92.88,NORMAL,POWER_SAVING,LOW,LOW,0,0,1,ANOMALY,true,-0.064961,0.565
2026-09-08T07:06:09.816Z,POLAR-001,2026-09-08T07:06:09.816Z,NORMAL,25,25,50,1013.25,0,0,1,0,0,0,8,1.76,30.68,35,0.3,-59.998155,20,0.205,0,92.86,NORMAL,POWER_SAVING,LOW,LOW,0,0,1,ANOMALY,true,-0.064961,0.565
2026-09-08T07:06:14.823Z,POLAR-001,2026-09-08T07:06:14.823Z,NORMAL,25,25,50,1013.25,0,0,1,0,0,0,8,1.76,30.68,35,0.3,-59.998139,20,0.207,0,92.84,NORMAL,POWER_SAVING,LOW,LOW,0,0,1,ANOMALY,true,-0.064961,0.565
2026-09-08T07:06:19.833Z,POLAR-001,2026-09-08T07:06:19.833Z,NORMAL,25,25,50,1013.25,0,0,1,0,0,0,8,1.76,30.68,35,0.3,-59.998122,20,0.208,0,92.82,NORMAL,POWER_SAVING,LOW,LOW,0,0,1,ANOMALY,true,-0.064961,0.565
2026-09-08T07:06:24.840Z,POLAR-001,2026-09-08T07:06:24.840Z,NORMAL,25,25,50,1013.25,0,0,1,0,0,0,8,1.76,30.68,35,0.3,-59.998105,20,0.21,0,92.8,NORMAL,POWER_SAVING,LOW,LOW,0,0,1,ANOMALY,true,-0.064961,0.565
2026-09-08T07:06:29.849Z,POLAR-001,2026-09-08T07:06:29.849Z,NORMAL,25,25,50,1013.25,0,0,1,0,0,0,8,1.76,30.68,35,0.3,-59.998089,20,0.212,0,92.78,NORMAL,POWER_SAVING,LOW,LOW,0,0,1,ANOMALY,true,-0.064961,0.565
2026-09-08T07:06:34.856Z,POLAR-001,2026-09-08T07:06:34.856Z,NORMAL,25,25,50,1013.25,0,0,1,0,0,0,8,1.76,30.68,35,0.3,-59.998072,20,0.214,0,92.76,NORMAL,POWER_SAVING,LOW,LOW,0,0,1,ANOMALY,true,-0.064961,0.565
2026-09-08T07:06:39.867Z,POLAR-001,2026-09-08T07:06:39.867Z,NORMAL,25,25,50,1013.25,0,0,1,0,0,0,8,1.76,30.68,35,0.3,-59.998055,20,0.216,0,92.74,NORMAL,POWER_SAVING,LOW,LOW,0,0,1,ANOMALY,true,-0.064961,0.565
2026-09-08T07:06:44.869Z,POLAR-001,2026-09-08T07:06:44.869Z,NORMAL,25,25,50,1013.25,0,0,1,0,0,0,8,1.76,30.68,35,0.3,-59.998038,20,0.218,0,92.72,NORMAL,POWER_SAVING,LOW,LOW,0,0,1,ANOMALY,true,-0.064961,0.565
2026-09-08T07:06:49.874Z,POLAR-001,2026-09-08T07:06:49.874Z,NORMAL,25,25,50,1013.25,0,0,1,0,0,0,8,1.76,30.68,35,0.3,-59.998022,20,0.22,0,92.7,NORMAL,POWER_SAVING,LOW,LOW,0,0,1,ANOMALY,true,-0.064961,0.565
2026-09-08T07:06:54.890Z,POLAR-001,2026-09-08T07:06:54.890Z,NORMAL,25,25,50,1013.25,0,0,1,0,0,0,8,1.76,30.68,35,0.3,-59.998005,20,0.221,0,92.68,NORMAL,POWER_SAVING,LOW,LOW,0,0,1,ANOMALY,true,-0.064961,0.565
2026-09-08T07:06:59.893Z,POLAR-001,2026-09-08T07:06:59.893Z,NORMAL,25,25,50,1013.25,0,0,1,0,0,0,8,1.76,30.68,35,0.3,-59.997988,20,0.223,0,92.66,NORMAL,POWER_SAVING,LOW,LOW,0,0,1,ANOMALY,true,-0.064961,0.565
2026-09-08T07:07:04.898Z,POLAR-001,2026-09-08T07:07:04.898Z,NORMAL,25,25,50,1013.25,0,0,1,0,0,0,8,1.76,30.68,35,0.3,-59.997972,20,0.225,0,92.64,NORMAL,POWER_SAVING,LOW,LOW,0,0,1,ANOMALY,true,-0.064961,0.565
2026-09-08T07:07:09.899Z,POLAR-001,2026-09-08T07:07:09.899Z,NORMAL,25,25,50,1013.25,0,0,1,0,0,0,8,1.76,30.68,35,0.3,-59.997955,20,0.227,0,92.62,NORMAL,POWER_SAVING,LOW,LOW,0,0,1,ANOMALY,true,-0.064961,0.565
2026-09-08T07:07:14.904Z,POLAR-001,2026-09-08T07:07:14.905Z,NORMAL,25,25,50,1013.25,0,0,1,0,0,0,8,1.76,30.68,35,0.3,-59.997938,20,0.229,0,92.6,NORMAL,POWER_SAVING,LOW,LOW,0,0,1,ANOMALY,true,-0.064961,0.565
2026-09-08T07:07:19.914Z,POLAR-001,2026-09-08T07:07:19.914Z,NORMAL,25,25,50,1013.25,0,0,1,0,0,0,8,1.76,30.68,35,0.3,-59.997922,20,0.231,0,92.58,NORMAL,POWER_SAVING,LOW,LOW,0,0,1,ANOMALY,true,-0.064961,0.565
2026-09-08T07:07:24.926Z,POLAR-001,2026-09-08T07:07:24.926Z,NORMAL,25,25,50,1013.25,0,0,1,0,0,0,8,1.76,30.68,35,0.3,-59.997905,20,0.233,0,92.56,NORMAL,POWER_SAVING,LOW,LOW,0,0,1,ANOMALY,true,-0.064961,0.565
2026-09-08T07:07:29.928Z,POLAR-001,2026-09-08T07:07:29.928Z,NORMAL,25,25,50,1013.25,0,0,1,0,0,0,8,1.76,30.68,35,0.3,-59.997888,20,0.234,0,92.54,NORMAL,POWER_SAVING,LOW,LOW,0,0,1,ANOMALY,true,-0.064961,0.565
2026-09-08T07:07:34.944Z,POLAR-001,2026-09-08T07:07:34.944Z,NORMAL,25,25,50,1013.25,0,0,1,0,0,0,8,1.76,30.68,35,0.3,-59.997872,20,0.236,0,92.52,NORMAL,POWER_SAVING,LOW,LOW,0,0,1,ANOMALY,true,-0.064961,0.565
2026-09-08T07:07:39.945Z,POLAR-001,2026-09-08T07:07:39.945Z,NORMAL,25,25,50,1013.25,0,0,1,0,0,0,8,1.76,30.68,35,0.3,-59.997855,20,0.238,0,92.5,NORMAL,POWER_SAVING,LOW,LOW,0,0,1,ANOMALY,true,-0.064961,0.565
2026-09-08T07:07:44.946Z,POLAR-001,2026-09-08T07:07:44.946Z,NORMAL,25,25,50,1013.25,0,0,1,0,0,0,8,1.76,30.68,35,0.3,-59.997838,20,0.24,0,92.48,NORMAL,POWER_SAVING,LOW,LOW,0,0,1,ANOMALY,true,-0.064961,0.565
2026-09-08T07:07:49.951Z,POLAR-001,2026-09-08T07:07:49.951Z,NORMAL,25,25,50,1013.25,0,0,1,0,0,0,8,1.76,30.68,35,0.3,-59.997822,20,0.242,0,92.46,NORMAL,POWER_SAVING,LOW,LOW,0,0,1,ANOMALY,true,-0.064961,0.565
2026-09-08T07:07:54.956Z,POLAR-001,2026-09-08T07:07:54.956Z,NORMAL,25,25,50,1013.25,0,0,1,0,0,0,8,1.76,30.68,35,0.3,-59.997805,20,0.244,0,92.44,NORMAL,POWER_SAVING,LOW,LOW,0,0,1,ANOMALY,true,-0.064961,0.565
2026-09-08T07:07:59.958Z,POLAR-001,2026-09-08T07:07:59.958Z,NORMAL,25,25,50,1013.25,0,0,1,0,0,0,8,1.76,30.68,35,0.3,-59.997788,20,0.246,0,92.42,NORMAL,POWER_SAVING,LOW,LOW,0,0,1,ANOMALY,true,-0.064961,0.565
2026-09-08T07:08:04.970Z,POLAR-001,2026-09-08T07:08:04.970Z,NORMAL,25,25,50,1013.25,0,0,1,0,0,0,8,1.76,30.68,35,0.3,-59.997772,20,0.247,0,92.4,NORMAL,POWER_SAVING,LOW,LOW,0,0,1,ANOMALY,true,-0.064961,0.565
2026-09-08T07:08:09.975Z,POLAR-001,2026-09-08T07:08:09.976Z,NORMAL,25,25,50,1013.25,0,0,1,0,0,0,8,1.76,30.68,35,0.3,-59.997755,20,0.249,0,92.38,NORMAL,POWER_SAVING,LOW,LOW,0,0,1,ANOMALY,true,-0.064961,0.565
2026-09-08T07:08:14.991Z,POLAR-001,2026-09-08T07:08:14.991Z,NORMAL,25,25,50,1013.25,0,0,1,0,0,0,8,1.76,30.68,35,0.3,-59.997738,20,0.251,0,92.36,NORMAL,POWER_SAVING,LOW,LOW,0,0,1,ANOMALY,true,-0.064961,0.565
2026-09-08T07:08:19.989Z,POLAR-001,2026-09-08T07:08:19.989Z,NORMAL,25,25,50,1013.25,0,0,1,0,0,0,8,1.76,30.68,35,0.3,-59.997721,20,0.253,0,92.34,NORMAL,POWER_SAVING,LOW,LOW,0,0,1,ANOMALY,true,-0.064961,0.565
2026-09-08T07:08:25.005Z,POLAR-001,2026-09-08T07:08:25.005Z,NORMAL,25,25,50,1013.25,0,0,1,0,0,0,8,1.76,30.68,35,0.3,-59.997705,20,0.255,0,92.32,NORMAL,POWER_SAVING,LOW,LOW,0,0,1,ANOMALY,true,-0.064961,0.565
2026-09-08T07:08:30.008Z,POLAR-001,2026-09-08T07:08:30.008Z,NORMAL,25,25,50,1013.25,0,0,1,0,0,0,8,1.76,30.68,35,0.3,-59.997688,20,0.257,0,92.3,NORMAL,POWER_SAVING,LOW,LOW,0,0,1,ANOMALY,true,-0.064961,0.565
2026-09-08T07:08:35.020Z,POLAR-001,2026-09-08T07:08:35.020Z,NORMAL,25,25,50,1013.25,0,0,1,0,0,0,8,1.76,30.68,35,0.3,-59.997671,20,0.258,0,92.28,NORMAL,POWER_SAVING,LOW,LOW,0,0,1,ANOMALY,true,-0.064961,0.565
2026-09-08T07:08:40.024Z,POLAR-001,2026-09-08T07:08:40.024Z,NORMAL,25,25,50,1013.25,0,0,1,0,0,0,8,1.76,30.68,35,0.3,-59.997655,20,0.26,0,92.26,NORMAL,POWER_SAVING,LOW,LOW,0,0,1,ANOMALY,true,-0.064961,0.565
2026-09-08T07:08:45.033Z,POLAR-001,2026-09-08T07:08:45.033Z,NORMAL,25,25,50,1013.25,0,0,1,0,0,0,8,1.76,30.68,35,0.3,-59.997638,20,0.262,0,92.24,NORMAL,POWER_SAVING,LOW,LOW,0,0,1,ANOMALY,true,-0.064961,0.565
2026-09-08T07:08:50.038Z,POLAR-001,2026-09-08T07:08:50.038Z,NORMAL,25,25,50,1013.25,0,0,1,0,0,0,8,1.76,30.68,35,0.3,-59.997621,20,0.264,0,92.22,NORMAL,POWER_SAVING,LOW,LOW,0,0,1,ANOMALY,true,-0.064961,0.565
2026-09-08T07:08:55.044Z,POLAR-001,2026-09-08T07:08:55.044Z,NORMAL,25,25,50,1013.25,0,0,1,0,0,0,8,1.76,30.68,35,0.3,-59.997605,20,0.266,0,92.2,NORMAL,POWER_SAVING,LOW,LOW,0,0,1,ANOMALY,true,-0.064961,0.565
2026-09-08T07:09:00.049Z,POLAR-001,2026-09-08T07:09:00.049Z,NORMAL,25,25,50,1013.25,0,0,1,0,0,0,8,1.76,30.68,35,0.3,-59.997588,20,0.268,0,92.18,NORMAL,POWER_SAVING,LOW,LOW,0,0,1,ANOMALY,true,-0.064961,0.565
2026-09-08T07:09:05.051Z,POLAR-001,2026-09-08T07:09:05.051Z,NORMAL,25,25,50,1013.25,0,0,1,0,0,0,8,1.76,30.68,35,0.3,-59.997571,20,0.27,0,92.16,NORMAL,POWER_SAVING,LOW,LOW,0,0,1,ANOMALY,true,-0.064961,0.565
2026-09-08T07:09:10.057Z,POLAR-001,2026-09-08T07:09:10.057Z,NORMAL,25,25,50,1013.25,0,0,1,0,0,0,8,1.76,30.68,35,0.3,-59.997555,20,0.271,0,92.14,NORMAL,POWER_SAVING,LOW,LOW,0,0,1,ANOMALY,true,-0.064961,0.565
2026-09-08T07:09:15.062Z,POLAR-001,2026-09-08T07:09:15.062Z,NORMAL,25,25,50,1013.25,0,0,1,0,0,0,8,1.76,30.68,35,0.3,-59.997538,20,0.273,0,92.12,NORMAL,POWER_SAVING,LOW,LOW,0,0,1,ANOMALY,true,-0.064961,0.565
2026-09-08T07:09:20.068Z,POLAR-001,2026-09-08T07:09:20.068Z,NORMAL,25,25,50,1013.25,0,0,1,0,0,0,8,1.76,30.68,35,0.3,-59.997521,20,0.275,0,92.1,NORMAL,POWER_SAVING,LOW,LOW,0,0,1,ANOMALY,true,-0.064961,0.565
2026-09-08T07:09:25.076Z,POLAR-001,2026-09-08T07:09:25.076Z,NORMAL,25,25,50,1013.25,0,0,1,0,0,0,8,1.76,30.68,35,0.3,-59.997505,20,0.277,0,92.08,NORMAL,POWER_SAVING,LOW,LOW,0,0,1,ANOMALY,true,-0.064961,0.565
2026-09-08T07:10:21.262Z,POLAR-001,2026-09-08T07:10:21.262Z,STORM,25,25,50,1013.25,0.294,0.074,1.022,-17.83,-12.16,15.68,10.7,2.25,33.42,58.5,0.73,-59.999951,20.000025,0.006,14.1,94.98,NORMAL,POWER_SAVING,LOW,MEDIUM,0.361,0,1,ANOMALY,true,-0.120954,0.621
2026-09-08T07:10:21.815Z,POLAR-001,2026-09-08T07:10:21.815Z,STORM,25,25,50,1013.25,0.294,0.074,1.022,-17.83,-12.16,15.68,11.4,2.5,33.34,57,0.73,-59.999902,20.000049,0.011,14.1,94.96,NORMAL,POWER_SAVING,LOW,MEDIUM,0.361,0,1,ANOMALY,true,-0.120954,0.621
2026-09-08T07:10:26.831Z,POLAR-001,2026-09-08T07:10:26.831Z,STORM,25,25,50,1013.25,0.294,0.074,1.022,-17.83,-12.16,15.68,12.1,2.75,33.26,55.5,0.73,-59.999851,20.000075,0.017,14.1,94.93,ADAPTIVE,BALANCED,MEDIUM,MEDIUM,0.361,0,1,ANOMALY,true,-0.120954,0.621
2026-09-08T07:10:31.841Z,POLAR-001,2026-09-08T07:10:31.841Z,STORM,25,25,50,1013.25,0.294,0.074,1.022,-17.83,-12.16,15.68,12.8,3,33.18,54,0.73,-59.999801,20.0001,0.023,14.1,94.89,ADAPTIVE,BALANCED,MEDIUM,MEDIUM,0.361,0,1,ANOMALY,true,-0.120954,0.621
2026-09-08T07:10:36.852Z,POLAR-001,2026-09-08T07:10:36.852Z,STORM,25,25,50,1013.25,0.294,0.074,1.022,-17.83,-12.16,15.68,13.5,3.25,33.1,52.5,0.73,-59.999749,20.000126,0.029,14.1,94.86,ADAPTIVE,BALANCED,MEDIUM,MEDIUM,0.361,0,1,ANOMALY,true,-0.120954,0.621
2026-09-08T07:10:41.854Z,POLAR-001,2026-09-08T07:10:41.854Z,STORM,25,25,50,1013.25,0.294,0.074,1.022,-17.83,-12.16,15.68,14.2,3.5,33.02,51,0.73,-59.999697,20.000152,0.035,14.1,94.82,ADAPTIVE,BALANCED,MEDIUM,MEDIUM,0.361,0,1,ANOMALY,true,-0.120954,0.621
2026-09-08T07:10:46.865Z,POLAR-001,2026-09-08T07:10:46.865Z,STORM,25,25,50,1013.25,0.294,0.074,1.022,-17.83,-12.16,15.68,14.9,3.75,32.94,49.5,0.73,-59.999645,20.000178,0.041,14.1,94.79,ADAPTIVE,BALANCED,MEDIUM,MEDIUM,0.361,0,1,ANOMALY,true,-0.120954,0.621
2026-09-08T07:10:50.167Z,POLAR-001,2026-09-08T07:10:50.167Z,NORMAL,25,25,50,1013.25,0,0,1,0,0,0,14.2,3.5,32.86,48,0.65,-59.999609,20.000178,0.045,0,94.75,ADAPTIVE,BALANCED,MEDIUM,LOW,0,0,1,ANOMALY,true,-0.021581,0.522
2026-09-08T07:10:51.877Z,POLAR-001,2026-09-08T07:10:51.877Z,NORMAL,25,25,50,1013.25,0,0,1,0,0,0,13.5,3.25,32.78,46.5,0.57,-59.999577,20.000178,0.048,0,94.72,ADAPTIVE,BALANCED,MEDIUM,LOW,0,0,1,ANOMALY,true,-0.021581,0.522
2026-09-08T07:10:56.885Z,POLAR-001,2026-09-08T07:10:56.885Z,NORMAL,25,25,50,1013.25,0,0,1,0,0,0,12.8,3,32.7,45,0.49,-59.99955,20.000178,0.051,0,94.68,ADAPTIVE,BALANCED,MEDIUM,LOW,0,0,1,ANOMALY,true,-0.021581,0.522
2026-09-08T07:11:01.891Z,POLAR-001,2026-09-08T07:11:01.891Z,NORMAL,25,25,50,1013.25,0,0,1,0,0,0,12.1,2.75,32.62,43.5,0.41,-59.999526,20.000178,0.054,0,94.65,ADAPTIVE,BALANCED,MEDIUM,LOW,0,0,1,ANOMALY,true,-0.021581,0.522
2026-09-08T07:11:06.899Z,POLAR-001,2026-09-08T07:11:06.899Z,NORMAL,25,25,50,1013.25,0,0,1,0,0,0,11.4,2.5,32.54,42,0.33,-59.999507,20.000178,0.056,0,94.63,NORMAL,POWER_SAVING,LOW,LOW,0,0,1,ANOMALY,true,-0.021581,0.522
2026-09-08T07:11:11.899Z,POLAR-001,2026-09-08T07:11:11.899Z,NORMAL,25,25,50,1013.25,0,0,1,0,0,0,10.7,2.25,32.46,40.5,0.3,-59.999489,20.000178,0.058,0,94.61,NORMAL,POWER_SAVING,LOW,LOW,0,0,1,ANOMALY,true,-0.021581,0.522
2026-09-08T07:11:16.910Z,POLAR-001,2026-09-08T07:11:16.910Z,NORMAL,25,25,50,1013.25,0,0,1,0,0,0,10,2,32.38,39,0.3,-59.999472,20.000178,0.06,0,94.59,NORMAL,POWER_SAVING,LOW,LOW,0,0,1,ANOMALY,true,-0.021581,0.522
2026-09-08T07:11:21.922Z,POLAR-001,2026-09-08T07:11:21.922Z,NORMAL,25,25,50,1013.25,0,0,1,0,0,0,9.3,1.76,32.3,37.5,0.3,-59.999455,20.000178,0.062,0,94.57,NORMAL,POWER_SAVING,LOW,LOW,0,0,1,ANOMALY,true,-0.021581,0.522
2026-09-08T07:11:26.931Z,POLAR-001,2026-09-08T07:11:26.931Z,NORMAL,25,25,50,1013.25,0,0,1,0,0,0,8.6,1.76,32.22,36,0.3,-59.999439,20.000178,0.064,0,94.55,NORMAL,POWER_SAVING,LOW,LOW,0,0,1,ANOMALY,true,-0.021581,0.522
2026-09-08T07:11:31.931Z,POLAR-001,2026-09-08T07:11:31.931Z,NORMAL,25,25,50,1013.25,0,0,1,0,0,0,8,1.76,32.14,35,0.3,-59.999422,20.000178,0.065,0,94.53,NORMAL,POWER_SAVING,LOW,LOW,0,0,1,ANOMALY,true,-0.021581,0.522
2026-09-08T07:11:36.940Z,POLAR-001,2026-09-08T07:11:36.940Z,NORMAL,25,25,50,1013.25,0,0,1,0,0,0,8,1.76,32.06,35,0.3,-59.999405,20.000178,0.067,0,94.51,NORMAL,POWER_SAVING,LOW,LOW,0,0,1,ANOMALY,true,-0.021581,0.522
2026-09-08T07:11:41.947Z,POLAR-001,2026-09-08T07:11:41.948Z,NORMAL,25,25,50,1013.25,0,0,1,0,0,0,8,1.76,31.98,35,0.3,-59.999389,20.000178,0.069,0,94.49,NORMAL,POWER_SAVING,LOW,LOW,0,0,1,ANOMALY,true,-0.021581,0.522
2026-09-08T07:11:46.950Z,POLAR-001,2026-09-08T07:11:46.950Z,NORMAL,25,25,50,1013.25,0,0,1,0,0,0,8,1.76,31.9,35,0.3,-59.999372,20.000178,0.071,0,94.47,NORMAL,POWER_SAVING,LOW,LOW,0,0,1,ANOMALY,true,-0.021581,0.522
2026-09-08T07:11:51.952Z,POLAR-001,2026-09-08T07:11:51.952Z,NORMAL,25,25,50,1013.25,0,0,1,0,0,0,8,1.76,31.82,35,0.3,-59.999355,20.000178,0.073,0,94.45,NORMAL,POWER_SAVING,LOW,LOW,0,0,1,ANOMALY,true,-0.021581,0.522
2026-09-08T07:11:56.955Z,POLAR-001,2026-09-08T07:11:56.956Z,NORMAL,25,25,50,1013.25,0,0,1,0,0,0,8,1.76,31.74,35,0.3,-59.999339,20.000178,0.075,0,94.43,NORMAL,POWER_SAVING,LOW,LOW,0,0,1,ANOMALY,true,-0.021581,0.522
2026-09-08T07:12:01.959Z,POLAR-001,2026-09-08T07:12:01.959Z,NORMAL,25,25,50,1013.25,0,0,1,0,0,0,8,1.76,31.66,35,0.3,-59.999322,20.000178,0.076,0,94.41,NORMAL,POWER_SAVING,LOW,LOW,0,0,1,ANOMALY,true,-0.021581,0.522
2026-09-08T07:12:06.960Z,POLAR-001,2026-09-08T07:12:06.960Z,NORMAL,25,25,50,1013.25,0,0,1,0,0,0,8,1.76,31.58,35,0.3,-59.999305,20.000178,0.078,0,94.39,NORMAL,POWER_SAVING,LOW,LOW,0,0,1,ANOMALY,true,-0.021581,0.522
2026-09-08T07:12:11.962Z,POLAR-001,2026-09-08T07:12:11.962Z,NORMAL,25,25,50,1013.25,0,0,1,0,0,0,8,1.76,31.5,35,0.3,-59.999289,20.000178,0.08,0,94.37,NORMAL,POWER_SAVING,LOW,LOW,0,0,1,ANOMALY,true,-0.021581,0.522
2026-09-08T07:12:16.964Z,POLAR-001,2026-09-08T07:12:16.964Z,NORMAL,25,25,50,1013.25,0,0,1,0,0,0,8,1.76,31.42,35,0.3,-59.999272,20.000178,0.082,0,94.35,NORMAL,POWER_SAVING,LOW,LOW,0,0,1,ANOMALY,true,-0.021581,0.522
2026-09-08T07:12:21.965Z,POLAR-001,2026-09-08T07:12:21.965Z,NORMAL,25,25,50,1013.25,0,0,1,0,0,0,8,1.76,31.34,35,0.3,-59.999255,20.000178,0.084,0,94.33,NORMAL,POWER_SAVING,LOW,LOW,0,0,1,ANOMALY,true,-0.021581,0.522
2026-09-08T07:12:26.965Z,POLAR-001,2026-09-08T07:12:26.965Z,NORMAL,25,25,50,1013.25,0,0,1,0,0,0,8,1.76,31.26,35,0.3,-59.999239,20.000178,0.086,0,94.31,NORMAL,POWER_SAVING,LOW,LOW,0,0,1,ANOMALY,true,-0.021581,0.522
2026-09-08T07:12:31.975Z,POLAR-001,2026-09-08T07:12:31.975Z,NORMAL,25,25,50,1013.25,0,0,1,0,0,0,8,1.76,31.18,35,0.3,-59.999222,20.000178,0.088,0,94.29,NORMAL,POWER_SAVING,LOW,LOW,0,0,1,ANOMALY,true,-0.021581,0.522
2026-09-08T07:12:36.991Z,POLAR-001,2026-09-08T07:12:36.991Z,NORMAL,25,25,50,1013.25,0,0,1,0,0,0,8,1.76,31.1,35,0.3,-59.999205,20.000178,0.089,0,94.27,NORMAL,POWER_SAVING,LOW,LOW,0,0,1,ANOMALY,true,-0.021581,0.522
2026-09-08T07:12:42.002Z,POLAR-001,2026-09-08T07:12:42.002Z,NORMAL,25,25,50,1013.25,0,0,1,0,0,0,8,1.76,31.02,35,0.3,-59.999188,20.000178,0.091,0,94.25,NORMAL,POWER_SAVING,LOW,LOW,0,0,1,ANOMALY,true,-0.021581,0.522
2026-09-08T07:12:47.007Z,POLAR-001,2026-09-08T07:12:47.007Z,NORMAL,25,25,50,1013.25,0,0,1,0,0,0,8,1.76,30.94,35,0.3,-59.999172,20.000178,0.093,0,94.23,NORMAL,POWER_SAVING,LOW,LOW,0,0,1,ANOMALY,true,-0.021581,0.522
2026-09-08T07:12:52.007Z,POLAR-001,2026-09-08T07:12:52.007Z,NORMAL,25,25,50,1013.25,0,0,1,0,0,0,8,1.76,30.86,35,0.3,-59.999155,20.000178,0.095,0,94.21,NORMAL,POWER_SAVING,LOW,LOW,0,0,1,ANOMALY,true,-0.021581,0.522
2026-09-08T07:12:57.021Z,POLAR-001,2026-09-08T07:12:57.021Z,NORMAL,25,25,50,1013.25,0,0,1,0,0,0,8,1.76,30.78,35,0.3,-59.999138,20.000178,0.097,0,94.19,NORMAL,POWER_SAVING,LOW,LOW,0,0,1,ANOMALY,true,-0.021581,0.522
2026-09-08T07:13:02.029Z,POLAR-001,2026-09-08T07:13:02.029Z,NORMAL,25,25,50,1013.25,0,0,1,0,0,0,8,1.76,30.7,35,0.3,-59.999122,20.000178,0.099,0,94.17,NORMAL,POWER_SAVING,LOW,LOW,0,0,1,ANOMALY,true,-0.021581,0.522
2026-09-08T07:13:07.038Z,POLAR-001,2026-09-08T07:13:07.038Z,NORMAL,25,25,50,1013.25,0,0,1,0,0,0,8,1.76,30.68,35,0.3,-59.999105,20.000178,0.101,0,94.15,NORMAL,POWER_SAVING,LOW,LOW,0,0,1,ANOMALY,true,-0.021581,0.522
2026-09-08T07:13:12.040Z,POLAR-001,2026-09-08T07:13:12.040Z,NORMAL,25,25,50,1013.25,0,0,1,0,0,0,8,1.76,30.68,35,0.3,-59.999088,20.000178,0.102,0,94.13,NORMAL,POWER_SAVING,LOW,LOW,0,0,1,ANOMALY,true,-0.021581,0.522
2026-09-08T07:13:17.045Z,POLAR-001,2026-09-08T07:13:17.045Z,NORMAL,25,25,50,1013.25,0,0,1,0,0,0,8,1.76,30.68,35,0.3,-59.999072,20.000178,0.104,0,94.11,NORMAL,POWER_SAVING,LOW,LOW,0,0,1,ANOMALY,true,-0.021581,0.522
2026-09-08T07:13:22.046Z,POLAR-001,2026-09-08T07:13:22.046Z,NORMAL,25,25,50,1013.25,0,0,1,0,0,0,8,1.76,30.68,35,0.3,-59.999055,20.000178,0.106,0,94.09,NORMAL,POWER_SAVING,LOW,LOW,0,0,1,ANOMALY,true,-0.021581,0.522
2026-09-08T07:13:27.048Z,POLAR-001,2026-09-08T07:13:27.049Z,NORMAL,25,25,50,1013.25,0,0,1,0,0,0,8,1.76,30.68,35,0.3,-59.999038,20.000178,0.108,0,94.07,NORMAL,POWER_SAVING,LOW,LOW,0,0,1,ANOMALY,true,-0.021581,0.522
2026-09-08T07:13:32.051Z,POLAR-001,2026-09-08T07:13:32.051Z,NORMAL,25,25,50,1013.25,0,0,1,0,0,0,8,1.76,30.68,35,0.3,-59.999022,20.000178,0.11,0,94.05,NORMAL,POWER_SAVING,LOW,LOW,0,0,1,ANOMALY,true,-0.021581,0.522
2026-09-08T07:13:37.054Z,POLAR-001,2026-09-08T07:13:37.054Z,NORMAL,25,25,50,1013.25,0,0,1,0,0,0,8,1.76,30.68,35,0.3,-59.999005,20.000178,0.112,0,94.03,NORMAL,POWER_SAVING,LOW,LOW,0,0,1,ANOMALY,true,-0.021581,0.522
2026-09-08T07:13:42.061Z,POLAR-001,2026-09-08T07:13:42.061Z,NORMAL,25,25,50,1013.25,0,0,1,0,0,0,8,1.76,30.68,35,0.3,-59.998988,20.000178,0.114,0,94.01,NORMAL,POWER_SAVING,LOW,LOW,0,0,1,ANOMALY,true,-0.021581,0.522
2026-09-08T07:13:47.069Z,POLAR-001,2026-09-08T07:13:47.069Z,NORMAL,25,25,50,1013.25,0,0,1,0,0,0,8,1.76,30.68,35,0.3,-59.998972,20.000178,0.115,0,93.99,NORMAL,POWER_SAVING,LOW,LOW,0,0,1,ANOMALY,true,-0.021581,0.522
2026-09-08T07:13:52.083Z,POLAR-001,2026-09-08T07:13:52.083Z,NORMAL,25,25,50,1013.25,0,0,1,0,0,0,8,1.76,30.68,35,0.3,-59.998955,20.000178,0.117,0,93.97,NORMAL,POWER_SAVING,LOW,LOW,0,0,1,ANOMALY,true,-0.021581,0.522
2026-09-08T07:13:57.091Z,POLAR-001,2026-09-08T07:13:57.091Z,NORMAL,25,25,50,1013.25,0,0,1,0,0,0,8,1.76,30.68,35,0.3,-59.998938,20.000178,0.119,0,93.95,NORMAL,POWER_SAVING,LOW,LOW,0,0,1,ANOMALY,true,-0.021581,0.522
2026-09-08T07:14:02.095Z,POLAR-001,2026-09-08T07:14:02.095Z,NORMAL,25,25,50,1013.25,0,0,1,0,0,0,8,1.76,30.68,35,0.3,-59.998921,20.000178,0.121,0,93.93,NORMAL,POWER_SAVING,LOW,LOW,0,0,1,ANOMALY,true,-0.021581,0.522
2026-09-08T07:14:07.098Z,POLAR-001,2026-09-08T07:14:07.098Z,NORMAL,25,25,50,1013.25,0,0,1,0,0,0,8,1.76,30.68,35,0.3,-59.998905,20.000178,0.123,0,93.91,NORMAL,POWER_SAVING,LOW,LOW,0,0,1,ANOMALY,true,-0.021581,0.522
2026-09-08T07:14:12.097Z,POLAR-001,2026-09-08T07:14:12.097Z,NORMAL,25,25,50,1013.25,0,0,1,0,0,0,8,1.76,30.68,35,0.3,-59.998888,20.000178,0.125,0,93.89,NORMAL,POWER_SAVING,LOW,LOW,0,0,1,ANOMALY,true,-0.021581,0.522
2026-09-08T07:14:17.104Z,POLAR-001,2026-09-08T07:14:17.104Z,NORMAL,25,25,50,1013.25,0,0,1,0,0,0,8,1.76,30.68,35,0.3,-59.998871,20.000178,0.126,0,93.87,NORMAL,POWER_SAVING,LOW,LOW,0,0,1,ANOMALY,true,-0.021581,0.522
2026-09-08T07:14:22.105Z,POLAR-001,2026-09-08T07:14:22.105Z,NORMAL,25,25,50,1013.25,0,0,1,0,0,0,8,1.76,30.68,35,0.3,-59.998855,20.000178,0.128,0,93.85,NORMAL,POWER_SAVING,LOW,LOW,0,0,1,ANOMALY,true,-0.021581,0.522
2026-09-08T07:14:27.172Z,POLAR-001,2026-09-08T07:14:27.172Z,NORMAL,25,25,50,1013.25,0,0,1,0,0,0,8,1.76,30.68,35,0.3,-59.998838,20.000178,0.13,0,93.83,NORMAL,POWER_SAVING,LOW,LOW,0,0,1,ANOMALY,true,-0.021581,0.522
2026-09-08T07:15:22.815Z,POLAR-001,2026-09-08T07:15:22.815Z,STORM,25,25,50,1013.25,-0.34,-0.224,0.996,-7.53,8.58,21.55,10.7,2.25,33.42,58.5,0.81,-60.000048,19.999937,0.006,213.4,94.98,ADAPTIVE,BALANCED,MEDIUM,MEDIUM,0.421,0,1,ANOMALY,true,-0.143945,0.644
2026-09-08T07:15:27.664Z,POLAR-001,2026-09-08T07:15:27.664Z,STORM,25,25,50,1013.25,-0.34,-0.224,0.996,-7.53,8.58,21.55,11.4,2.5,33.34,57,0.81,-60.000096,19.999873,0.013,213.4,94.95,ADAPTIVE,BALANCED,MEDIUM,MEDIUM,0.421,0,1,ANOMALY,true,-0.143945,0.644
2026-09-08T07:15:32.673Z,POLAR-001,2026-09-08T07:15:32.673Z,STORM,25,25,50,1013.25,-0.34,-0.224,0.996,-7.53,8.58,21.55,12.1,2.75,33.26,55.5,0.81,-60.000145,19.999809,0.019,213.4,94.91,ADAPTIVE,BALANCED,MEDIUM,MEDIUM,0.421,0,1,ANOMALY,true,-0.143945,0.644
2026-09-08T07:15:37.679Z,POLAR-001,2026-09-08T07:15:37.679Z,STORM,25,25,50,1013.25,-0.34,-0.224,0.996,-7.53,8.58,21.55,12.8,3,33.18,54,0.81,-60.000195,19.999743,0.026,213.4,94.88,ADAPTIVE,BALANCED,MEDIUM,MEDIUM,0.421,0,1,ANOMALY,true,-0.143945,0.644
2026-09-08T07:15:38.676Z,POLAR-001,2026-09-08T07:15:38.676Z,STORM,25,25,50,1013.25,0.153,-0.245,0.838,-17.87,5.61,-21.69,13.5,3.25,33.1,52.5,0.77,-60.000165,19.999648,0.032,302,94.84,ADAPTIVE,BALANCED,MEDIUM,MEDIUM,0.391,0,1,ANOMALY,true,-0.144769,0.645
2026-09-08T07:15:42.692Z,POLAR-001,2026-09-08T07:15:42.692Z,STORM,25,25,50,1013.25,0.153,-0.245,0.838,-17.87,5.61,-21.69,14.2,3.5,33.02,51,0.77,-60.000135,19.999551,0.038,302,94.81,ADAPTIVE,BALANCED,MEDIUM,MEDIUM,0.391,0,1,ANOMALY,true,-0.144769,0.645
2026-09-08T07:15:47.697Z,POLAR-001,2026-09-08T07:15:47.697Z,STORM,25,25,50,1013.25,0.153,-0.245,0.838,-17.87,5.61,-21.69,14.9,3.75,32.94,49.5,0.77,-60.000104,19.999454,0.045,302,94.77,ADAPTIVE,BALANCED,MEDIUM,MEDIUM,0.391,0,1,ANOMALY,true,-0.144769,0.645
2026-09-08T07:15:52.466Z,POLAR-001,2026-09-08T07:15:52.466Z,STORM,25,25,50,1013.25,0.164,-0.25,1.149,-4.39,1.63,18.03,15.6,4,32.86,48,0.7,-60.000075,19.999367,0.051,303.3,94.74,ADAPTIVE,BALANCED,MEDIUM,MEDIUM,0.337,0,1,ANOMALY,true,-0.146906,0.647
2026-09-08T07:15:52.703Z,POLAR-001,2026-09-08T07:15:52.703Z,STORM,25,25,50,1013.25,0.164,-0.25,1.149,-4.39,1.63,18.03,16.3,4.25,32.78,46.5,0.7,-60.000046,19.999279,0.056,303.3,94.7,ADAPTIVE,BALANCED,MEDIUM,MEDIUM,0.337,0,1,ANOMALY,true,-0.146906,0.647
2026-09-08T07:15:57.710Z,POLAR-001,2026-09-08T07:15:57.710Z,STORM,25,25,50,1013.25,0.164,-0.25,1.149,-4.39,1.63,18.03,17,4.5,32.7,45,0.7,-60.000017,19.999189,0.062,303.3,94.67,ADAPTIVE,BALANCED,MEDIUM,MEDIUM,0.337,0,1,ANOMALY,true,-0.146906,0.647
2026-09-08T07:16:02.716Z,POLAR-001,2026-09-08T07:16:02.716Z,STORM,25,25,50,1013.25,0.164,-0.25,1.149,-4.39,1.63,18.03,17.7,4.75,32.62,43.5,0.7,-59.999988,19.999099,0.068,303.3,94.63,ADAPTIVE,BALANCED,MEDIUM,MEDIUM,0.337,0,1,ANOMALY,true,-0.146906,0.647
2026-09-08T07:16:07.722Z,POLAR-001,2026-09-08T07:16:07.722Z,STORM,25,25,50,1013.25,0.164,-0.25,1.149,-4.39,1.63,18.03,18.4,5,32.54,42,0.7,-59.999958,19.999008,0.074,303.3,94.6,ADAPTIVE,BALANCED,MEDIUM,MEDIUM,0.337,0,1,ANOMALY,true,-0.146906,0.647
2026-09-08T07:16:12.728Z,POLAR-001,2026-09-08T07:16:12.728Z,STORM,25,25,50,1013.25,0.164,-0.25,1.149,-4.39,1.63,18.03,19.1,5.25,32.46,40.5,0.7,-59.999928,19.998916,0.081,303.3,94.56,ADAPTIVE,BALANCED,MEDIUM,MEDIUM,0.337,0,1,ANOMALY,true,-0.146906,0.647
2026-09-08T07:16:17.741Z,POLAR-001,2026-09-08T07:16:17.741Z,STORM,25,25,50,1013.25,0.164,-0.25,1.149,-4.39,1.63,18.03,19.8,5.5,32.38,39,0.7,-59.999897,19.998823,0.087,303.3,94.53,ADAPTIVE,BALANCED,MEDIUM,MEDIUM,0.337,0,1,ANOMALY,true,-0.146906,0.647
2026-09-08T07:16:22.745Z,POLAR-001,2026-09-08T07:16:22.745Z,STORM,25,25,50,1013.25,0.164,-0.25,1.149,-4.39,1.63,18.03,20.5,5.75,32.3,37.5,0.7,-59.999866,19.998729,0.093,303.3,94.49,ADAPTIVE,BALANCED,MEDIUM,MEDIUM,0.337,0,1,ANOMALY,true,-0.146906,0.647
2026-09-08T07:16:27.747Z,POLAR-001,2026-09-08T07:16:27.747Z,STORM,25,25,50,1013.25,0.164,-0.25,1.149,-4.39,1.63,18.03,21.2,6,32.22,36,0.7,-59.999835,19.998634,0.099,303.3,94.41,HIGH_FREQUENCY,HIGH_LOAD,HIGH,MEDIUM,0.337,0,1,ANOMALY,true,-0.146906,0.647
2026-09-08T07:16:32.757Z,POLAR-001,2026-09-08T07:16:32.757Z,STORM,25,25,50,1013.25,0.164,-0.25,1.149,-4.39,1.63,18.03,21.9,6,32.14,35,0.7,-59.999804,19.998539,0.106,303.3,94.33,HIGH_FREQUENCY,HIGH_LOAD,HIGH,MEDIUM,0.337,0,1,ANOMALY,true,-0.146906,0.647
2026-09-08T07:16:37.760Z,POLAR-001,2026-09-08T07:16:37.760Z,STORM,25,25,50,1013.25,0.164,-0.25,1.149,-4.39,1.63,18.03,22.6,6,32.06,35,0.7,-59.999772,19.998444,0.112,303.3,94.25,HIGH_FREQUENCY,HIGH_LOAD,HIGH,MEDIUM,0.337,0,1,ANOMALY,true,-0.146906,0.647
2026-09-08T07:16:42.760Z,POLAR-001,2026-09-08T07:16:42.760Z,STORM,25,25,50,1013.25,0.164,-0.25,1.149,-4.39,1.63,18.03,23.3,6,31.98,35,0.7,-59.999741,19.998349,0.118,303.3,94.17,HIGH_FREQUENCY,HIGH_LOAD,HIGH,MEDIUM,0.337,0,1,ANOMALY,true,-0.146906,0.647
2026-09-08T07:16:47.760Z,POLAR-001,2026-09-08T07:16:47.760Z,STORM,25,25,50,1013.25,0.164,-0.25,1.149,-4.39,1.63,18.03,24,6,31.9,35,0.7,-59.99971,19.998254,0.125,303.3,94.09,HIGH_FREQUENCY,HIGH_LOAD,HIGH,MEDIUM,0.337,0,1,ANOMALY,true,-0.146906,0.647
2026-09-08T07:16:52.760Z,POLAR-001,2026-09-08T07:16:52.760Z,STORM,25,25,50,1013.25,0.164,-0.25,1.149,-4.39,1.63,18.03,24.5,6,31.82,35,0.7,-59.999679,19.998159,0.131,303.3,94.01,HIGH_FREQUENCY,HIGH_LOAD,HIGH,MEDIUM,0.337,0,1,ANOMALY,true,-0.146906,0.647
2026-09-08T07:16:57.767Z,POLAR-001,2026-09-08T07:16:57.767Z,STORM,25,25,50,1013.25,0.164,-0.25,1.149,-4.39,1.63,18.03,24.5,6,31.74,35,0.7,-59.999647,19.998064,0.137,303.3,93.93,HIGH_FREQUENCY,HIGH_LOAD,HIGH,MEDIUM,0.337,0,1,ANOMALY,true,-0.146906,0.647
2026-09-08T07:17:02.777Z,POLAR-001,2026-09-08T07:17:02.777Z,STORM,25,25,50,1013.25,0.164,-0.25,1.149,-4.39,1.63,18.03,24.5,6,31.66,35,0.7,-59.999616,19.997969,0.143,303.3,93.85,HIGH_FREQUENCY,HIGH_LOAD,HIGH,MEDIUM,0.337,0,1,ANOMALY,true,-0.146906,0.647
2026-09-08T07:17:07.778Z,POLAR-001,2026-09-08T07:17:07.778Z,STORM,25,25,50,1013.25,0.164,-0.25,1.149,-4.39,1.63,18.03,24.5,6,31.58,35,0.7,-59.999585,19.997874,0.15,303.3,93.77,HIGH_FREQUENCY,HIGH_LOAD,HIGH,MEDIUM,0.337,0,1,ANOMALY,true,-0.146906,0.647
2026-09-08T07:17:12.789Z,POLAR-001,2026-09-08T07:17:12.789Z,STORM,25,25,50,1013.25,0.164,-0.25,1.149,-4.39,1.63,18.03,24.5,6,31.5,35,0.7,-59.999554,19.997778,0.156,303.3,93.69,HIGH_FREQUENCY,HIGH_LOAD,HIGH,MEDIUM,0.337,0,1,ANOMALY,true,-0.146906,0.647
2026-09-08T07:17:17.792Z,POLAR-001,2026-09-08T07:17:17.792Z,STORM,25,25,50,1013.25,0.164,-0.25,1.149,-4.39,1.63,18.03,24.5,6,31.42,35,0.7,-59.999523,19.997683,0.162,303.3,93.61,HIGH_FREQUENCY,HIGH_LOAD,HIGH,MEDIUM,0.337,0,1,ANOMALY,true,-0.146906,0.647
2026-09-08T07:17:22.797Z,POLAR-001,2026-09-08T07:17:22.797Z,STORM,25,25,50,1013.25,0.164,-0.25,1.149,-4.39,1.63,18.03,24.5,6,31.34,35,0.7,-59.999491,19.997588,0.169,303.3,93.53,HIGH_FREQUENCY,HIGH_LOAD,HIGH,MEDIUM,0.337,0,1,ANOMALY,true,-0.146906,0.647
2026-09-08T07:17:27.806Z,POLAR-001,2026-09-08T07:17:27.806Z,STORM,25,25,50,1013.25,0.164,-0.25,1.149,-4.39,1.63,18.03,24.5,6,31.26,35,0.7,-59.99946,19.997493,0.175,303.3,93.45,HIGH_FREQUENCY,HIGH_LOAD,HIGH,MEDIUM,0.337,0,1,ANOMALY,true,-0.146906,0.647
2026-09-08T07:17:32.814Z,POLAR-001,2026-09-08T07:17:32.814Z,STORM,25,25,50,1013.25,0.164,-0.25,1.149,-4.39,1.63,18.03,24.5,6,31.18,35,0.7,-59.999429,19.997398,0.181,303.3,93.37,HIGH_FREQUENCY,HIGH_LOAD,HIGH,MEDIUM,0.337,0,1,ANOMALY,true,-0.146906,0.647
2026-09-08T07:17:37.822Z,POLAR-001,2026-09-08T07:17:37.822Z,STORM,25,25,50,1013.25,0.164,-0.25,1.149,-4.39,1.63,18.03,24.5,6,31.1,35,0.7,-59.999398,19.997303,0.188,303.3,93.29,HIGH_FREQUENCY,HIGH_LOAD,HIGH,MEDIUM,0.337,0,1,ANOMALY,true,-0.146906,0.647
2026-09-08T07:17:42.827Z,POLAR-001,2026-09-08T07:17:42.827Z,STORM,25,25,50,1013.25,0.164,-0.25,1.149,-4.39,1.63,18.03,24.5,6,31.02,35,0.7,-59.999366,19.997208,0.194,303.3,93.21,HIGH_FREQUENCY,HIGH_LOAD,HIGH,MEDIUM,0.337,0,1,ANOMALY,true,-0.146906,0.647
2026-09-08T07:17:47.837Z,POLAR-001,2026-09-08T07:17:47.837Z,STORM,25,25,50,1013.25,0.164,-0.25,1.149,-4.39,1.63,18.03,24.5,6,30.94,35,0.7,-59.999335,19.997113,0.2,303.3,93.13,HIGH_FREQUENCY,HIGH_LOAD,HIGH,MEDIUM,0.337,0,1,ANOMALY,true,-0.146906,0.647
2026-09-08T07:17:52.843Z,POLAR-001,2026-09-08T07:17:52.844Z,STORM,25,25,50,1013.25,0.164,-0.25,1.149,-4.39,1.63,18.03,24.5,6,30.86,35,0.7,-59.999304,19.997018,0.207,303.3,93.05,HIGH_FREQUENCY,HIGH_LOAD,HIGH,MEDIUM,0.337,0,1,ANOMALY,true,-0.146906,0.647
2026-09-08T07:17:57.847Z,POLAR-001,2026-09-08T07:17:57.847Z,STORM,25,25,50,1013.25,0.164,-0.25,1.149,-4.39,1.63,18.03,24.5,6,30.78,35,0.7,-59.999273,19.996923,0.213,303.3,92.97,HIGH_FREQUENCY,HIGH_LOAD,HIGH,MEDIUM,0.337,0,1,ANOMALY,true,-0.146906,0.647
2026-09-08T07:18:02.867Z,POLAR-001,2026-09-08T07:18:02.867Z,STORM,25,25,50,1013.25,0.164,-0.25,1.149,-4.39,1.63,18.03,24.5,6,30.7,35,0.7,-59.999242,19.996828,0.219,303.3,92.89,HIGH_FREQUENCY,HIGH_LOAD,HIGH,MEDIUM,0.337,0,1,ANOMALY,true,-0.146906,0.647
2026-09-08T07:18:07.883Z,POLAR-001,2026-09-08T07:18:07.883Z,STORM,25,25,50,1013.25,0.164,-0.25,1.149,-4.39,1.63,18.03,24.5,6,30.68,35,0.7,-59.99921,19.996733,0.226,303.3,92.81,HIGH_FREQUENCY,HIGH_LOAD,HIGH,MEDIUM,0.337,0,1,ANOMALY,true,-0.146906,0.647
2026-09-08T07:18:12.889Z,POLAR-001,2026-09-08T07:18:12.889Z,STORM,25,25,50,1013.25,0.164,-0.25,1.149,-4.39,1.63,18.03,24.5,6,30.68,35,0.7,-59.999179,19.996638,0.232,303.3,92.73,HIGH_FREQUENCY,HIGH_LOAD,HIGH,MEDIUM,0.337,0,1,ANOMALY,true,-0.146906,0.647
2026-09-08T07:18:17.889Z,POLAR-001,2026-09-08T07:18:17.889Z,STORM,25,25,50,1013.25,0.164,-0.25,1.149,-4.39,1.63,18.03,24.5,6,30.68,35,0.7,-59.999148,19.996542,0.238,303.3,92.65,HIGH_FREQUENCY,HIGH_LOAD,HIGH,MEDIUM,0.337,0,1,ANOMALY,true,-0.146906,0.647
2026-09-08T07:18:22.904Z,POLAR-001,2026-09-08T07:18:22.904Z,STORM,25,25,50,1013.25,0.164,-0.25,1.149,-4.39,1.63,18.03,24.5,6,30.68,35,0.7,-59.999117,19.996447,0.244,303.3,92.57,HIGH_FREQUENCY,HIGH_LOAD,HIGH,MEDIUM,0.337,0,1,ANOMALY,true,-0.146906,0.647
2026-09-08T07:18:27.905Z,POLAR-001,2026-09-08T07:18:27.905Z,STORM,25,25,50,1013.25,0.164,-0.25,1.149,-4.39,1.63,18.03,24.5,6,30.68,35,0.7,-59.999085,19.996352,0.251,303.3,92.49,HIGH_FREQUENCY,HIGH_LOAD,HIGH,MEDIUM,0.337,0,1,ANOMALY,true,-0.146906,0.647
2026-09-08T07:18:32.910Z,POLAR-001,2026-09-08T07:18:32.910Z,STORM,25,25,50,1013.25,0.164,-0.25,1.149,-4.39,1.63,18.03,24.5,6,30.68,35,0.7,-59.999054,19.996257,0.257,303.3,92.41,HIGH_FREQUENCY,HIGH_LOAD,HIGH,MEDIUM,0.337,0,1,ANOMALY,true,-0.146906,0.647
2026-09-08T07:18:37.916Z,POLAR-001,2026-09-08T07:18:37.916Z,STORM,25,25,50,1013.25,0.164,-0.25,1.149,-4.39,1.63,18.03,24.5,6,30.68,35,0.7,-59.999023,19.996162,0.263,303.3,92.33,HIGH_FREQUENCY,HIGH_LOAD,HIGH,MEDIUM,0.337,0,1,ANOMALY,true,-0.146906,0.647
2026-09-08T07:18:42.919Z,POLAR-001,2026-09-08T07:18:42.919Z,STORM,25,25,50,1013.25,0.164,-0.25,1.149,-4.39,1.63,18.03,24.5,6,30.68,35,0.7,-59.998992,19.996067,0.27,303.3,92.25,HIGH_FREQUENCY,HIGH_LOAD,HIGH,MEDIUM,0.337,0,1,ANOMALY,true,-0.146906,0.647
2026-09-08T07:18:47.919Z,POLAR-001,2026-09-08T07:18:47.919Z,STORM,25,25,50,1013.25,0.164,-0.25,1.149,-4.39,1.63,18.03,24.5,6,30.68,35,0.7,-59.998961,19.995972,0.276,303.3,92.17,HIGH_FREQUENCY,HIGH_LOAD,HIGH,MEDIUM,0.337,0,1,ANOMALY,true,-0.146906,0.647
2026-09-08T07:18:52.931Z,POLAR-001,2026-09-08T07:18:52.931Z,STORM,25,25,50,1013.25,0.164,-0.25,1.149,-4.39,1.63,18.03,24.5,6,30.68,35,0.7,-59.998929,19.995877,0.282,303.3,92.09,HIGH_FREQUENCY,HIGH_LOAD,HIGH,MEDIUM,0.337,0,1,ANOMALY,true,-0.146906,0.647
2026-09-08T07:18:57.939Z,POLAR-001,2026-09-08T07:18:57.939Z,STORM,25,25,50,1013.25,0.164,-0.25,1.149,-4.39,1.63,18.03,24.5,6,30.68,35,0.7,-59.998898,19.995782,0.289,303.3,92.01,HIGH_FREQUENCY,HIGH_LOAD,HIGH,MEDIUM,0.337,0,1,ANOMALY,true,-0.146906,0.647
2026-09-08T07:19:02.944Z,POLAR-001,2026-09-08T07:19:02.944Z,STORM,25,25,50,1013.25,0.164,-0.25,1.149,-4.39,1.63,18.03,24.5,6,30.68,35,0.7,-59.998867,19.995687,0.295,303.3,91.93,HIGH_FREQUENCY,HIGH_LOAD,HIGH,MEDIUM,0.337,0,1,ANOMALY,true,-0.146906,0.647
2026-09-08T07:19:07.950Z,POLAR-001,2026-09-08T07:19:07.950Z,STORM,25,25,50,1013.25,0.164,-0.25,1.149,-4.39,1.63,18.03,24.5,6,30.68,35,0.7,-59.998836,19.995592,0.301,303.3,91.85,HIGH_FREQUENCY,HIGH_LOAD,HIGH,MEDIUM,0.337,0,1,ANOMALY,true,-0.146906,0.647
2026-09-08T07:19:12.959Z,POLAR-001,2026-09-08T07:19:12.959Z,STORM,25,25,50,1013.25,0.164,-0.25,1.149,-4.39,1.63,18.03,24.5,6,30.68,35,0.7,-59.998804,19.995497,0.308,303.3,91.77,HIGH_FREQUENCY,HIGH_LOAD,HIGH,MEDIUM,0.337,0,1,ANOMALY,true,-0.146906,0.647
2026-09-08T07:19:17.958Z,POLAR-001,2026-09-08T07:19:17.958Z,STORM,25,25,50,1013.25,0.164,-0.25,1.149,-4.39,1.63,18.03,24.5,6,30.68,35,0.7,-59.998773,19.995402,0.314,303.3,91.69,HIGH_FREQUENCY,HIGH_LOAD,HIGH,MEDIUM,0.337,0,1,ANOMALY,true,-0.146906,0.647
2026-09-08T07:21:36.536Z,POLAR-001,2026-09-08T07:21:36.537Z,STORM,25,25,50,1013.25,0.164,-0.25,1.149,-4.39,1.63,18.03,24.5,6,30.68,35,0.7,-59.998742,19.995307,0.32,303.3,91.61,HIGH_FREQUENCY,HIGH_LOAD,HIGH,MEDIUM,0.337,0,1,ANOMALY,true,-0.146906,0.647
2026-09-08T07:21:41.544Z,POLAR-001,2026-09-08T07:21:41.544Z,STORM,25,25,50,1013.25,0.164,-0.25,1.149,-4.39,1.63,18.03,24.5,6,30.68,35,0.7,-59.998711,19.995211,0.327,303.3,91.53,HIGH_FREQUENCY,HIGH_LOAD,HIGH,MEDIUM,0.337,0,1,ANOMALY,true,-0.146906,0.647
2026-09-08T08:19:17.227Z,POLAR-001,2026-09-08T08:19:17.227Z,STORM,25,25,50,1013.25,0.164,-0.25,1.149,-4.39,1.63,18.03,24.5,6,30.68,35,0.7,-59.998679,19.995116,0.333,303.3,91.45,HIGH_FREQUENCY,HIGH_LOAD,HIGH,MEDIUM,0.337,0,1,ANOMALY,true,-0.146906,0.647
2026-09-08T08:19:22.231Z,POLAR-001,2026-09-08T08:19:22.231Z,STORM,25,25,50,1013.25,0.164,-0.25,1.149,-4.39,1.63,18.03,24.5,6,30.68,35,0.7,-59.998648,19.995021,0.339,303.3,91.37,HIGH_FREQUENCY,HIGH_LOAD,HIGH,MEDIUM,0.337,0,1,ANOMALY,true,-0.146906,0.647
2026-09-08T09:08:10.448Z,POLAR-001,2026-09-08T09:08:10.448Z,STORM,25,25,50,1013.25,0.164,-0.25,1.149,-4.39,1.63,18.03,24.5,6,30.68,35,0.7,-59.998617,19.994926,0.345,303.3,91.29,HIGH_FREQUENCY,HIGH_LOAD,HIGH,MEDIUM,0.337,0,1,ANOMALY,true,-0.146906,0.647
2026-09-08T09:08:15.455Z,POLAR-001,2026-09-08T09:08:15.455Z,STORM,25,25,50,1013.25,0.164,-0.25,1.149,-4.39,1.63,18.03,24.5,6,30.68,35,0.7,-59.998586,19.994831,0.352,303.3,91.21,HIGH_FREQUENCY,HIGH_LOAD,HIGH,MEDIUM,0.337,0,1,ANOMALY,true,-0.146906,0.647
2026-09-08T09:08:20.463Z,POLAR-001,2026-09-08T09:08:20.463Z,STORM,25,25,50,1013.25,0.164,-0.25,1.149,-4.39,1.63,18.03,24.5,6,30.68,35,0.7,-59.998555,19.994736,0.358,303.3,91.13,HIGH_FREQUENCY,HIGH_LOAD,HIGH,MEDIUM,0.337,0,1,ANOMALY,true,-0.146906,0.647
2026-09-08T09:08:25.476Z,POLAR-001,2026-09-08T09:08:25.476Z,STORM,25,25,50,1013.25,0.164,-0.25,1.149,-4.39,1.63,18.03,24.5,6,30.68,35,0.7,-59.998523,19.994641,0.364,303.3,91.05,HIGH_FREQUENCY,HIGH_LOAD,HIGH,MEDIUM,0.337,0,1,ANOMALY,true,-0.146906,0.647
2026-09-08T09:08:30.488Z,POLAR-001,2026-09-08T09:08:30.488Z,STORM,25,25,50,1013.25,0.164,-0.25,1.149,-4.39,1.63,18.03,24.5,6,30.68,35,0.7,-59.998492,19.994546,0.371,303.3,90.97,HIGH_FREQUENCY,HIGH_LOAD,HIGH,MEDIUM,0.337,0,1,ANOMALY,true,-0.146906,0.647
2026-09-08T09:08:35.499Z,POLAR-001,2026-09-08T09:08:35.499Z,STORM,25,25,50,1013.25,0.164,-0.25,1.149,-4.39,1.63,18.03,24.5,6,30.68,35,0.7,-59.998461,19.994451,0.377,303.3,90.89,HIGH_FREQUENCY,HIGH_LOAD,HIGH,MEDIUM,0.337,0,1,ANOMALY,true,-0.146906,0.647
2026-09-08T09:08:40.506Z,POLAR-001,2026-09-08T09:08:40.506Z,STORM,25,25,50,1013.25,0.164,-0.25,1.149,-4.39,1.63,18.03,24.5,6,30.68,35,0.7,-59.99843,19.994356,0.383,303.3,90.81,HIGH_FREQUENCY,HIGH_LOAD,HIGH,MEDIUM,0.337,0,1,ANOMALY,true,-0.146906,0.647
2026-09-08T09:08:45.513Z,POLAR-001,2026-09-08T09:08:45.513Z,STORM,25,25,50,1013.25,0.164,-0.25,1.149,-4.39,1.63,18.03,24.5,6,30.68,35,0.7,-59.998398,19.994261,0.39,303.3,90.73,HIGH_FREQUENCY,HIGH_LOAD,HIGH,MEDIUM,0.337,0,1,ANOMALY,true,-0.146906,0.647
2026-09-08T09:08:50.527Z,POLAR-001,2026-09-08T09:08:50.527Z,STORM,25,25,50,1013.25,0.164,-0.25,1.149,-4.39,1.63,18.03,24.5,6,30.68,35,0.7,-59.998367,19.994166,0.396,303.3,90.65,HIGH_FREQUENCY,HIGH_LOAD,HIGH,MEDIUM,0.337,0,1,ANOMALY,true,-0.146906,0.647
2026-09-08T09:08:55.538Z,POLAR-001,2026-09-08T09:08:55.538Z,STORM,25,25,50,1013.25,0.164,-0.25,1.149,-4.39,1.63,18.03,24.5,6,30.68,35,0.7,-59.998336,19.994071,0.402,303.3,90.57,HIGH_FREQUENCY,HIGH_LOAD,HIGH,MEDIUM,0.337,0,1,ANOMALY,true,-0.146906,0.647
2026-09-08T09:09:00.542Z,POLAR-001,2026-09-08T09:09:00.542Z,STORM,25,25,50,1013.25,0.164,-0.25,1.149,-4.39,1.63,18.03,24.5,6,30.68,35,0.7,-59.998305,19.993976,0.409,303.3,90.49,HIGH_FREQUENCY,HIGH_LOAD,HIGH,MEDIUM,0.337,0,1,ANOMALY,true,-0.146906,0.647
2026-09-08T09:09:05.556Z,POLAR-001,2026-09-08T09:09:05.556Z,STORM,25,25,50,1013.25,0.164,-0.25,1.149,-4.39,1.63,18.03,24.5,6,30.68,35,0.7,-59.998274,19.99388,0.415,303.3,90.41,HIGH_FREQUENCY,HIGH_LOAD,HIGH,MEDIUM,0.337,0,1,ANOMALY,true,-0.146906,0.647
2026-09-08T09:09:10.561Z,POLAR-001,2026-09-08T09:09:10.561Z,STORM,25,25,50,1013.25,0.164,-0.25,1.149,-4.39,1.63,18.03,24.5,6,30.68,35,0.7,-59.998242,19.993785,0.421,303.3,90.33,HIGH_FREQUENCY,HIGH_LOAD,HIGH,MEDIUM,0.337,0,1,ANOMALY,true,-0.146906,0.647
2026-09-08T09:09:15.574Z,POLAR-001,2026-09-08T09:09:15.574Z,STORM,25,25,50,1013.25,0.164,-0.25,1.149,-4.39,1.63,18.03,24.5,6,30.68,35,0.7,-59.998211,19.99369,0.428,303.3,90.25,HIGH_FREQUENCY,HIGH_LOAD,HIGH,MEDIUM,0.337,0,1,ANOMALY,true,-0.146906,0.647
2026-09-08T09:09:20.578Z,POLAR-001,2026-09-08T09:09:20.578Z,STORM,25,25,50,1013.25,0.164,-0.25,1.149,-4.39,1.63,18.03,24.5,6,30.68,35,0.7,-59.99818,19.993595,0.434,303.3,90.17,HIGH_FREQUENCY,HIGH_LOAD,HIGH,MEDIUM,0.337,0,1,ANOMALY,true,-0.146906,0.647
2026-09-08T09:09:25.589Z,POLAR-001,2026-09-08T09:09:25.589Z,STORM,25,25,50,1013.25,0.164,-0.25,1.149,-4.39,1.63,18.03,24.5,6,30.68,35,0.7,-59.998149,19.9935,0.44,303.3,90.09,HIGH_FREQUENCY,HIGH_LOAD,HIGH,MEDIUM,0.337,0,1,ANOMALY,true,-0.146906,0.647
2026-09-08T09:09:30.590Z,POLAR-001,2026-09-08T09:09:30.590Z,STORM,25,25,50,1013.25,0.164,-0.25,1.149,-4.39,1.63,18.03,24.5,6,30.68,35,0.7,-59.998117,19.993405,0.446,303.3,90.01,HIGH_FREQUENCY,HIGH_LOAD,HIGH,MEDIUM,0.337,0,1,ANOMALY,true,-0.146906,0.647
2026-09-08T09:09:35.597Z,POLAR-001,2026-09-08T09:09:35.597Z,STORM,25,25,50,1013.25,0.164,-0.25,1.149,-4.39,1.63,18.03,24.5,6,30.68,35,0.7,-59.998086,19.99331,0.453,303.3,89.93,HIGH_FREQUENCY,HIGH_LOAD,HIGH,MEDIUM,0.337,0,1,ANOMALY,true,-0.146906,0.647
2026-09-08T09:09:40.607Z,POLAR-001,2026-09-08T09:09:40.607Z,STORM,25,25,50,1013.25,0.164,-0.25,1.149,-4.39,1.63,18.03,24.5,6,30.68,35,0.7,-59.998055,19.993215,0.459,303.3,89.85,HIGH_FREQUENCY,HIGH_LOAD,HIGH,MEDIUM,0.337,0,1,ANOMALY,true,-0.146906,0.647
2026-09-08T09:09:45.620Z,POLAR-001,2026-09-08T09:09:45.620Z,STORM,25,25,50,1013.25,0.164,-0.25,1.149,-4.39,1.63,18.03,24.5,6,30.68,35,0.7,-59.998024,19.99312,0.465,303.3,89.77,HIGH_FREQUENCY,HIGH_LOAD,HIGH,MEDIUM,0.337,0,1,ANOMALY,true,-0.146906,0.647
2026-09-08T09:09:50.624Z,POLAR-001,2026-09-08T09:09:50.624Z,STORM,25,25,50,1013.25,0.164,-0.25,1.149,-4.39,1.63,18.03,24.5,6,30.68,35,0.7,-59.997992,19.993025,0.472,303.3,89.69,HIGH_FREQUENCY,HIGH_LOAD,HIGH,MEDIUM,0.337,0,1,ANOMALY,true,-0.146906,0.647
2026-09-08T09:09:55.627Z,POLAR-001,2026-09-08T09:09:55.627Z,STORM,25,25,50,1013.25,0.164,-0.25,1.149,-4.39,1.63,18.03,24.5,6,30.68,35,0.7,-59.997961,19.99293,0.478,303.3,89.61,HIGH_FREQUENCY,HIGH_LOAD,HIGH,MEDIUM,0.337,0,1,ANOMALY,true,-0.146906,0.647
2026-09-08T09:10:00.643Z,POLAR-001,2026-09-08T09:10:00.643Z,STORM,25,25,50,1013.25,0.164,-0.25,1.149,-4.39,1.63,18.03,24.5,6,30.68,35,0.7,-59.99793,19.992835,0.484,303.3,89.53,HIGH_FREQUENCY,HIGH_LOAD,HIGH,MEDIUM,0.337,0,1,ANOMALY,true,-0.146906,0.647
2026-09-08T09:10:05.648Z,POLAR-001,2026-09-08T09:10:05.648Z,STORM,25,25,50,1013.25,0.164,-0.25,1.149,-4.39,1.63,18.03,24.5,6,30.68,35,0.7,-59.997899,19.99274,0.491,303.3,89.45,HIGH_FREQUENCY,HIGH_LOAD,HIGH,MEDIUM,0.337,0,1,ANOMALY,true,-0.146906,0.647
2026-09-08T09:10:10.685Z,POLAR-001,2026-09-08T09:10:10.685Z,STORM,25,25,50,1013.25,0.164,-0.25,1.149,-4.39,1.63,18.03,24.5,6,30.68,35,0.7,-59.997868,19.992645,0.497,303.3,89.37,HIGH_FREQUENCY,HIGH_LOAD,HIGH,MEDIUM,0.337,0,1,ANOMALY,true,-0.146906,0.647
2026-09-08T09:10:15.692Z,POLAR-001,2026-09-08T09:10:15.692Z,STORM,25,25,50,1013.25,0.164,-0.25,1.149,-4.39,1.63,18.03,24.5,6,30.68,35,0.7,-59.997836,19.992549,0.503,303.3,89.29,HIGH_FREQUENCY,HIGH_LOAD,HIGH,MEDIUM,0.337,0,1,ANOMALY,true,-0.146906,0.647
2026-09-08T09:10:20.707Z,POLAR-001,2026-09-08T09:10:20.707Z,STORM,25,25,50,1013.25,0.164,-0.25,1.149,-4.39,1.63,18.03,24.5,6,30.68,35,0.7,-59.997805,19.992454,0.51,303.3,89.21,HIGH_FREQUENCY,HIGH_LOAD,HIGH,MEDIUM,0.337,0,1,ANOMALY,true,-0.146906,0.647
2026-09-08T09:10:25.710Z,POLAR-001,2026-09-08T09:10:25.710Z,STORM,25,25,50,1013.25,0.164,-0.25,1.149,-4.39,1.63,18.03,24.5,6,30.68,35,0.7,-59.997774,19.992359,0.516,303.3,89.13,HIGH_FREQUENCY,HIGH_LOAD,HIGH,MEDIUM,0.337,0,1,ANOMALY,true,-0.146906,0.647
2026-09-08T09:10:30.723Z,POLAR-001,2026-09-08T09:10:30.723Z,STORM,25,25,50,1013.25,0.164,-0.25,1.149,-4.39,1.63,18.03,24.5,6,30.68,35,0.7,-59.997743,19.992264,0.522,303.3,89.05,HIGH_FREQUENCY,HIGH_LOAD,HIGH,MEDIUM,0.337,0,1,ANOMALY,true,-0.146906,0.647
2026-09-08T09:10:35.728Z,POLAR-001,2026-09-08T09:10:35.728Z,STORM,25,25,50,1013.25,0.164,-0.25,1.149,-4.39,1.63,18.03,24.5,6,30.68,35,0.7,-59.997711,19.992169,0.529,303.3,88.97,HIGH_FREQUENCY,HIGH_LOAD,HIGH,MEDIUM,0.337,0,1,ANOMALY,true,-0.146906,0.647
2026-09-08T09:10:40.743Z,POLAR-001,2026-09-08T09:10:40.743Z,STORM,25,25,50,1013.25,0.164,-0.25,1.149,-4.39,1.63,18.03,24.5,6,30.68,35,0.7,-59.99768,19.992074,0.535,303.3,88.89,HIGH_FREQUENCY,HIGH_LOAD,HIGH,MEDIUM,0.337,0,1,ANOMALY,true,-0.146906,0.647
2026-09-08T09:10:45.752Z,POLAR-001,2026-09-08T09:10:45.752Z,STORM,25,25,50,1013.25,0.164,-0.25,1.149,-4.39,1.63,18.03,24.5,6,30.68,35,0.7,-59.997649,19.991979,0.541,303.3,88.81,HIGH_FREQUENCY,HIGH_LOAD,HIGH,MEDIUM,0.337,0,1,ANOMALY,true,-0.146906,0.647
2026-09-08T09:10:50.754Z,POLAR-001,2026-09-08T09:10:50.754Z,STORM,25,25,50,1013.25,0.164,-0.25,1.149,-4.39,1.63,18.03,24.5,6,30.68,35,0.7,-59.997618,19.991884,0.547,303.3,88.73,HIGH_FREQUENCY,HIGH_LOAD,HIGH,MEDIUM,0.337,0,1,ANOMALY,true,-0.146906,0.647
2026-09-08T09:10:55.761Z,POLAR-001,2026-09-08T09:10:55.761Z,STORM,25,25,50,1013.25,0.164,-0.25,1.149,-4.39,1.63,18.03,24.5,6,30.68,35,0.7,-59.997587,19.991789,0.554,303.3,88.65,HIGH_FREQUENCY,HIGH_LOAD,HIGH,MEDIUM,0.337,0,1,ANOMALY,true,-0.146906,0.647
2026-09-08T09:11:00.769Z,POLAR-001,2026-09-08T09:11:00.769Z,STORM,25,25,50,1013.25,0.164,-0.25,1.149,-4.39,1.63,18.03,24.5,6,30.68,35,0.7,-59.997555,19.991694,0.56,303.3,88.57,HIGH_FREQUENCY,HIGH_LOAD,HIGH,MEDIUM,0.337,0,1,ANOMALY,true,-0.146906,0.647
2026-09-08T09:11:05.769Z,POLAR-001,2026-09-08T09:11:05.769Z,STORM,25,25,50,1013.25,0.164,-0.25,1.149,-4.39,1.63,18.03,24.5,6,30.68,35,0.7,-59.997524,19.991599,0.566,303.3,88.49,HIGH_FREQUENCY,HIGH_LOAD,HIGH,MEDIUM,0.337,0,1,ANOMALY,true,-0.146906,0.647
2026-09-08T09:11:10.782Z,POLAR-001,2026-09-08T09:11:10.782Z,STORM,25,25,50,1013.25,0.164,-0.25,1.149,-4.39,1.63,18.03,24.5,6,30.68,35,0.7,-59.997493,19.991504,0.573,303.3,88.41,HIGH_FREQUENCY,HIGH_LOAD,HIGH,MEDIUM,0.337,0,1,ANOMALY,true,-0.146906,0.647
2026-09-08T09:11:15.790Z,POLAR-001,2026-09-08T09:11:15.790Z,STORM,25,25,50,1013.25,0.164,-0.25,1.149,-4.39,1.63,18.03,24.5,6,30.68,35,0.7,-59.997462,19.991409,0.579,303.3,88.33,HIGH_FREQUENCY,HIGH_LOAD,HIGH,MEDIUM,0.337,0,1,ANOMALY,true,-0.146906,0.647
2026-09-08T09:11:20.801Z,POLAR-001,2026-09-08T09:11:20.801Z,STORM,25,25,50,1013.25,0.164,-0.25,1.149,-4.39,1.63,18.03,24.5,6,30.68,35,0.7,-59.99743,19.991314,0.585,303.3,88.25,HIGH_FREQUENCY,HIGH_LOAD,HIGH,MEDIUM,0.337,0,1,ANOMALY,true,-0.146906,0.647
2026-09-08T09:32:07.375Z,POLAR-001,2026-09-08T09:32:07.375Z,NORMAL,25,25,50,1013.25,0,0,1,0,0,0,9.3,1.76,33.42,58.5,0.72,-59.999964,20,0.004,0,94.98,NORMAL,POWER_SAVING,LOW,LOW,0,0,1,NORMAL,false,0.012649,0.487
2026-09-08T09:32:10.774Z,POLAR-001,2026-09-08T09:32:10.774Z,NORMAL,25,25,50,1013.25,0,0,1,0,0,0,8.6,1.76,33.34,57,0.64,-59.999932,20,0.008,0,94.96,NORMAL,POWER_SAVING,LOW,LOW,0,0,1,NORMAL,false,0.012649,0.487
2026-09-08T09:32:15.781Z,POLAR-001,2026-09-08T09:32:15.781Z,NORMAL,25,25,50,1013.25,0,0,1,0,0,0,8,1.76,33.26,55.5,0.56,-59.999904,20,0.011,0,94.94,NORMAL,POWER_SAVING,LOW,LOW,0,0,1,NORMAL,false,0.012649,0.487
2026-09-08T09:32:20.380Z,POLAR-001,2026-09-08T09:32:20.380Z,NORMAL,25,25,50,1013.25,0,0,1,0,0,0,8,1.76,33.18,54,0.48,-59.999879,20,0.013,0,94.92,NORMAL,POWER_SAVING,LOW,LOW,0,0,1,ANOMALY,true,-0.005688,0.506
2026-09-08T09:32:20.787Z,POLAR-001,2026-09-08T09:32:20.787Z,NORMAL,25,25,50,1013.25,0,0,1,0,0,0,8,1.76,33.1,52.5,0.4,-59.999858,20,0.016,0,94.9,NORMAL,POWER_SAVING,LOW,LOW,0,0,1,ANOMALY,true,-0.005688,0.506
2026-09-08T09:32:25.795Z,POLAR-001,2026-09-08T09:32:25.796Z,NORMAL,25,25,50,1013.25,0,0,1,0,0,0,8,1.76,33.02,51,0.32,-59.99984,20,0.018,0,94.88,NORMAL,POWER_SAVING,LOW,LOW,0,0,1,ANOMALY,true,-0.005688,0.506
2026-09-08T09:32:30.797Z,POLAR-001,2026-09-08T09:32:30.797Z,NORMAL,25,25,50,1013.25,0,0,1,0,0,0,8,1.76,32.94,49.5,0.3,-59.999824,20,0.02,0,94.86,NORMAL,POWER_SAVING,LOW,LOW,0,0,1,ANOMALY,true,-0.005688,0.506
2026-09-08T09:32:35.812Z,POLAR-001,2026-09-08T09:32:35.812Z,NORMAL,25,25,50,1013.25,0,0,1,0,0,0,8,1.76,32.78,46.5,0.3,-59.99979,20,0.023,0,94.82,NORMAL,POWER_SAVING,LOW,LOW,0,0,1,ANOMALY,true,-0.005688,0.506
2026-09-08T09:32:35.843Z,POLAR-001,2026-09-08T09:32:35.843Z,NORMAL,25,25,50,1013.25,0,0,1,0,0,0,8,1.76,32.78,46.5,0.3,-59.99979,20,0.023,0,94.82,NORMAL,POWER_SAVING,LOW,LOW,0,0,1,ANOMALY,true,-0.023103,0.523
2026-09-08T09:32:40.819Z,POLAR-001,2026-09-08T09:32:40.819Z,NORMAL,25,25,50,1013.25,0,0,1,0,0,0,8,1.76,32.7,45,0.3,-59.999774,20,0.025,0,94.8,NORMAL,POWER_SAVING,LOW,LOW,0,0,1,ANOMALY,true,-0.023103,0.523
2026-09-08T09:32:45.827Z,POLAR-001,2026-09-08T09:32:45.827Z,NORMAL,25,25,50,1013.25,0,0,1,0,0,0,8,1.76,32.54,42,0.3,-59.99974,20,0.029,0,94.76,NORMAL,POWER_SAVING,LOW,LOW,0,0,1,ANOMALY,true,-0.023103,0.523
2026-09-08T09:32:46.033Z,POLAR-001,2026-09-08T09:32:46.033Z,NORMAL,25,25,50,1013.25,0,0,1,0,0,0,8,1.76,32.54,42,0.3,-59.99974,20,0.029,0,94.76,NORMAL,POWER_SAVING,LOW,LOW,0,0,1,ANOMALY,true,-0.031349,0.531
2026-09-08T09:32:50.829Z,POLAR-001,2026-09-08T09:32:50.829Z,NORMAL,25,25,50,1013.25,0,0,1,0,0,0,8,1.76,32.46,40.5,0.3,-59.999724,20,0.031,0,94.74,NORMAL,POWER_SAVING,LOW,LOW,0,0,1,ANOMALY,true,-0.031349,0.531
2026-09-08T09:32:55.843Z,POLAR-001,2026-09-08T09:32:55.843Z,NORMAL,25,25,50,1013.25,0,0,1,0,0,0,8,1.76,32.38,39,0.3,-59.999707,20,0.033,0,94.72,NORMAL,POWER_SAVING,LOW,LOW,0,0,1,ANOMALY,true,-0.031349,0.531
2026-09-08T09:33:00.842Z,POLAR-001,2026-09-08T09:33:00.842Z,NORMAL,25,25,50,1013.25,0,0,1,0,0,0,8,1.76,32.3,37.5,0.3,-59.99969,20,0.034,0,94.7,NORMAL,POWER_SAVING,LOW,LOW,0,0,1,ANOMALY,true,-0.031349,0.531
2026-09-08T09:33:05.854Z,POLAR-001,2026-09-08T09:33:05.854Z,NORMAL,25,25,50,1013.25,0,0,1,0,0,0,8,1.76,32.22,36,0.3,-59.999674,20,0.036,0,94.68,NORMAL,POWER_SAVING,LOW,LOW,0,0,1,ANOMALY,true,-0.031349,0.531
2026-09-08T09:33:10.858Z,POLAR-001,2026-09-08T09:33:10.859Z,NORMAL,25,25,50,1013.25,0,0,1,0,0,0,8,1.76,32.06,35,0.3,-59.99964,20,0.04,0,94.64,NORMAL,POWER_SAVING,LOW,LOW,0,0,1,ANOMALY,true,-0.031349,0.531
2026-09-08T09:33:11.070Z,POLAR-001,2026-09-08T09:33:11.070Z,NORMAL,25,25,50,1013.25,0,0,1,0,0,0,8,1.76,32.06,35,0.3,-59.99964,20,0.04,0,94.64,NORMAL,POWER_SAVING,LOW,LOW,0,0,1,ANOMALY,true,-0.046247,0.546
2026-09-08T09:33:15.866Z,POLAR-001,2026-09-08T09:33:15.866Z,NORMAL,25,25,50,1013.25,0,0,1,0,0,0,8,1.76,31.98,35,0.3,-59.999624,20,0.042,0,94.62,NORMAL,POWER_SAVING,LOW,LOW,0,0,1,ANOMALY,true,-0.046247,0.546
2026-09-08T09:33:20.879Z,POLAR-001,2026-09-08T09:33:20.880Z,NORMAL,25,25,50,1013.25,0,0,1,0,0,0,8,1.76,31.9,35,0.3,-59.999607,20,0.044,0,94.6,NORMAL,POWER_SAVING,LOW,LOW,0,0,1,ANOMALY,true,-0.046247,0.546
2026-09-08T09:33:25.895Z,POLAR-001,2026-09-08T09:33:25.895Z,NORMAL,25,25,50,1013.25,0,0,1,0,0,0,8,1.76,31.82,35,0.3,-59.99959,20,0.045,0,94.58,NORMAL,POWER_SAVING,LOW,LOW,0,0,1,ANOMALY,true,-0.046247,0.546
2026-09-08T16:59:39.016Z,POLAR-001,2026-09-08T16:59:39.016Z,NORMAL,25,25,50,1013.25,0,0,1,0,0,0,9.3,1.76,33.42,58.5,0.72,-59.999964,20,0.004,0,94.98,NORMAL,POWER_SAVING,LOW,LOW,0,0,1,NORMAL,false,0.012649,0.487
2026-09-08T16:59:43.044Z,POLAR-001,2026-09-08T16:59:43.044Z,NORMAL,25,25,50,1013.25,0,0,1,0,0,0,8.6,1.76,33.34,57,0.64,-59.999932,20,0.008,0,94.96,NORMAL,POWER_SAVING,LOW,LOW,0,0,1,NORMAL,false,0.012649,0.487
2026-09-08T16:59:48.054Z,POLAR-001,2026-09-08T16:59:48.054Z,NORMAL,25,25,50,1013.25,0,0,1,0,0,0,8,1.76,33.26,55.5,0.56,-59.999904,20,0.011,0,94.94,NORMAL,POWER_SAVING,LOW,LOW,0,0,1,NORMAL,false,0.012649,0.487
2026-09-08T16:59:48.979Z,POLAR-001,2026-09-08T16:59:48.979Z,NORMAL,0,0,50.01,1013.25,0,0,1,0,0,0,8,1.76,33.34,55,0.48,-59.999879,20,0.013,0,94.92,NORMAL,POWER_SAVING,LOW,LOW,0,0,0.225,NORMAL,false,0.034322,0.466
2026-09-08T16:59:53.055Z,POLAR-001,2026-09-08T16:59:53.055Z,NORMAL,0,0,50.01,1013.25,0,0,1,0,0,0,8,1.76,33.42,55,0.4,-59.999858,20,0.016,0,94.9,NORMAL,POWER_SAVING,LOW,LOW,0,0,0.225,NORMAL,false,0.034322,0.466
2026-09-08T16:59:58.055Z,POLAR-001,2026-09-08T16:59:58.055Z,NORMAL,0,0,50.01,1013.25,0,0,1,0,0,0,8,1.76,33.5,55,0.32,-59.99984,20,0.018,0,94.88,NORMAL,POWER_SAVING,LOW,LOW,0,0,0.225,NORMAL,false,0.034322,0.466
2026-09-08T17:00:03.067Z,POLAR-001,2026-09-08T17:00:03.067Z,NORMAL,0,0,50.01,1013.25,0,0,1,0,0,0,8,1.76,33.58,55,0.3,-59.999824,20,0.02,0,94.86,NORMAL,POWER_SAVING,LOW,LOW,0,0,0.225,NORMAL,false,0.034322,0.466
2026-09-08T17:00:08.078Z,POLAR-001,2026-09-08T17:00:08.078Z,NORMAL,0,0,50.01,1013.25,0,0,1,0,0,0,8,1.76,33.66,55,0.3,-59.999807,20,0.021,0,94.84,NORMAL,POWER_SAVING,LOW,LOW,0,0,0.225,NORMAL,false,0.034322,0.466
2026-09-08T17:00:13.081Z,POLAR-001,2026-09-08T17:00:13.081Z,NORMAL,0,0,50.01,1013.25,0,0,1,0,0,0,8,1.76,33.74,55,0.3,-59.99979,20,0.023,0,94.82,NORMAL,POWER_SAVING,LOW,LOW,0,0,0.225,NORMAL,false,0.034322,0.466
2026-09-08T17:00:18.091Z,POLAR-001,2026-09-08T17:00:18.091Z,NORMAL,0,0,50.01,1013.25,0,0,1,0,0,0,8,1.76,33.77,55,0.3,-59.999774,20,0.025,0,94.8,NORMAL,POWER_SAVING,LOW,LOW,0,0,0.225,NORMAL,false,0.034322,0.466
2026-09-08T17:00:23.092Z,POLAR-001,2026-09-08T17:00:23.092Z,NORMAL,0,0,50.01,1013.25,0,0,1,0,0,0,8,1.76,33.77,55,0.3,-59.999757,20,0.027,0,94.78,NORMAL,POWER_SAVING,LOW,LOW,0,0,0.225,NORMAL,false,0.034322,0.466
2026-09-08T17:00:26.310Z,POLAR-001,2026-09-08T17:00:26.310Z,NORMAL,-9.54,0,50.01,1013.25,0,0,1,0,0,0,8,1.76,33.85,56.5,0.3,-59.99974,20,0.029,0,94.76,NORMAL,POWER_SAVING,LOW,LOW,0,0,0.967,ANOMALY,true,-0.012413,0.512
2026-09-08T17:00:28.094Z,POLAR-001,2026-09-08T17:00:28.094Z,NORMAL,-9.54,0,50.01,1013.25,0,0,1,0,0,0,8,1.76,33.93,58,0.3,-59.999724,20,0.031,0,94.74,NORMAL,POWER_SAVING,LOW,LOW,0,0,0.967,ANOMALY,true,-0.012413,0.512
2026-09-08T17:00:33.097Z,POLAR-001,2026-09-08T17:00:33.097Z,NORMAL,-9.54,0,50.01,1013.25,0,0,1,0,0,0,8,1.76,34.01,59.5,0.3,-59.999707,20,0.033,0,94.72,NORMAL,POWER_SAVING,LOW,LOW,0,0,0.967,ANOMALY,true,-0.012413,0.512
2026-09-08T17:00:38.102Z,POLAR-001,2026-09-08T17:00:38.102Z,NORMAL,-9.54,0,50.01,1013.25,0,0,1,0,0,0,8,1.76,34.09,61,0.3,-59.99969,20,0.034,0,94.7,NORMAL,POWER_SAVING,LOW,LOW,0,0,0.967,ANOMALY,true,-0.012413,0.512
2026-09-08T17:00:43.102Z,POLAR-001,2026-09-08T17:00:43.102Z,NORMAL,-9.54,0,50.01,1013.25,0,0,1,0,0,0,8,1.76,34.17,62.5,0.3,-59.999674,20,0.036,0,94.68,NORMAL,POWER_SAVING,LOW,LOW,0,0,0.967,ANOMALY,true,-0.012413,0.512
2026-09-08T17:00:46.369Z,POLAR-001,2026-09-08T17:00:46.369Z,NORMAL,-9.54,-16.49,50.01,1013.25,0,0,1,0,0,0,8,1.76,34.25,64,0.3,-59.999657,20,0.038,0,94.66,NORMAL,POWER_SAVING,LOW,LOW,0,0,0.967,NORMAL,false,0.002805,0.497
2026-09-08T17:00:48.116Z,POLAR-001,2026-09-08T17:00:48.116Z,NORMAL,-9.54,-16.49,50.01,1013.25,0,0,1,0,0,0,8,1.76,34.33,65.5,0.3,-59.99964,20,0.04,0,94.64,NORMAL,POWER_SAVING,LOW,LOW,0,0,0.967,NORMAL,false,0.002805,0.497
2026-09-08T17:00:53.124Z,POLAR-001,2026-09-08T17:00:53.124Z,NORMAL,-9.54,-16.49,50.01,1013.25,0,0,1,0,0,0,8,1.76,34.41,67,0.3,-59.999624,20,0.042,0,94.62,NORMAL,POWER_SAVING,LOW,LOW,0,0,0.967,NORMAL,false,0.002805,0.497
2026-09-08T17:00:58.131Z,POLAR-001,2026-09-08T17:00:58.131Z,NORMAL,-9.54,-16.49,50.01,1013.25,0,0,1,0,0,0,8,1.76,34.49,68.5,0.3,-59.999607,20,0.044,0,94.6,NORMAL,POWER_SAVING,LOW,LOW,0,0,0.967,NORMAL,false,0.002805,0.497
2026-09-08T17:01:03.140Z,POLAR-001,2026-09-08T17:01:03.140Z,NORMAL,-9.54,-16.49,50.01,1013.25,0,0,1,0,0,0,8,1.76,34.57,70,0.3,-59.99959,20,0.045,0,94.58,NORMAL,POWER_SAVING,LOW,LOW,0,0,0.967,NORMAL,false,0.002805,0.497
2026-09-08T17:01:08.154Z,POLAR-001,2026-09-08T17:01:08.154Z,NORMAL,-9.54,-16.49,50.01,1013.25,0,0,1,0,0,0,8,1.76,34.65,71.5,0.3,-59.999573,20,0.047,0,94.56,NORMAL,POWER_SAVING,LOW,LOW,0,0,0.967,NORMAL,false,0.002805,0.497
2026-09-08T17:01:13.165Z,POLAR-001,2026-09-08T17:01:13.165Z,NORMAL,-9.54,-16.49,50.01,1013.25,0,0,1,0,0,0,8,1.76,34.73,73,0.3,-59.999557,20,0.049,0,94.54,NORMAL,POWER_SAVING,LOW,LOW,0,0,0.967,NORMAL,false,0.002805,0.497
2026-09-08T17:01:18.169Z,POLAR-001,2026-09-08T17:01:18.169Z,NORMAL,-9.54,-16.49,50.01,1013.25,0,0,1,0,0,0,8,1.76,34.81,74.5,0.3,-59.99954,20,0.051,0,94.52,NORMAL,POWER_SAVING,LOW,LOW,0,0,0.967,NORMAL,false,0.002805,0.497
2026-09-08T17:01:23.183Z,POLAR-001,2026-09-08T17:01:23.183Z,NORMAL,-9.54,-16.49,50.01,1013.25,0,0,1,0,0,0,8,1.76,34.89,76,0.3,-59.999523,20,0.053,0,94.5,NORMAL,POWER_SAVING,LOW,LOW,0,0,0.967,NORMAL,false,0.002805,0.497
2026-09-08T17:01:28.193Z,POLAR-001,2026-09-08T17:01:28.193Z,NORMAL,-9.54,-16.49,50.01,1013.25,0,0,1,0,0,0,8,1.76,34.97,77.5,0.3,-59.999507,20,0.055,0,94.48,NORMAL,POWER_SAVING,LOW,LOW,0,0,0.967,NORMAL,false,0.002805,0.497
2026-09-08T17:01:33.206Z,POLAR-001,2026-09-08T17:01:33.206Z,NORMAL,-9.54,-16.49,50.01,1013.25,0,0,1,0,0,0,8,1.76,35.03,79,0.3,-59.99949,20,0.057,0,94.46,NORMAL,POWER_SAVING,LOW,LOW,0,0,0.967,NORMAL,false,0.002805,0.497
2026-09-08T17:01:38.207Z,POLAR-001,2026-09-08T17:01:38.207Z,NORMAL,-9.54,-16.49,50.01,1013.25,0,0,1,0,0,0,8,1.76,35.04,80.5,0.3,-59.999473,20,0.058,0,94.44,NORMAL,POWER_SAVING,LOW,LOW,0,0,0.967,NORMAL,false,0.002805,0.497
2026-09-08T17:01:43.217Z,POLAR-001,2026-09-08T17:01:43.217Z,NORMAL,-9.54,-16.49,50.01,1013.25,0,0,1,0,0,0,8,1.76,35.05,82,0.3,-59.999457,20,0.06,0,94.42,NORMAL,POWER_SAVING,LOW,LOW,0,0,0.967,NORMAL,false,0.002805,0.497
2026-09-08T17:01:48.222Z,POLAR-001,2026-09-08T17:01:48.222Z,NORMAL,-9.54,-16.49,50.01,1013.25,0,0,1,0,0,0,8,1.76,35.05,83.5,0.3,-59.99944,20,0.062,0,94.4,NORMAL,POWER_SAVING,LOW,LOW,0,0,0.967,NORMAL,false,0.002805,0.497
2026-09-08T17:01:53.229Z,POLAR-001,2026-09-08T17:01:53.229Z,NORMAL,-9.54,-16.49,50.01,1013.25,0,0,1,0,0,0,8,1.76,35.06,85,0.3,-59.999423,20,0.064,0,94.38,NORMAL,POWER_SAVING,LOW,LOW,0,0,0.967,NORMAL,false,0.002805,0.497
2026-09-08T17:01:58.232Z,POLAR-001,2026-09-08T17:01:58.232Z,NORMAL,-9.54,-16.49,50.01,1013.25,0,0,1,0,0,0,8,1.76,35.07,86.5,0.3,-59.999407,20,0.066,0,94.36,NORMAL,POWER_SAVING,LOW,LOW,0,0,0.967,NORMAL,false,0.002805,0.497
2026-09-08T17:02:03.244Z,POLAR-001,2026-09-08T17:02:03.244Z,NORMAL,-9.54,-16.49,50.01,1013.25,0,0,1,0,0,0,8,1.76,35.08,88,0.3,-59.99939,20,0.068,0,94.34,NORMAL,POWER_SAVING,LOW,LOW,0,0,0.967,NORMAL,false,0.002805,0.497
2026-09-08T17:02:08.246Z,POLAR-001,2026-09-08T17:02:08.246Z,NORMAL,-9.54,-16.49,50.01,1013.25,0,0,1,0,0,0,8,1.76,35.08,89.5,0.3,-59.999373,20,0.07,0,94.32,NORMAL,POWER_SAVING,LOW,LOW,0,0,0.967,NORMAL,false,0.002805,0.497
2026-09-08T17:02:13.252Z,POLAR-001,2026-09-08T17:02:13.252Z,NORMAL,-9.54,-16.49,50.01,1013.25,0,0,1,0,0,0,8,1.76,35.09,91,0.3,-59.999357,20,0.071,0,94.3,NORMAL,POWER_SAVING,LOW,LOW,0,0,0.967,NORMAL,false,0.002805,0.497
2026-09-08T17:02:18.257Z,POLAR-001,2026-09-08T17:02:18.257Z,NORMAL,-9.54,-16.49,50.01,1013.25,0,0,1,0,0,0,8,1.76,35.1,92.5,0.3,-59.99934,20,0.073,0,94.28,NORMAL,POWER_SAVING,LOW,LOW,0,0,0.967,NORMAL,false,0.002805,0.497
2026-09-08T17:02:23.267Z,POLAR-001,2026-09-08T17:02:23.267Z,NORMAL,-9.54,-16.49,50.01,1013.25,0,0,1,0,0,0,8,1.76,35.11,94,0.3,-59.999323,20,0.075,0,94.26,NORMAL,POWER_SAVING,LOW,LOW,0,0,0.967,NORMAL,false,0.002805,0.497
2026-09-08T17:02:28.271Z,POLAR-001,2026-09-08T17:02:28.271Z,NORMAL,-9.54,-16.49,50.01,1013.25,0,0,1,0,0,0,8,1.76,35.11,95,0.3,-59.999307,20,0.077,0,94.24,NORMAL,POWER_SAVING,LOW,LOW,0,0,0.967,NORMAL,false,0.002805,0.497
2026-09-08T17:02:33.273Z,POLAR-001,2026-09-08T17:02:33.273Z,NORMAL,-9.54,-16.49,50.01,1013.25,0,0,1,0,0,0,8,1.76,35.12,95,0.3,-59.99929,20,0.079,0,94.22,NORMAL,POWER_SAVING,LOW,LOW,0,0,0.967,NORMAL,false,0.002805,0.497
2026-09-08T17:02:38.277Z,POLAR-001,2026-09-08T17:02:38.277Z,NORMAL,-9.54,-16.49,50.01,1013.25,0,0,1,0,0,0,8,1.76,35.12,95,0.3,-59.999273,20,0.081,0,94.2,NORMAL,POWER_SAVING,LOW,LOW,0,0,0.967,NORMAL,false,0.002805,0.497
2026-09-08T17:02:43.282Z,POLAR-001,2026-09-08T17:02:43.282Z,NORMAL,-9.54,-16.49,50.01,1013.25,0,0,1,0,0,0,8,1.76,35.12,95,0.3,-59.999256,20,0.083,0,94.18,NORMAL,POWER_SAVING,LOW,LOW,0,0,0.967,NORMAL,false,0.002805,0.497
2026-09-08T17:02:48.290Z,POLAR-001,2026-09-08T17:02:48.290Z,NORMAL,-9.54,-16.49,50.01,1013.25,0,0,1,0,0,0,8,1.76,35.12,95,0.3,-59.99924,20,0.084,0,94.16,NORMAL,POWER_SAVING,LOW,LOW,0,0,0.967,NORMAL,false,0.002805,0.497
2026-09-08T17:02:53.302Z,POLAR-001,2026-09-08T17:02:53.302Z,NORMAL,-9.54,-16.49,50.01,1013.25,0,0,1,0,0,0,8,1.76,35.12,95,0.3,-59.999223,20,0.086,0,94.14,NORMAL,POWER_SAVING,LOW,LOW,0,0,0.967,NORMAL,false,0.002805,0.497
2026-09-08T17:02:58.306Z,POLAR-001,2026-09-08T17:02:58.306Z,NORMAL,-9.54,-16.49,50.01,1013.25,0,0,1,0,0,0,8,1.76,35.12,95,0.3,-59.999206,20,0.088,0,94.12,NORMAL,POWER_SAVING,LOW,LOW,0,0,0.967,NORMAL,false,0.002805,0.497
2026-09-08T17:03:03.318Z,POLAR-001,2026-09-08T17:03:03.318Z,NORMAL,-9.54,-16.49,50.01,1013.25,0,0,1,0,0,0,8,1.76,35.12,95,0.3,-59.99919,20,0.09,0,94.1,NORMAL,POWER_SAVING,LOW,LOW,0,0,0.967,NORMAL,false,0.002805,0.497
2026-09-08T17:03:08.327Z,POLAR-001,2026-09-08T17:03:08.327Z,NORMAL,-9.54,-16.49,50.01,1013.25,0,0,1,0,0,0,8,1.76,35.12,95,0.3,-59.999173,20,0.092,0,94.08,NORMAL,POWER_SAVING,LOW,LOW,0,0,0.967,NORMAL,false,0.002805,0.497
2026-09-08T17:03:13.332Z,POLAR-001,2026-09-08T17:03:13.332Z,NORMAL,-9.54,-16.49,50.01,1013.25,0,0,1,0,0,0,8,1.76,35.12,95,0.3,-59.999156,20,0.094,0,94.06,NORMAL,POWER_SAVING,LOW,LOW,0,0,0.967,NORMAL,false,0.002805,0.497
2026-09-08T17:03:18.331Z,POLAR-001,2026-09-08T17:03:18.331Z,NORMAL,-9.54,-16.49,50.01,1013.25,0,0,1,0,0,0,8,1.76,35.12,95,0.3,-59.99914,20,0.095,0,94.04,NORMAL,POWER_SAVING,LOW,LOW,0,0,0.967,NORMAL,false,0.002805,0.497
2026-09-08T17:03:23.331Z,POLAR-001,2026-09-08T17:03:23.331Z,NORMAL,-9.54,-16.49,50.01,1013.25,0,0,1,0,0,0,8,1.76,35.12,95,0.3,-59.999123,20,0.097,0,94.02,NORMAL,POWER_SAVING,LOW,LOW,0,0,0.967,NORMAL,false,0.002805,0.497
2026-09-08T17:03:28.332Z,POLAR-001,2026-09-08T17:03:28.332Z,NORMAL,-9.54,-16.49,50.01,1013.25,0,0,1,0,0,0,8,1.76,35.12,95,0.3,-59.999106,20,0.099,0,94,NORMAL,POWER_SAVING,LOW,LOW,0,0,0.967,NORMAL,false,0.002805,0.497
2026-09-08T17:03:33.336Z,POLAR-001,2026-09-08T17:03:33.336Z,NORMAL,-9.54,-16.49,50.01,1013.25,0,0,1,0,0,0,8,1.76,35.12,95,0.3,-59.99909,20,0.101,0,93.98,NORMAL,POWER_SAVING,LOW,LOW,0,0,0.967,NORMAL,false,0.002805,0.497
2026-09-08T17:03:38.345Z,POLAR-001,2026-09-08T17:03:38.345Z,NORMAL,-9.54,-16.49,50.01,1013.25,0,0,1,0,0,0,8,1.76,35.12,95,0.3,-59.999073,20,0.103,0,93.96,NORMAL,POWER_SAVING,LOW,LOW,0,0,0.967,NORMAL,false,0.002805,0.497
2026-09-08T17:03:43.359Z,POLAR-001,2026-09-08T17:03:43.359Z,NORMAL,-9.54,-16.49,50.01,1013.25,0,0,1,0,0,0,8,1.76,35.12,95,0.3,-59.999056,20,0.105,0,93.94,NORMAL,POWER_SAVING,LOW,LOW,0,0,0.967,NORMAL,false,0.002805,0.497
2026-09-08T17:03:48.374Z,POLAR-001,2026-09-08T17:03:48.374Z,NORMAL,-9.54,-16.49,50.01,1013.25,0,0,1,0,0,0,8,1.76,35.12,95,0.3,-59.99904,20,0.107,0,93.92,NORMAL,POWER_SAVING,LOW,LOW,0,0,0.967,NORMAL,false,0.002805,0.497
2026-09-08T17:03:53.385Z,POLAR-001,2026-09-08T17:03:53.385Z,NORMAL,-9.54,-16.49,50.01,1013.25,0,0,1,0,0,0,8,1.76,35.12,95,0.3,-59.999023,20,0.108,0,93.9,NORMAL,POWER_SAVING,LOW,LOW,0,0,0.967,NORMAL,false,0.002805,0.497
2026-09-08T17:03:58.385Z,POLAR-001,2026-09-08T17:03:58.385Z,NORMAL,-9.54,-16.49,50.01,1013.25,0,0,1,0,0,0,8,1.76,35.12,95,0.3,-59.999006,20,0.11,0,93.88,NORMAL,POWER_SAVING,LOW,LOW,0,0,0.967,NORMAL,false,0.002805,0.497
2026-09-08T17:04:03.399Z,POLAR-001,2026-09-08T17:04:03.399Z,NORMAL,-9.54,-16.49,50.01,1013.25,0,0,1,0,0,0,8,1.76,35.12,95,0.3,-59.99899,20,0.112,0,93.86,NORMAL,POWER_SAVING,LOW,LOW,0,0,0.967,NORMAL,false,0.002805,0.497
2026-09-08T17:04:08.401Z,POLAR-001,2026-09-08T17:04:08.401Z,NORMAL,-9.54,-16.49,50.01,1013.25,0,0,1,0,0,0,8,1.76,35.12,95,0.3,-59.998973,20,0.114,0,93.84,NORMAL,POWER_SAVING,LOW,LOW,0,0,0.967,NORMAL,false,0.002805,0.497
2026-09-08T17:04:13.414Z,POLAR-001,2026-09-08T17:04:13.414Z,NORMAL,-9.54,-16.49,50.01,1013.25,0,0,1,0,0,0,8,1.76,35.12,95,0.3,-59.998956,20,0.116,0,93.82,NORMAL,POWER_SAVING,LOW,LOW,0,0,0.967,NORMAL,false,0.002805,0.497
2026-09-08T17:04:18.422Z,POLAR-001,2026-09-08T17:04:18.422Z,NORMAL,-9.54,-16.49,50.01,1013.25,0,0,1,0,0,0,8,1.76,35.12,95,0.3,-59.998939,20,0.118,0,93.8,NORMAL,POWER_SAVING,LOW,LOW,0,0,0.967,NORMAL,false,0.002805,0.497
2026-09-08T17:04:23.431Z,POLAR-001,2026-09-08T17:04:23.431Z,NORMAL,-9.54,-16.49,50.01,1013.25,0,0,1,0,0,0,8,1.76,35.12,95,0.3,-59.998923,20,0.12,0,93.78,NORMAL,POWER_SAVING,LOW,LOW,0,0,0.967,NORMAL,false,0.002805,0.497
2026-09-08T17:04:28.439Z,POLAR-001,2026-09-08T17:04:28.439Z,NORMAL,-9.54,-16.49,50.01,1013.25,0,0,1,0,0,0,8,1.76,35.12,95,0.3,-59.998906,20,0.121,0,93.76,NORMAL,POWER_SAVING,LOW,LOW,0,0,0.967,NORMAL,false,0.002805,0.497
2026-09-08T17:04:33.543Z,POLAR-001,2026-09-08T17:04:33.543Z,NORMAL,-9.54,-16.49,50.01,1013.25,0,0,1,0,0,0,8,1.76,35.12,95,0.3,-59.998889,20,0.123,0,93.74,NORMAL,POWER_SAVING,LOW,LOW,0,0,0.967,NORMAL,false,0.002805,0.497
2026-09-08T17:04:38.549Z,POLAR-001,2026-09-08T17:04:38.549Z,NORMAL,-9.54,-16.49,50.01,1013.25,0,0,1,0,0,0,8,1.76,35.12,95,0.3,-59.998873,20,0.125,0,93.72,NORMAL,POWER_SAVING,LOW,LOW,0,0,0.967,NORMAL,false,0.002805,0.497
2026-09-08T17:04:43.551Z,POLAR-001,2026-09-08T17:04:43.551Z,NORMAL,-9.54,-16.49,50.01,1013.25,0,0,1,0,0,0,8,1.76,35.12,95,0.3,-59.998856,20,0.127,0,93.7,NORMAL,POWER_SAVING,LOW,LOW,0,0,0.967,NORMAL,false,0.002805,0.497
2026-09-08T17:04:48.557Z,POLAR-001,2026-09-08T17:04:48.557Z,NORMAL,-9.54,-16.49,50.01,1013.25,0,0,1,0,0,0,8,1.76,35.12,95,0.3,-59.998839,20,0.129,0,93.68,NORMAL,POWER_SAVING,LOW,LOW,0,0,0.967,NORMAL,false,0.002805,0.497
2026-09-08T17:04:53.570Z,POLAR-001,2026-09-08T17:04:53.570Z,NORMAL,-9.54,-16.49,50.01,1013.25,0,0,1,0,0,0,8,1.76,35.12,95,0.3,-59.998823,20,0.131,0,93.66,NORMAL,POWER_SAVING,LOW,LOW,0,0,0.967,NORMAL,false,0.002805,0.497
2026-09-08T17:04:58.586Z,POLAR-001,2026-09-08T17:04:58.586Z,NORMAL,-9.54,-16.49,50.01,1013.25,0,0,1,0,0,0,8,1.76,35.12,95,0.3,-59.998806,20,0.133,0,93.64,NORMAL,POWER_SAVING,LOW,LOW,0,0,0.967,NORMAL,false,0.002805,0.497
2026-09-08T17:05:03.600Z,POLAR-001,2026-09-08T17:05:03.600Z,NORMAL,-9.54,-16.49,50.01,1013.25,0,0,1,0,0,0,8,1.76,35.12,95,0.3,-59.998789,20,0.134,0,93.62,NORMAL,POWER_SAVING,LOW,LOW,0,0,0.967,NORMAL,false,0.002805,0.497
2026-09-08T17:05:08.609Z,POLAR-001,2026-09-08T17:05:08.609Z,NORMAL,-9.54,-16.49,50.01,1013.25,0,0,1,0,0,0,8,1.76,35.12,95,0.3,-59.998773,20,0.136,0,93.6,NORMAL,POWER_SAVING,LOW,LOW,0,0,0.967,NORMAL,false,0.002805,0.497
2026-09-08T17:05:13.623Z,POLAR-001,2026-09-08T17:05:13.623Z,NORMAL,-9.54,-16.49,50.01,1013.25,0,0,1,0,0,0,8,1.76,35.12,95,0.3,-59.998756,20,0.138,0,93.58,NORMAL,POWER_SAVING,LOW,LOW,0,0,0.967,NORMAL,false,0.002805,0.497
2026-09-08T17:05:18.625Z,POLAR-001,2026-09-08T17:05:18.625Z,NORMAL,-9.54,-16.49,50.01,1013.25,0,0,1,0,0,0,8,1.76,35.12,95,0.3,-59.998739,20,0.14,0,93.56,NORMAL,POWER_SAVING,LOW,LOW,0,0,0.967,NORMAL,false,0.002805,0.497
2026-09-08T17:05:20.684Z,POLAR-001,2026-09-08T17:05:20.684Z,NORMAL,-9.54,-16.49,50.01,1013.25,0,0,1,0,0,0,8,1.76,35.12,95,0.3,-59.998723,20,0.142,0,93.54,ADAPTIVE,BALANCED,MEDIUM,LOW,0,0,0.967,ANOMALY,true,-0.04216,0.542
2026-09-08T17:05:23.627Z,POLAR-001,2026-09-08T17:05:23.627Z,NORMAL,-9.54,-16.49,50.01,1013.25,0,0,1,0,0,0,8,1.76,35.12,95,0.3,-59.998706,20,0.144,0,93.51,ADAPTIVE,BALANCED,MEDIUM,LOW,0,0,0.967,ANOMALY,true,-0.04216,0.542
2026-09-08T17:05:28.641Z,POLAR-001,2026-09-08T17:05:28.641Z,NORMAL,-9.54,-16.49,50.01,1013.25,0,0,1,0,0,0,8,1.76,35.12,95,0.3,-59.998689,20,0.146,0,93.47,ADAPTIVE,BALANCED,MEDIUM,LOW,0,0,0.967,ANOMALY,true,-0.04216,0.542
2026-09-08T17:05:33.655Z,POLAR-001,2026-09-08T17:05:33.655Z,NORMAL,-9.54,-16.49,50.01,1013.25,0,0,1,0,0,0,8,1.76,35.12,95,0.3,-59.998673,20,0.147,0,93.44,ADAPTIVE,BALANCED,MEDIUM,LOW,0,0,0.967,ANOMALY,true,-0.04216,0.542
2026-09-08T17:05:38.664Z,POLAR-001,2026-09-08T17:05:38.664Z,NORMAL,-9.54,-16.49,50.01,1013.25,0,0,1,0,0,0,8,1.76,35.12,95,0.3,-59.998656,20,0.149,0,93.4,ADAPTIVE,BALANCED,MEDIUM,LOW,0,0,0.967,ANOMALY,true,-0.04216,0.542
2026-09-08T17:05:43.678Z,POLAR-001,2026-09-08T17:05:43.679Z,NORMAL,-9.54,-16.49,50.01,1013.25,0,0,1,0,0,0,8,1.76,35.12,95,0.3,-59.998639,20,0.151,0,93.37,ADAPTIVE,BALANCED,MEDIUM,LOW,0,0,0.967,ANOMALY,true,-0.04216,0.542
2026-09-08T17:05:48.692Z,POLAR-001,2026-09-08T17:05:48.692Z,NORMAL,-9.54,-16.49,50.01,1013.25,0,0,1,0,0,0,8,1.76,35.12,95,0.3,-59.998622,20,0.153,0,93.33,ADAPTIVE,BALANCED,MEDIUM,LOW,0,0,0.967,ANOMALY,true,-0.04216,0.542
2026-09-08T17:05:53.695Z,POLAR-001,2026-09-08T17:05:53.695Z,NORMAL,-9.54,-16.49,50.01,1013.25,0,0,1,0,0,0,8,1.76,35.12,95,0.3,-59.998606,20,0.155,0,93.3,ADAPTIVE,BALANCED,MEDIUM,LOW,0,0,0.967,ANOMALY,true,-0.04216,0.542
2026-09-08T17:05:58.696Z,POLAR-001,2026-09-08T17:05:58.697Z,NORMAL,-9.54,-16.49,50.01,1013.25,0,0,1,0,0,0,8,1.76,35.12,95,0.3,-59.998589,20,0.157,0,93.26,ADAPTIVE,BALANCED,MEDIUM,LOW,0,0,0.967,ANOMALY,true,-0.04216,0.542
2026-09-08T17:06:03.709Z,POLAR-001,2026-09-08T17:06:03.709Z,NORMAL,-9.54,-16.49,50.01,1013.25,0,0,1,0,0,0,8,1.76,35.12,95,0.3,-59.998572,20,0.158,0,93.23,ADAPTIVE,BALANCED,MEDIUM,LOW,0,0,0.967,ANOMALY,true,-0.04216,0.542
2026-09-08T17:06:08.725Z,POLAR-001,2026-09-08T17:06:08.725Z,NORMAL,-9.54,-16.49,50.01,1013.25,0,0,1,0,0,0,8,1.76,35.12,95,0.3,-59.998556,20,0.16,0,93.19,ADAPTIVE,BALANCED,MEDIUM,LOW,0,0,0.967,ANOMALY,true,-0.04216,0.542
2026-09-08T17:06:13.734Z,POLAR-001,2026-09-08T17:06:13.734Z,NORMAL,-9.54,-16.49,50.01,1013.25,0,0,1,0,0,0,8,1.76,35.12,95,0.3,-59.998539,20,0.162,0,93.16,ADAPTIVE,BALANCED,MEDIUM,LOW,0,0,0.967,ANOMALY,true,-0.04216,0.542
2026-09-08T17:06:18.736Z,POLAR-001,2026-09-08T17:06:18.736Z,NORMAL,-9.54,-16.49,50.01,1013.25,0,0,1,0,0,0,8,1.76,35.12,95,0.3,-59.998522,20,0.164,0,93.12,ADAPTIVE,BALANCED,MEDIUM,LOW,0,0,0.967,ANOMALY,true,-0.04216,0.542
2026-09-08T17:06:23.742Z,POLAR-001,2026-09-08T17:06:23.742Z,NORMAL,-9.54,-16.49,50.01,1013.25,0,0,1,0,0,0,8,1.76,35.12,95,0.3,-59.998506,20,0.166,0,93.09,ADAPTIVE,BALANCED,MEDIUM,LOW,0,0,0.967,ANOMALY,true,-0.04216,0.542
2026-09-08T17:06:28.750Z,POLAR-001,2026-09-08T17:06:28.750Z,NORMAL,-9.54,-16.49,50.01,1013.25,0,0,1,0,0,0,8,1.76,35.12,95,0.3,-59.998489,20,0.168,0,93.05,ADAPTIVE,BALANCED,MEDIUM,LOW,0,0,0.967,ANOMALY,true,-0.04216,0.542
2026-09-08T17:06:33.755Z,POLAR-001,2026-09-08T17:06:33.755Z,NORMAL,-9.54,-16.49,50.01,1013.25,0,0,1,0,0,0,8,1.76,35.12,95,0.3,-59.998472,20,0.17,0,93.02,ADAPTIVE,BALANCED,MEDIUM,LOW,0,0,0.967,ANOMALY,true,-0.04216,0.542
2026-09-08T17:06:38.766Z,POLAR-001,2026-09-08T17:06:38.766Z,NORMAL,-9.54,-16.49,50.01,1013.25,0,0,1,0,0,0,8,1.76,35.12,95,0.3,-59.998456,20,0.171,0,92.98,ADAPTIVE,BALANCED,MEDIUM,LOW,0,0,0.967,ANOMALY,true,-0.04216,0.542
2026-09-08T17:06:43.766Z,POLAR-001,2026-09-08T17:06:43.766Z,NORMAL,-9.54,-16.49,50.01,1013.25,0,0,1,0,0,0,8,1.76,35.12,95,0.3,-59.998439,20,0.173,0,92.95,ADAPTIVE,BALANCED,MEDIUM,LOW,0,0,0.967,ANOMALY,true,-0.04216,0.542
2026-09-08T17:06:48.769Z,POLAR-001,2026-09-08T17:06:48.769Z,NORMAL,-9.54,-16.49,50.01,1013.25,0,0,1,0,0,0,8,1.76,35.12,95,0.3,-59.998422,20,0.175,0,92.91,ADAPTIVE,BALANCED,MEDIUM,LOW,0,0,0.967,ANOMALY,true,-0.04216,0.542
2026-09-08T17:06:53.781Z,POLAR-001,2026-09-08T17:06:53.781Z,NORMAL,-9.54,-16.49,50.01,1013.25,0,0,1,0,0,0,8,1.76,35.12,95,0.3,-59.998406,20,0.177,0,92.88,ADAPTIVE,BALANCED,MEDIUM,LOW,0,0,0.967,ANOMALY,true,-0.04216,0.542
2026-09-08T17:06:58.786Z,POLAR-001,2026-09-08T17:06:58.786Z,NORMAL,-9.54,-16.49,50.01,1013.25,0,0,1,0,0,0,8,1.76,35.12,95,0.3,-59.998389,20,0.179,0,92.84,ADAPTIVE,BALANCED,MEDIUM,LOW,0,0,0.967,ANOMALY,true,-0.04216,0.542
2026-09-08T17:07:03.791Z,POLAR-001,2026-09-08T17:07:03.791Z,NORMAL,-9.54,-16.49,50.01,1013.25,0,0,1,0,0,0,8,1.76,35.12,95,0.3,-59.998372,20,0.181,0,92.81,ADAPTIVE,BALANCED,MEDIUM,LOW,0,0,0.967,ANOMALY,true,-0.04216,0.542
2026-09-08T17:07:08.793Z,POLAR-001,2026-09-08T17:07:08.793Z,NORMAL,-9.54,-16.49,50.01,1013.25,0,0,1,0,0,0,8,1.76,35.12,95,0.3,-59.998355,20,0.183,0,92.77,ADAPTIVE,BALANCED,MEDIUM,LOW,0,0,0.967,ANOMALY,true,-0.04216,0.542
2026-09-08T17:07:13.805Z,POLAR-001,2026-09-08T17:07:13.805Z,NORMAL,-9.54,-16.49,50.01,1013.25,0,0,1,0,0,0,8,1.76,35.12,95,0.3,-59.998339,20,0.184,0,92.74,ADAPTIVE,BALANCED,MEDIUM,LOW,0,0,0.967,ANOMALY,true,-0.04216,0.542
2026-09-08T17:07:18.807Z,POLAR-001,2026-09-08T17:07:18.807Z,NORMAL,-9.54,-16.49,50.01,1013.25,0,0,1,0,0,0,8,1.76,35.12,95,0.3,-59.998322,20,0.186,0,92.7,ADAPTIVE,BALANCED,MEDIUM,LOW,0,0,0.967,ANOMALY,true,-0.04216,0.542
2026-09-08T17:07:23.812Z,POLAR-001,2026-09-08T17:07:23.812Z,NORMAL,-9.54,-16.49,50.01,1013.25,0,0,1,0,0,0,8,1.76,35.12,95,0.3,-59.998305,20,0.188,0,92.67,ADAPTIVE,BALANCED,MEDIUM,LOW,0,0,0.967,ANOMALY,true,-0.04216,0.542
2026-09-08T17:07:28.825Z,POLAR-001,2026-09-08T17:07:28.825Z,NORMAL,-9.54,-16.49,50.01,1013.25,0,0,1,0,0,0,8,1.76,35.12,95,0.3,-59.998289,20,0.19,0,92.63,ADAPTIVE,BALANCED,MEDIUM,LOW,0,0,0.967,ANOMALY,true,-0.04216,0.542
2026-09-08T17:07:33.838Z,POLAR-001,2026-09-08T17:07:33.838Z,NORMAL,-9.54,-16.49,50.01,1013.25,0,0,1,0,0,0,8,1.76,35.12,95,0.3,-59.998272,20,0.192,0,92.6,ADAPTIVE,BALANCED,MEDIUM,LOW,0,0,0.967,ANOMALY,true,-0.04216,0.542
2026-09-08T17:07:38.842Z,POLAR-001,2026-09-08T17:07:38.842Z,NORMAL,-9.54,-16.49,50.01,1013.25,0,0,1,0,0,0,8,1.76,35.12,95,0.3,-59.998255,20,0.194,0,92.56,ADAPTIVE,BALANCED,MEDIUM,LOW,0,0,0.967,ANOMALY,true,-0.04216,0.542
2026-09-08T17:07:43.848Z,POLAR-001,2026-09-08T17:07:43.848Z,NORMAL,-9.54,-16.49,50.01,1013.25,0,0,1,0,0,0,8,1.76,35.12,95,0.3,-59.998239,20,0.196,0,92.53,ADAPTIVE,BALANCED,MEDIUM,LOW,0,0,0.967,ANOMALY,true,-0.04216,0.542
2026-09-08T17:07:48.850Z,POLAR-001,2026-09-08T17:07:48.850Z,NORMAL,-9.54,-16.49,50.01,1013.25,0,0,1,0,0,0,8,1.76,35.12,95,0.3,-59.998222,20,0.197,0,92.49,ADAPTIVE,BALANCED,MEDIUM,LOW,0,0,0.967,ANOMALY,true,-0.04216,0.542
2026-09-08T17:07:53.863Z,POLAR-001,2026-09-08T17:07:53.863Z,NORMAL,-9.54,-16.49,50.01,1013.25,0,0,1,0,0,0,8,1.76,35.12,95,0.3,-59.998205,20,0.199,0,92.46,ADAPTIVE,BALANCED,MEDIUM,LOW,0,0,0.967,ANOMALY,true,-0.04216,0.542
2026-09-08T17:07:58.864Z,POLAR-001,2026-09-08T17:07:58.864Z,NORMAL,-9.54,-16.49,50.01,1013.25,0,0,1,0,0,0,8,1.76,35.12,95,0.3,-59.998189,20,0.201,0,92.42,ADAPTIVE,BALANCED,MEDIUM,LOW,0,0,0.967,ANOMALY,true,-0.04216,0.542
2026-09-08T17:08:03.874Z,POLAR-001,2026-09-08T17:08:03.874Z,NORMAL,-9.54,-16.49,50.01,1013.25,0,0,1,0,0,0,8,1.76,35.12,95,0.3,-59.998172,20,0.203,0,92.39,ADAPTIVE,BALANCED,MEDIUM,LOW,0,0,0.967,ANOMALY,true,-0.04216,0.542
2026-09-08T17:08:08.879Z,POLAR-001,2026-09-08T17:08:08.879Z,NORMAL,-9.54,-16.49,50.01,1013.25,0,0,1,0,0,0,8,1.76,35.12,95,0.3,-59.998155,20,0.205,0,92.35,ADAPTIVE,BALANCED,MEDIUM,LOW,0,0,0.967,ANOMALY,true,-0.04216,0.542
2026-09-08T17:08:13.892Z,POLAR-001,2026-09-08T17:08:13.892Z,NORMAL,-9.54,-16.49,50.01,1013.25,0,0,1,0,0,0,8,1.76,35.12,95,0.3,-59.998139,20,0.207,0,92.32,ADAPTIVE,BALANCED,MEDIUM,LOW,0,0,0.967,ANOMALY,true,-0.04216,0.542
2026-09-08T17:08:18.890Z,POLAR-001,2026-09-08T17:08:18.890Z,NORMAL,-9.54,-16.49,50.01,1013.25,0,0,1,0,0,0,8,1.76,35.12,95,0.3,-59.998122,20,0.208,0,92.28,ADAPTIVE,BALANCED,MEDIUM,LOW,0,0,0.967,ANOMALY,true,-0.04216,0.542
2026-09-08T17:08:23.897Z,POLAR-001,2026-09-08T17:08:23.897Z,NORMAL,-9.54,-16.49,50.01,1013.25,0,0,1,0,0,0,8,1.76,35.12,95,0.3,-59.998105,20,0.21,0,92.25,ADAPTIVE,BALANCED,MEDIUM,LOW,0,0,0.967,ANOMALY,true,-0.04216,0.542
2026-09-08T17:08:28.910Z,POLAR-001,2026-09-08T17:08:28.910Z,NORMAL,-9.54,-16.49,50.01,1013.25,0,0,1,0,0,0,8,1.76,35.12,95,0.3,-59.998089,20,0.212,0,92.21,ADAPTIVE,BALANCED,MEDIUM,LOW,0,0,0.967,ANOMALY,true,-0.04216,0.542
2026-09-08T17:08:33.922Z,POLAR-001,2026-09-08T17:08:33.922Z,NORMAL,-9.54,-16.49,50.01,1013.25,0,0,1,0,0,0,8,1.76,35.12,95,0.3,-59.998072,20,0.214,0,92.18,ADAPTIVE,BALANCED,MEDIUM,LOW,0,0,0.967,ANOMALY,true,-0.04216,0.542
2026-09-08T17:08:38.922Z,POLAR-001,2026-09-08T17:08:38.922Z,NORMAL,-9.54,-16.49,50.01,1013.25,0,0,1,0,0,0,8,1.76,35.12,95,0.3,-59.998055,20,0.216,0,92.14,ADAPTIVE,BALANCED,MEDIUM,LOW,0,0,0.967,ANOMALY,true,-0.04216,0.542
2026-09-08T17:08:43.938Z,POLAR-001,2026-09-08T17:08:43.938Z,NORMAL,-9.54,-16.49,50.01,1013.25,0,0,1,0,0,0,8,1.76,35.12,95,0.3,-59.998038,20,0.218,0,92.11,ADAPTIVE,BALANCED,MEDIUM,LOW,0,0,0.967,ANOMALY,true,-0.04216,0.542
2026-09-08T17:08:48.951Z,POLAR-001,2026-09-08T17:08:48.951Z,NORMAL,-9.54,-16.49,50.01,1013.25,0,0,1,0,0,0,8,1.76,35.12,95,0.3,-59.998022,20,0.22,0,92.07,ADAPTIVE,BALANCED,MEDIUM,LOW,0,0,0.967,ANOMALY,true,-0.04216,0.542
2026-09-08T17:08:53.956Z,POLAR-001,2026-09-08T17:08:53.956Z,NORMAL,-9.54,-16.49,50.01,1013.25,0,0,1,0,0,0,8,1.76,35.12,95,0.3,-59.998005,20,0.221,0,92.04,ADAPTIVE,BALANCED,MEDIUM,LOW,0,0,0.967,ANOMALY,true,-0.04216,0.542
2026-09-08T17:08:58.963Z,POLAR-001,2026-09-08T17:08:58.963Z,NORMAL,-9.54,-16.49,50.01,1013.25,0,0,1,0,0,0,8,1.76,35.12,95,0.3,-59.997988,20,0.223,0,92,ADAPTIVE,BALANCED,MEDIUM,LOW,0,0,0.967,ANOMALY,true,-0.04216,0.542
2026-09-08T17:09:03.971Z,POLAR-001,2026-09-08T17:09:03.971Z,NORMAL,-9.54,-16.49,50.01,1013.25,0,0,1,0,0,0,8,1.76,35.12,95,0.3,-59.997972,20,0.225,0,91.97,ADAPTIVE,BALANCED,MEDIUM,LOW,0,0,0.967,ANOMALY,true,-0.04216,0.542
2026-09-08T17:09:08.981Z,POLAR-001,2026-09-08T17:09:08.981Z,NORMAL,-9.54,-16.49,50.01,1013.25,0,0,1,0,0,0,8,1.76,35.12,95,0.3,-59.997955,20,0.227,0,91.93,ADAPTIVE,BALANCED,MEDIUM,LOW,0,0,0.967,ANOMALY,true,-0.04216,0.542
2026-09-08T17:09:13.990Z,POLAR-001,2026-09-08T17:09:13.990Z,NORMAL,-9.54,-16.49,50.01,1013.25,0,0,1,0,0,0,8,1.76,35.12,95,0.3,-59.997938,20,0.229,0,91.9,ADAPTIVE,BALANCED,MEDIUM,LOW,0,0,0.967,ANOMALY,true,-0.04216,0.542
2026-09-08T17:09:18.995Z,POLAR-001,2026-09-08T17:09:18.995Z,NORMAL,-9.54,-16.49,50.01,1013.25,0,0,1,0,0,0,8,1.76,35.12,95,0.3,-59.997922,20,0.231,0,91.86,ADAPTIVE,BALANCED,MEDIUM,LOW,0,0,0.967,ANOMALY,true,-0.04216,0.542
2026-09-08T17:09:24.006Z,POLAR-001,2026-09-08T17:09:24.006Z,NORMAL,-9.54,-16.49,50.01,1013.25,0,0,1,0,0,0,8,1.76,35.12,95,0.3,-59.997905,20,0.233,0,91.83,ADAPTIVE,BALANCED,MEDIUM,LOW,0,0,0.967,ANOMALY,true,-0.04216,0.542
2026-09-08T17:09:29.012Z,POLAR-001,2026-09-08T17:09:29.012Z,NORMAL,-9.54,-16.49,50.01,1013.25,0,0,1,0,0,0,8,1.76,35.12,95,0.3,-59.997888,20,0.234,0,91.79,ADAPTIVE,BALANCED,MEDIUM,LOW,0,0,0.967,ANOMALY,true,-0.04216,0.542
2026-09-08T17:09:34.012Z,POLAR-001,2026-09-08T17:09:34.012Z,NORMAL,-9.54,-16.49,50.01,1013.25,0,0,1,0,0,0,8,1.76,35.12,95,0.3,-59.997872,20,0.236,0,91.76,ADAPTIVE,BALANCED,MEDIUM,LOW,0,0,0.967,ANOMALY,true,-0.04216,0.542
2026-09-08T17:09:39.018Z,POLAR-001,2026-09-08T17:09:39.018Z,NORMAL,-9.54,-16.49,50.01,1013.25,0,0,1,0,0,0,8,1.76,35.12,95,0.3,-59.997855,20,0.238,0,91.72,ADAPTIVE,BALANCED,MEDIUM,LOW,0,0,0.967,ANOMALY,true,-0.04216,0.542
2026-09-08T17:09:44.021Z,POLAR-001,2026-09-08T17:09:44.021Z,NORMAL,-9.54,-16.49,50.01,1013.25,0,0,1,0,0,0,8,1.76,35.12,95,0.3,-59.997838,20,0.24,0,91.69,ADAPTIVE,BALANCED,MEDIUM,LOW,0,0,0.967,ANOMALY,true,-0.04216,0.542
2026-09-08T17:09:49.021Z,POLAR-001,2026-09-08T17:09:49.021Z,NORMAL,-9.54,-16.49,50.01,1013.25,0,0,1,0,0,0,8,1.76,35.12,95,0.3,-59.997822,20,0.242,0,91.65,ADAPTIVE,BALANCED,MEDIUM,LOW,0,0,0.967,ANOMALY,true,-0.04216,0.542
2026-09-08T17:09:54.029Z,POLAR-001,2026-09-08T17:09:54.029Z,NORMAL,-9.54,-16.49,50.01,1013.25,0,0,1,0,0,0,8,1.76,35.12,95,0.3,-59.997805,20,0.244,0,91.62,ADAPTIVE,BALANCED,MEDIUM,LOW,0,0,0.967,ANOMALY,true,-0.04216,0.542
2026-09-08T17:09:59.032Z,POLAR-001,2026-09-08T17:09:59.032Z,NORMAL,-9.54,-16.49,50.01,1013.25,0,0,1,0,0,0,8,1.76,35.12,95,0.3,-59.997788,20,0.246,0,91.58,ADAPTIVE,BALANCED,MEDIUM,LOW,0,0,0.967,ANOMALY,true,-0.04216,0.542
2026-09-08T17:10:04.040Z,POLAR-001,2026-09-08T17:10:04.040Z,NORMAL,-9.54,-16.49,50.01,1013.25,0,0,1,0,0,0,8,1.76,35.12,95,0.3,-59.997772,20,0.247,0,91.55,ADAPTIVE,BALANCED,MEDIUM,LOW,0,0,0.967,ANOMALY,true,-0.04216,0.542
2026-09-08T17:10:09.048Z,POLAR-001,2026-09-08T17:10:09.048Z,NORMAL,-9.54,-16.49,50.01,1013.25,0,0,1,0,0,0,8,1.76,35.12,95,0.3,-59.997755,20,0.249,0,91.51,ADAPTIVE,BALANCED,MEDIUM,LOW,0,0,0.967,ANOMALY,true,-0.04216,0.542
2026-09-08T17:10:14.065Z,POLAR-001,2026-09-08T17:10:14.065Z,NORMAL,-9.54,-16.49,50.01,1013.25,0,0,1,0,0,0,8,1.76,35.12,95,0.3,-59.997738,20,0.251,0,91.48,ADAPTIVE,BALANCED,MEDIUM,LOW,0,0,0.967,ANOMALY,true,-0.04216,0.542
2026-09-08T17:10:19.079Z,POLAR-001,2026-09-08T17:10:19.079Z,NORMAL,-9.54,-16.49,50.01,1013.25,0,0,1,0,0,0,8,1.76,35.12,95,0.3,-59.997721,20,0.253,0,91.44,ADAPTIVE,BALANCED,MEDIUM,LOW,0,0,0.967,ANOMALY,true,-0.04216,0.542
2026-09-08T17:10:24.089Z,POLAR-001,2026-09-08T17:10:24.089Z,NORMAL,-9.54,-16.49,50.01,1013.25,0,0,1,0,0,0,8,1.76,35.12,95,0.3,-59.997705,20,0.255,0,91.41,ADAPTIVE,BALANCED,MEDIUM,LOW,0,0,0.967,ANOMALY,true,-0.04216,0.542
2026-09-08T17:10:29.101Z,POLAR-001,2026-09-08T17:10:29.101Z,NORMAL,-9.54,-16.49,50.01,1013.25,0,0,1,0,0,0,8,1.76,35.12,95,0.3,-59.997688,20,0.257,0,91.37,ADAPTIVE,BALANCED,MEDIUM,LOW,0,0,0.967,ANOMALY,true,-0.04216,0.542
2026-09-08T17:10:34.108Z,POLAR-001,2026-09-08T17:10:34.108Z,NORMAL,-9.54,-16.49,50.01,1013.25,0,0,1,0,0,0,8,1.76,35.12,95,0.3,-59.997671,20,0.258,0,91.34,ADAPTIVE,BALANCED,MEDIUM,LOW,0,0,0.967,ANOMALY,true,-0.04216,0.542
2026-09-08T17:10:39.107Z,POLAR-001,2026-09-08T17:10:39.107Z,NORMAL,-9.54,-16.49,50.01,1013.25,0,0,1,0,0,0,8,1.76,35.12,95,0.3,-59.997655,20,0.26,0,91.3,ADAPTIVE,BALANCED,MEDIUM,LOW,0,0,0.967,ANOMALY,true,-0.04216,0.542
2026-09-08T17:10:44.114Z,POLAR-001,2026-09-08T17:10:44.114Z,NORMAL,-9.54,-16.49,50.01,1013.25,0,0,1,0,0,0,8,1.76,35.12,95,0.3,-59.997638,20,0.262,0,91.27,ADAPTIVE,BALANCED,MEDIUM,LOW,0,0,0.967,ANOMALY,true,-0.04216,0.542
2026-09-08T17:10:49.116Z,POLAR-001,2026-09-08T17:10:49.116Z,NORMAL,-9.54,-16.49,50.01,1013.25,0,0,1,0,0,0,8,1.76,35.12,95,0.3,-59.997621,20,0.264,0,91.23,ADAPTIVE,BALANCED,MEDIUM,LOW,0,0,0.967,ANOMALY,true,-0.04216,0.542
2026-09-08T17:10:54.127Z,POLAR-001,2026-09-08T17:10:54.127Z,NORMAL,-9.54,-16.49,50.01,1013.25,0,0,1,0,0,0,8,1.76,35.12,95,0.3,-59.997605,20,0.266,0,91.2,ADAPTIVE,BALANCED,MEDIUM,LOW,0,0,0.967,ANOMALY,true,-0.04216,0.542
2026-09-08T17:10:59.129Z,POLAR-001,2026-09-08T17:10:59.129Z,NORMAL,-9.54,-16.49,50.01,1013.25,0,0,1,0,0,0,8,1.76,35.12,95,0.3,-59.997588,20,0.268,0,91.16,ADAPTIVE,BALANCED,MEDIUM,LOW,0,0,0.967,ANOMALY,true,-0.04216,0.542
2026-09-08T17:11:04.143Z,POLAR-001,2026-09-08T17:11:04.143Z,NORMAL,-9.54,-16.49,50.01,1013.25,0,0,1,0,0,0,8,1.76,35.12,95,0.3,-59.997571,20,0.27,0,91.13,ADAPTIVE,BALANCED,MEDIUM,LOW,0,0,0.967,ANOMALY,true,-0.04216,0.542
2026-09-08T17:11:09.156Z,POLAR-001,2026-09-08T17:11:09.156Z,NORMAL,-9.54,-16.49,50.01,1013.25,0,0,1,0,0,0,8,1.76,35.12,95,0.3,-59.997555,20,0.271,0,91.09,ADAPTIVE,BALANCED,MEDIUM,LOW,0,0,0.967,ANOMALY,true,-0.04216,0.542
2026-09-08T17:11:14.167Z,POLAR-001,2026-09-08T17:11:14.167Z,NORMAL,-9.54,-16.49,50.01,1013.25,0,0,1,0,0,0,8,1.76,35.12,95,0.3,-59.997538,20,0.273,0,91.06,ADAPTIVE,BALANCED,MEDIUM,LOW,0,0,0.967,ANOMALY,true,-0.04216,0.542
2026-09-08T17:11:19.165Z,POLAR-001,2026-09-08T17:11:19.165Z,NORMAL,-9.54,-16.49,50.01,1013.25,0,0,1,0,0,0,8,1.76,35.12,95,0.3,-59.997521,20,0.275,0,91.02,ADAPTIVE,BALANCED,MEDIUM,LOW,0,0,0.967,ANOMALY,true,-0.04216,0.542
2026-09-08T17:11:24.180Z,POLAR-001,2026-09-08T17:11:24.180Z,NORMAL,-9.54,-16.49,50.01,1013.25,0,0,1,0,0,0,8,1.76,35.12,95,0.3,-59.997505,20,0.277,0,90.99,ADAPTIVE,BALANCED,MEDIUM,LOW,0,0,0.967,ANOMALY,true,-0.04216,0.542
2026-09-08T17:11:29.183Z,POLAR-001,2026-09-08T17:11:29.183Z,NORMAL,-9.54,-16.49,50.01,1013.25,0,0,1,0,0,0,8,1.76,35.12,95,0.3,-59.997488,20,0.279,0,90.95,ADAPTIVE,BALANCED,MEDIUM,LOW,0,0,0.967,ANOMALY,true,-0.04216,0.542
2026-09-08T17:11:34.194Z,POLAR-001,2026-09-08T17:11:34.194Z,NORMAL,-9.54,-16.49,50.01,1013.25,0,0,1,0,0,0,8,1.76,35.12,95,0.3,-59.997471,20,0.281,0,90.92,ADAPTIVE,BALANCED,MEDIUM,LOW,0,0,0.967,ANOMALY,true,-0.04216,0.542
2026-09-08T17:11:39.209Z,POLAR-001,2026-09-08T17:11:39.209Z,NORMAL,-9.54,-16.49,50.01,1013.25,0,0,1,0,0,0,8,1.76,35.12,95,0.3,-59.997455,20,0.283,0,90.88,ADAPTIVE,BALANCED,MEDIUM,LOW,0,0,0.967,ANOMALY,true,-0.04216,0.542
2026-09-08T17:11:44.215Z,POLAR-001,2026-09-08T17:11:44.215Z,NORMAL,-9.54,-16.49,50.01,1013.25,0,0,1,0,0,0,8,1.76,35.12,95,0.3,-59.997438,20,0.284,0,90.85,ADAPTIVE,BALANCED,MEDIUM,LOW,0,0,0.967,ANOMALY,true,-0.04216,0.542
2026-09-08T17:11:49.231Z,POLAR-001,2026-09-08T17:11:49.231Z,NORMAL,-9.54,-16.49,50.01,1013.25,0,0,1,0,0,0,8,1.76,35.12,95,0.3,-59.997421,20,0.286,0,90.81,ADAPTIVE,BALANCED,MEDIUM,LOW,0,0,0.967,ANOMALY,true,-0.04216,0.542
2026-09-08T17:11:54.231Z,POLAR-001,2026-09-08T17:11:54.231Z,NORMAL,-9.54,-16.49,50.01,1013.25,0,0,1,0,0,0,8,1.76,35.12,95,0.3,-59.997404,20,0.288,0,90.78,ADAPTIVE,BALANCED,MEDIUM,LOW,0,0,0.967,ANOMALY,true,-0.04216,0.542
2026-09-08T17:11:59.242Z,POLAR-001,2026-09-08T17:11:59.242Z,NORMAL,-9.54,-16.49,50.01,1013.25,0,0,1,0,0,0,8,1.76,35.12,95,0.3,-59.997388,20,0.29,0,90.74,ADAPTIVE,BALANCED,MEDIUM,LOW,0,0,0.967,ANOMALY,true,-0.04216,0.542
2026-09-08T17:12:04.252Z,POLAR-001,2026-09-08T17:12:04.252Z,NORMAL,-9.54,-16.49,50.01,1013.25,0,0,1,0,0,0,8,1.76,35.12,95,0.3,-59.997371,20,0.292,0,90.71,ADAPTIVE,BALANCED,MEDIUM,LOW,0,0,0.967,ANOMALY,true,-0.04216,0.542
2026-09-08T17:12:09.259Z,POLAR-001,2026-09-08T17:12:09.259Z,NORMAL,-9.54,-16.49,50.01,1013.25,0,0,1,0,0,0,8,1.76,35.12,95,0.3,-59.997354,20,0.294,0,90.67,ADAPTIVE,BALANCED,MEDIUM,LOW,0,0,0.967,ANOMALY,true,-0.04216,0.542
2026-09-08T17:12:14.273Z,POLAR-001,2026-09-08T17:12:14.273Z,NORMAL,-9.54,-16.49,50.01,1013.25,0,0,1,0,0,0,8,1.76,35.12,95,0.3,-59.997338,20,0.296,0,90.64,ADAPTIVE,BALANCED,MEDIUM,LOW,0,0,0.967,ANOMALY,true,-0.04216,0.542
2026-09-08T17:12:19.284Z,POLAR-001,2026-09-08T17:12:19.284Z,NORMAL,-9.54,-16.49,50.01,1013.25,0,0,1,0,0,0,8,1.76,35.12,95,0.3,-59.997321,20,0.297,0,90.6,ADAPTIVE,BALANCED,MEDIUM,LOW,0,0,0.967,ANOMALY,true,-0.04216,0.542
2026-09-08T17:12:24.297Z,POLAR-001,2026-09-08T17:12:24.297Z,NORMAL,-9.54,-16.49,50.01,1013.25,0,0,1,0,0,0,8,1.76,35.12,95,0.3,-59.997304,20,0.299,0,90.57,ADAPTIVE,BALANCED,MEDIUM,LOW,0,0,0.967,ANOMALY,true,-0.04216,0.542
2026-09-08T17:12:29.303Z,POLAR-001,2026-09-08T17:12:29.303Z,NORMAL,-9.54,-16.49,50.01,1013.25,0,0,1,0,0,0,8,1.76,35.12,95,0.3,-59.997288,20,0.301,0,90.53,ADAPTIVE,BALANCED,MEDIUM,LOW,0,0,0.967,ANOMALY,true,-0.04216,0.542
2026-09-08T17:12:34.311Z,POLAR-001,2026-09-08T17:12:34.311Z,NORMAL,-9.54,-16.49,50.01,1013.25,0,0,1,0,0,0,8,1.76,35.12,95,0.3,-59.997271,20,0.303,0,90.5,ADAPTIVE,BALANCED,MEDIUM,LOW,0,0,0.967,ANOMALY,true,-0.04216,0.542
2026-09-08T17:12:39.320Z,POLAR-001,2026-09-08T17:12:39.320Z,NORMAL,-9.54,-16.49,50.01,1013.25,0,0,1,0,0,0,8,1.76,35.12,95,0.3,-59.997254,20,0.305,0,90.46,ADAPTIVE,BALANCED,MEDIUM,LOW,0,0,0.967,ANOMALY,true,-0.04216,0.542
2026-09-08T17:12:44.321Z,POLAR-001,2026-09-08T17:12:44.321Z,NORMAL,-9.54,-16.49,50.01,1013.25,0,0,1,0,0,0,8,1.76,35.12,95,0.3,-59.997238,20,0.307,0,90.43,ADAPTIVE,BALANCED,MEDIUM,LOW,0,0,0.967,ANOMALY,true,-0.04216,0.542
2026-09-08T17:12:49.334Z,POLAR-001,2026-09-08T17:12:49.334Z,NORMAL,-9.54,-16.49,50.01,1013.25,0,0,1,0,0,0,8,1.76,35.12,95,0.3,-59.997221,20,0.308,0,90.39,ADAPTIVE,BALANCED,MEDIUM,LOW,0,0,0.967,ANOMALY,true,-0.04216,0.542
2026-09-08T17:12:54.344Z,POLAR-001,2026-09-08T17:12:54.344Z,NORMAL,-9.54,-16.49,50.01,1013.25,0,0,1,0,0,0,8,1.76,35.12,95,0.3,-59.997204,20,0.31,0,90.36,ADAPTIVE,BALANCED,MEDIUM,LOW,0,0,0.967,ANOMALY,true,-0.04216,0.542
2026-09-08T17:12:59.352Z,POLAR-001,2026-09-08T17:12:59.352Z,NORMAL,-9.54,-16.49,50.01,1013.25,0,0,1,0,0,0,8,1.76,35.12,95,0.3,-59.997188,20,0.312,0,90.32,ADAPTIVE,BALANCED,MEDIUM,LOW,0,0,0.967,ANOMALY,true,-0.04216,0.542
2026-09-08T17:13:04.360Z,POLAR-001,2026-09-08T17:13:04.360Z,NORMAL,-9.54,-16.49,50.01,1013.25,0,0,1,0,0,0,8,1.76,35.12,95,0.3,-59.997171,20,0.314,0,90.29,ADAPTIVE,BALANCED,MEDIUM,LOW,0,0,0.967,ANOMALY,true,-0.04216,0.542
2026-09-08T17:13:09.376Z,POLAR-001,2026-09-08T17:13:09.376Z,NORMAL,-9.54,-16.49,50.01,1013.25,0,0,1,0,0,0,8,1.76,35.12,95,0.3,-59.997154,20,0.316,0,90.25,ADAPTIVE,BALANCED,MEDIUM,LOW,0,0,0.967,ANOMALY,true,-0.04216,0.542
2026-09-08T17:13:14.387Z,POLAR-001,2026-09-08T17:13:14.387Z,NORMAL,-9.54,-16.49,50.01,1013.25,0,0,1,0,0,0,8,1.76,35.12,95,0.3,-59.997138,20,0.318,0,90.22,ADAPTIVE,BALANCED,MEDIUM,LOW,0,0,0.967,ANOMALY,true,-0.04216,0.542
2026-09-08T17:13:19.393Z,POLAR-001,2026-09-08T17:13:19.393Z,NORMAL,-9.54,-16.49,50.01,1013.25,0,0,1,0,0,0,8,1.76,35.12,95,0.3,-59.997121,20,0.32,0,90.18,ADAPTIVE,BALANCED,MEDIUM,LOW,0,0,0.967,ANOMALY,true,-0.04216,0.542
2026-09-08T17:13:24.402Z,POLAR-001,2026-09-08T17:13:24.402Z,NORMAL,-9.54,-16.49,50.01,1013.25,0,0,1,0,0,0,8,1.76,35.12,95,0.3,-59.997104,20,0.321,0,90.15,ADAPTIVE,BALANCED,MEDIUM,LOW,0,0,0.967,ANOMALY,true,-0.04216,0.542
2026-09-08T17:13:29.418Z,POLAR-001,2026-09-08T17:13:29.418Z,NORMAL,-9.54,-16.49,50.01,1013.25,0,0,1,0,0,0,8,1.76,35.12,95,0.3,-59.997087,20,0.323,0,90.11,ADAPTIVE,BALANCED,MEDIUM,LOW,0,0,0.967,ANOMALY,true,-0.04216,0.542
2026-09-08T17:13:34.427Z,POLAR-001,2026-09-08T17:13:34.427Z,NORMAL,-9.54,-16.49,50.01,1013.25,0,0,1,0,0,0,8,1.76,35.12,95,0.3,-59.997071,20,0.325,0,90.08,ADAPTIVE,BALANCED,MEDIUM,LOW,0,0,0.967,ANOMALY,true,-0.04216,0.542
2026-09-08T17:13:39.441Z,POLAR-001,2026-09-08T17:13:39.441Z,NORMAL,-9.54,-16.49,50.01,1013.25,0,0,1,0,0,0,8,1.76,35.12,95,0.3,-59.997054,20,0.327,0,90.04,ADAPTIVE,BALANCED,MEDIUM,LOW,0,0,0.967,ANOMALY,true,-0.04216,0.542
2026-09-08T17:13:44.451Z,POLAR-001,2026-09-08T17:13:44.451Z,NORMAL,-9.54,-16.49,50.01,1013.25,0,0,1,0,0,0,8,1.76,35.12,95,0.3,-59.997037,20,0.329,0,90.01,ADAPTIVE,BALANCED,MEDIUM,LOW,0,0,0.967,ANOMALY,true,-0.04216,0.542
2026-09-08T17:13:49.452Z,POLAR-001,2026-09-08T17:13:49.452Z,NORMAL,-9.54,-16.49,50.01,1013.25,0,0,1,0,0,0,8,1.76,35.12,95,0.3,-59.997021,20,0.331,0,89.97,ADAPTIVE,BALANCED,MEDIUM,LOW,0,0,0.967,ANOMALY,true,-0.04216,0.542
2026-09-08T17:13:54.458Z,POLAR-001,2026-09-08T17:13:54.458Z,NORMAL,-9.54,-16.49,50.01,1013.25,0,0,1,0,0,0,8,1.76,35.12,95,0.3,-59.997004,20,0.333,0,89.94,ADAPTIVE,BALANCED,MEDIUM,LOW,0,0,0.967,ANOMALY,true,-0.04216,0.542
2026-09-08T17:13:59.472Z,POLAR-001,2026-09-08T17:13:59.472Z,NORMAL,-9.54,-16.49,50.01,1013.25,0,0,1,0,0,0,8,1.76,35.12,95,0.3,-59.996987,20,0.334,0,89.9,ADAPTIVE,BALANCED,MEDIUM,LOW,0,0,0.967,ANOMALY,true,-0.04216,0.542
2026-09-08T17:14:04.476Z,POLAR-001,2026-09-08T17:14:04.476Z,NORMAL,-9.54,-16.49,50.01,1013.25,0,0,1,0,0,0,8,1.76,35.12,95,0.3,-59.996971,20,0.336,0,89.87,ADAPTIVE,BALANCED,MEDIUM,LOW,0,0,0.967,ANOMALY,true,-0.04216,0.542
2026-09-08T17:14:09.477Z,POLAR-001,2026-09-08T17:14:09.477Z,NORMAL,-9.54,-16.49,50.01,1013.25,0,0,1,0,0,0,8,1.76,35.12,95,0.3,-59.996954,20,0.338,0,89.83,ADAPTIVE,BALANCED,MEDIUM,LOW,0,0,0.967,ANOMALY,true,-0.04216,0.542
2026-09-08T17:14:14.482Z,POLAR-001,2026-09-08T17:14:14.482Z,NORMAL,-9.54,-16.49,50.01,1013.25,0,0,1,0,0,0,8,1.76,35.12,95,0.3,-59.996937,20,0.34,0,89.8,ADAPTIVE,BALANCED,MEDIUM,LOW,0,0,0.967,ANOMALY,true,-0.04216,0.542
2026-09-08T17:14:19.480Z,POLAR-001,2026-09-08T17:14:19.480Z,NORMAL,-9.54,-16.49,50.01,1013.25,0,0,1,0,0,0,8,1.76,35.12,95,0.3,-59.996921,20,0.342,0,89.76,ADAPTIVE,BALANCED,MEDIUM,LOW,0,0,0.967,ANOMALY,true,-0.04216,0.542
2026-09-08T17:14:24.487Z,POLAR-001,2026-09-08T17:14:24.487Z,NORMAL,-9.54,-16.49,50.01,1013.25,0,0,1,0,0,0,8,1.76,35.12,95,0.3,-59.996904,20,0.344,0,89.73,ADAPTIVE,BALANCED,MEDIUM,LOW,0,0,0.967,ANOMALY,true,-0.04216,0.542
2026-09-08T17:14:29.499Z,POLAR-001,2026-09-08T17:14:29.499Z,NORMAL,-9.54,-16.49,50.01,1013.25,0,0,1,0,0,0,8,1.76,35.12,95,0.3,-59.996887,20,0.346,0,89.69,ADAPTIVE,BALANCED,MEDIUM,LOW,0,0,0.967,ANOMALY,true,-0.04216,0.542
2026-09-08T17:14:34.505Z,POLAR-001,2026-09-08T17:14:34.505Z,NORMAL,-9.54,-16.49,50.01,1013.25,0,0,1,0,0,0,8,1.76,35.12,95,0.3,-59.996871,20,0.347,0,89.66,ADAPTIVE,BALANCED,MEDIUM,LOW,0,0,0.967,ANOMALY,true,-0.04216,0.542
2026-09-08T17:14:39.510Z,POLAR-001,2026-09-08T17:14:39.510Z,NORMAL,-9.54,-16.49,50.01,1013.25,0,0,1,0,0,0,8,1.76,35.12,95,0.3,-59.996854,20,0.349,0,89.62,ADAPTIVE,BALANCED,MEDIUM,LOW,0,0,0.967,ANOMALY,true,-0.04216,0.542
2026-09-08T17:17:14.941Z,POLAR-001,2026-09-08T17:17:14.941Z,NORMAL,-13.63,-7.99,24.01,621.5,-0.72,0.67,-1.25,-102,153,92,10.7,2.25,33.58,61.5,0.88,-60.000064,20.000119,0.01,137.1,94.95,HIGH_FREQUENCY,HIGH_LOAD,HIGH,HIGH,1,1,1,ANOMALY,true,-0.156144,0.656
2026-09-08T17:17:17.187Z,POLAR-001,2026-09-08T17:17:17.187Z,NORMAL,-13.63,-7.99,24.01,621.5,-0.72,0.67,-1.25,-102,153,92,11.4,2.5,33.66,63,0.96,-60.000134,20.000249,0.02,137.1,94.86,HIGH_FREQUENCY,HIGH_LOAD,HIGH,HIGH,1,1,1,ANOMALY,true,-0.156144,0.656
2026-09-08T17:17:22.202Z,POLAR-001,2026-09-08T17:17:22.202Z,NORMAL,-13.63,-7.99,24.01,621.5,-0.72,0.67,-1.25,-102,153,92,12.1,2.75,33.74,64.5,1.04,-60.00021,20.00039,0.032,137.1,94.77,HIGH_FREQUENCY,HIGH_LOAD,HIGH,HIGH,1,1,1,ANOMALY,true,-0.156144,0.656
2026-09-08T17:17:27.210Z,POLAR-001,2026-09-08T17:17:27.210Z,NORMAL,-13.63,-7.99,24.01,621.5,-0.72,0.67,-1.25,-102,153,92,12.8,3,33.82,66,1.12,-60.000292,20.000542,0.044,137.1,94.68,HIGH_FREQUENCY,HIGH_LOAD,HIGH,HIGH,1,1,1,ANOMALY,true,-0.156144,0.656
2026-09-08T17:17:32.212Z,POLAR-001,2026-09-08T17:17:32.212Z,NORMAL,-13.63,-7.99,24.01,621.5,-0.72,0.67,-1.25,-102,153,92,13.5,3.25,33.9,67.5,1.2,-60.000379,20.000705,0.058,137.1,94.59,HIGH_FREQUENCY,HIGH_LOAD,HIGH,HIGH,1,1,1,ANOMALY,true,-0.156144,0.656
2026-09-08T17:17:37.221Z,POLAR-001,2026-09-08T17:17:37.221Z,NORMAL,-13.63,-7.99,24.01,621.5,-0.72,0.67,-1.25,-102,153,92,14.2,3.5,33.98,69,1.28,-60.000473,20.000879,0.072,137.1,94.5,HIGH_FREQUENCY,HIGH_LOAD,HIGH,HIGH,1,1,1,ANOMALY,true,-0.156144,0.656
2026-09-08T17:17:42.227Z,POLAR-001,2026-09-08T17:17:42.227Z,NORMAL,-13.63,-7.99,24.01,621.5,-0.72,0.67,-1.25,-102,153,92,14.9,3.75,34.06,70.5,1.36,-60.000573,20.001065,0.087,137.1,94.41,HIGH_FREQUENCY,HIGH_LOAD,HIGH,HIGH,1,1,1,ANOMALY,true,-0.156144,0.656
2026-09-08T17:17:47.235Z,POLAR-001,2026-09-08T17:17:47.235Z,NORMAL,-13.63,-7.99,24.01,621.5,-0.72,0.67,-1.25,-102,153,92,15.6,4,34.14,72,1.44,-60.000678,20.001261,0.103,137.1,94.32,HIGH_FREQUENCY,HIGH_LOAD,HIGH,HIGH,1,1,1,ANOMALY,true,-0.156144,0.656
2026-09-08T17:17:52.242Z,POLAR-001,2026-09-08T17:17:52.242Z,NORMAL,-13.63,-7.99,24.01,621.5,-0.72,0.67,-1.25,-102,153,92,16.3,4.25,34.22,73.5,1.52,-60.00079,20.001468,0.12,137.1,94.23,HIGH_FREQUENCY,HIGH_LOAD,HIGH,HIGH,1,1,1,ANOMALY,true,-0.156144,0.656
2026-09-08T17:17:57.248Z,POLAR-001,2026-09-08T17:17:57.248Z,NORMAL,-13.63,-7.99,24.01,621.5,-0.72,0.67,-1.25,-102,153,92,17,4.5,34.3,75,1.6,-60.000907,20.001686,0.138,137.1,94.14,HIGH_FREQUENCY,HIGH_LOAD,HIGH,HIGH,1,1,1,ANOMALY,true,-0.156144,0.656
2026-09-08T17:18:02.255Z,POLAR-001,2026-09-08T17:18:02.255Z,NORMAL,-13.63,-7.99,24.01,621.5,-0.72,0.67,-1.25,-102,153,92,17.7,4.75,34.38,76.5,1.68,-60.001031,20.001916,0.156,137.1,94.05,HIGH_FREQUENCY,HIGH_LOAD,HIGH,HIGH,1,1,1,ANOMALY,true,-0.156144,0.656
2026-09-08T17:18:07.268Z,POLAR-001,2026-09-08T17:18:07.268Z,NORMAL,-13.63,-7.99,24.01,621.5,-0.72,0.67,-1.25,-102,153,92,18.4,5,34.46,78,1.76,-60.00116,20.002156,0.176,137.1,93.96,HIGH_FREQUENCY,HIGH_LOAD,HIGH,HIGH,1,1,1,ANOMALY,true,-0.156144,0.656
2026-09-08T17:18:12.268Z,POLAR-001,2026-09-08T17:18:12.268Z,NORMAL,-13.63,-7.99,24.01,621.5,-0.72,0.67,-1.25,-102,153,92,19.1,5.25,34.54,79.5,1.84,-60.001295,20.002408,0.196,137.1,93.87,HIGH_FREQUENCY,HIGH_LOAD,HIGH,HIGH,1,1,1,ANOMALY,true,-0.156144,0.656
2026-09-08T17:18:17.282Z,POLAR-001,2026-09-08T17:18:17.282Z,NORMAL,-13.63,-7.99,24.01,621.5,-0.72,0.67,-1.25,-102,153,92,19.8,5.5,34.62,81,1.92,-60.001437,20.00267,0.218,137.1,93.78,HIGH_FREQUENCY,HIGH_LOAD,HIGH,HIGH,1,1,1,ANOMALY,true,-0.156144,0.656
2026-09-08T17:18:22.294Z,POLAR-001,2026-09-08T17:18:22.294Z,NORMAL,-13.63,-7.99,24.01,621.5,-0.72,0.67,-1.25,-102,153,92,20.5,5.75,34.7,82.5,2,-60.001584,20.002944,0.24,137.1,93.69,HIGH_FREQUENCY,HIGH_LOAD,HIGH,HIGH,1,1,1,ANOMALY,true,-0.156144,0.656
2026-09-08T17:18:27.308Z,POLAR-001,2026-09-08T17:18:27.308Z,NORMAL,-13.63,-7.99,24.01,621.5,-0.72,0.67,-1.25,-102,153,92,21.2,6,34.78,84,2,-60.001732,20.003218,0.262,137.1,93.6,HIGH_FREQUENCY,HIGH_LOAD,HIGH,HIGH,1,1,1,ANOMALY,true,-0.156144,0.656
2026-09-08T17:18:32.319Z,POLAR-001,2026-09-08T17:18:32.319Z,NORMAL,-13.63,-7.99,24.01,621.5,-0.72,0.67,-1.25,-102,153,92,21.9,6.25,34.86,85.5,2,-60.00188,20.003494,0.285,137.1,93.51,HIGH_FREQUENCY,HIGH_LOAD,HIGH,HIGH,1,1,1,ANOMALY,true,-0.156144,0.656
2026-09-08T17:18:37.334Z,POLAR-001,2026-09-08T17:18:37.334Z,NORMAL,-13.63,-7.99,24.01,621.5,-0.72,0.67,-1.25,-102,153,92,22.6,6.5,34.94,87,2,-60.002029,20.003772,0.308,137.1,93.42,HIGH_FREQUENCY,HIGH_LOAD,HIGH,HIGH,1,1,1,ANOMALY,true,-0.156144,0.656
2026-09-08T17:18:42.337Z,POLAR-001,2026-09-08T17:18:42.337Z,NORMAL,-13.63,-7.99,24.01,621.5,-0.72,0.67,-1.25,-102,153,92,23.3,6.75,35.02,88.5,2,-60.002179,20.00405,0.33,137.1,93.33,HIGH_FREQUENCY,HIGH_LOAD,HIGH,HIGH,1,1,1,ANOMALY,true,-0.156144,0.656
2026-09-08T17:18:47.346Z,POLAR-001,2026-09-08T17:18:47.346Z,NORMAL,-13.63,-7.99,24.01,621.5,-0.72,0.67,-1.25,-102,153,92,24,7,35.1,90,2,-60.00233,20.00433,0.353,137.1,93.24,HIGH_FREQUENCY,HIGH_LOAD,HIGH,HIGH,1,1,1,ANOMALY,true,-0.156144,0.656
2026-09-08T17:18:52.348Z,POLAR-001,2026-09-08T17:18:52.348Z,NORMAL,-13.63,-7.99,24.01,621.5,-0.72,0.67,-1.25,-102,153,92,24.7,7.25,35.18,91.5,2,-60.002481,20.004611,0.376,137.1,93.15,HIGH_FREQUENCY,HIGH_LOAD,HIGH,HIGH,1,1,1,ANOMALY,true,-0.156144,0.656
2026-09-08T17:18:57.362Z,POLAR-001,2026-09-08T17:18:57.362Z,NORMAL,-13.63,-7.99,24.01,621.5,-0.72,0.67,-1.25,-102,153,92,25.4,7.5,35.26,93,2,-60.002633,20.004893,0.399,137.1,93.06,HIGH_FREQUENCY,HIGH_LOAD,HIGH,HIGH,1,1,1,ANOMALY,true,-0.156144,0.656
2026-09-08T17:19:02.372Z,POLAR-001,2026-09-08T17:19:02.372Z,NORMAL,-13.63,-7.99,24.01,621.5,-0.72,0.67,-1.25,-102,153,92,26.1,7.75,35.34,94.5,2,-60.002785,20.005176,0.422,137.1,92.97,HIGH_FREQUENCY,HIGH_LOAD,HIGH,HIGH,1,1,1,ANOMALY,true,-0.156144,0.656
2026-09-08T17:19:07.388Z,POLAR-001,2026-09-08T17:19:07.388Z,NORMAL,-13.63,-7.99,24.01,621.5,-0.72,0.67,-1.25,-102,153,92,26.8,8,35.42,95,2,-60.002938,20.005461,0.445,137.1,92.88,HIGH_FREQUENCY,HIGH_LOAD,HIGH,HIGH,1,1,1,ANOMALY,true,-0.156144,0.656
2026-09-08T17:19:12.400Z,POLAR-001,2026-09-08T17:19:12.400Z,NORMAL,-13.63,-7.99,24.01,621.5,-0.72,0.67,-1.25,-102,153,92,27.5,8.14,35.5,95,2,-60.003092,20.005746,0.468,137.1,92.79,HIGH_FREQUENCY,HIGH_LOAD,HIGH,HIGH,1,1,1,ANOMALY,true,-0.156144,0.656
2026-09-08T17:19:17.402Z,POLAR-001,2026-09-08T17:19:17.402Z,NORMAL,-13.63,-7.99,24.01,621.5,-0.72,0.67,-1.25,-102,153,92,28.2,8.14,35.58,95,2,-60.003245,20.006031,0.492,137.1,92.7,HIGH_FREQUENCY,HIGH_LOAD,HIGH,HIGH,1,1,1,ANOMALY,true,-0.156144,0.656
2026-09-08T17:19:22.412Z,POLAR-001,2026-09-08T17:19:22.412Z,NORMAL,-13.63,-7.99,24.01,621.5,-0.72,0.67,-1.25,-102,153,92,28.9,8.14,35.61,95,2,-60.003399,20.006317,0.515,137.1,92.61,HIGH_FREQUENCY,HIGH_LOAD,HIGH,HIGH,1,1,1,ANOMALY,true,-0.156144,0.656
2026-09-08T17:19:27.424Z,POLAR-001,2026-09-08T17:19:27.424Z,NORMAL,-13.63,-7.99,24.01,621.5,-0.72,0.67,-1.25,-102,153,92,29.6,8.14,35.61,95,2,-60.003552,20.006602,0.538,137.1,92.52,HIGH_FREQUENCY,HIGH_LOAD,HIGH,HIGH,1,1,1,ANOMALY,true,-0.156144,0.656
2026-09-08T17:19:32.439Z,POLAR-001,2026-09-08T17:19:32.439Z,NORMAL,-13.63,-7.99,24.01,621.5,-0.72,0.67,-1.25,-102,153,92,30.3,8.14,35.61,95,2,-60.003705,20.006887,0.561,137.1,92.43,HIGH_FREQUENCY,HIGH_LOAD,HIGH,HIGH,1,1,1,ANOMALY,true,-0.156144,0.656
2026-09-08T17:19:37.440Z,POLAR-001,2026-09-08T17:19:37.440Z,NORMAL,-13.63,-7.99,24.01,621.5,-0.72,0.67,-1.25,-102,153,92,31,8.14,35.61,95,2,-60.003859,20.007172,0.585,137.1,92.34,HIGH_FREQUENCY,HIGH_LOAD,HIGH,HIGH,1,1,1,ANOMALY,true,-0.156144,0.656
2026-09-08T17:19:42.446Z,POLAR-001,2026-09-08T17:19:42.446Z,NORMAL,-13.63,-7.99,24.01,621.5,-0.72,0.67,-1.25,-102,153,92,31.7,8.14,35.61,95,2,-60.004012,20.007458,0.608,137.1,92.25,HIGH_FREQUENCY,HIGH_LOAD,HIGH,HIGH,1,1,1,ANOMALY,true,-0.156144,0.656
2026-09-08T17:19:47.446Z,POLAR-001,2026-09-08T17:19:47.446Z,NORMAL,-13.63,-7.99,24.01,621.5,-0.72,0.67,-1.25,-102,153,92,32,8.14,35.61,95,2,-60.004166,20.007743,0.631,137.1,92.16,HIGH_FREQUENCY,HIGH_LOAD,HIGH,HIGH,1,1,1,ANOMALY,true,-0.156144,0.656
2026-09-08T17:19:52.456Z,POLAR-001,2026-09-08T17:19:52.456Z,NORMAL,-13.63,-7.99,24.01,621.5,-0.72,0.67,-1.25,-102,153,92,32,8.14,35.61,95,2,-60.004319,20.008028,0.655,137.1,92.07,HIGH_FREQUENCY,HIGH_LOAD,HIGH,HIGH,1,1,1,ANOMALY,true,-0.156144,0.656
2026-09-08T17:19:57.458Z,POLAR-001,2026-09-08T17:19:57.458Z,NORMAL,-13.63,-7.99,24.01,621.5,-0.72,0.67,-1.25,-102,153,92,32,8.14,35.61,95,2,-60.004473,20.008313,0.678,137.1,91.98,HIGH_FREQUENCY,HIGH_LOAD,HIGH,HIGH,1,1,1,ANOMALY,true,-0.156144,0.656
2026-09-08T17:20:02.462Z,POLAR-001,2026-09-08T17:20:02.462Z,NORMAL,-13.63,-7.99,24.01,621.5,-0.72,0.67,-1.25,-102,153,92,32,8.14,35.61,95,2,-60.004626,20.008599,0.701,137.1,91.89,HIGH_FREQUENCY,HIGH_LOAD,HIGH,HIGH,1,1,1,ANOMALY,true,-0.156144,0.656
2026-09-08T17:20:07.469Z,POLAR-001,2026-09-08T17:20:07.469Z,NORMAL,-13.63,-7.99,24.01,621.5,-0.72,0.67,-1.25,-102,153,92,32,8.14,35.61,95,2,-60.00478,20.008884,0.724,137.1,91.8,HIGH_FREQUENCY,HIGH_LOAD,HIGH,HIGH,1,1,1,ANOMALY,true,-0.156144,0.656
2026-09-08T17:20:12.470Z,POLAR-001,2026-09-08T17:20:12.470Z,NORMAL,-13.63,-7.99,24.01,621.5,-0.72,0.67,-1.25,-102,153,92,32,8.14,35.61,95,2,-60.004933,20.009169,0.748,137.1,91.71,HIGH_FREQUENCY,HIGH_LOAD,HIGH,HIGH,1,1,1,ANOMALY,true,-0.156144,0.656
2026-09-08T17:20:17.483Z,POLAR-001,2026-09-08T17:20:17.483Z,NORMAL,-13.63,-7.99,24.01,621.5,-0.72,0.67,-1.25,-102,153,92,32,8.14,35.61,95,2,-60.005087,20.009455,0.771,137.1,91.62,HIGH_FREQUENCY,HIGH_LOAD,HIGH,HIGH,1,1,1,ANOMALY,true,-0.156144,0.656
2026-09-08T17:20:22.484Z,POLAR-001,2026-09-08T17:20:22.484Z,NORMAL,-13.63,-7.99,24.01,621.5,-0.72,0.67,-1.25,-102,153,92,32,8.14,35.61,95,2,-60.00524,20.00974,0.794,137.1,91.53,HIGH_FREQUENCY,HIGH_LOAD,HIGH,HIGH,1,1,1,ANOMALY,true,-0.156144,0.656
2026-09-08T17:20:27.493Z,POLAR-001,2026-09-08T17:20:27.493Z,NORMAL,-13.63,-7.99,24.01,621.5,-0.72,0.67,-1.25,-102,153,92,32,8.14,35.61,95,2,-60.005394,20.010025,0.817,137.1,91.44,HIGH_FREQUENCY,HIGH_LOAD,HIGH,HIGH,1,1,1,ANOMALY,true,-0.156144,0.656
2026-09-08T17:20:32.497Z,POLAR-001,2026-09-08T17:20:32.497Z,NORMAL,-13.63,-7.99,24.01,621.5,-0.72,0.67,-1.25,-102,153,92,32,8.14,35.61,95,2,-60.005547,20.01031,0.841,137.1,91.35,HIGH_FREQUENCY,HIGH_LOAD,HIGH,HIGH,1,1,1,ANOMALY,true,-0.156144,0.656
2026-09-08T17:20:37.504Z,POLAR-001,2026-09-08T17:20:37.504Z,NORMAL,-13.63,-7.99,24.01,621.5,-0.72,0.67,-1.25,-102,153,92,32,8.14,35.61,95,2,-60.005701,20.010596,0.864,137.1,91.26,HIGH_FREQUENCY,HIGH_LOAD,HIGH,HIGH,1,1,1,ANOMALY,true,-0.156144,0.656
2026-09-08T17:20:42.504Z,POLAR-001,2026-09-08T17:20:42.504Z,NORMAL,-13.63,-7.99,24.01,621.5,-0.72,0.67,-1.25,-102,153,92,32,8.14,35.61,95,2,-60.005854,20.010881,0.887,137.1,91.17,HIGH_FREQUENCY,HIGH_LOAD,HIGH,HIGH,1,1,1,ANOMALY,true,-0.156144,0.656
2026-09-08T17:20:47.516Z,POLAR-001,2026-09-08T17:20:47.516Z,NORMAL,-13.63,-7.99,24.01,621.5,-0.72,0.67,-1.25,-102,153,92,32,8.14,35.61,95,2,-60.006008,20.011166,0.91,137.1,91.08,HIGH_FREQUENCY,HIGH_LOAD,HIGH,HIGH,1,1,1,ANOMALY,true,-0.156144,0.656
2026-09-08T17:20:52.528Z,POLAR-001,2026-09-08T17:20:52.528Z,NORMAL,-13.63,-7.99,24.01,621.5,-0.72,0.67,-1.25,-102,153,92,32,8.14,35.61,95,2,-60.006161,20.011452,0.934,137.1,90.99,HIGH_FREQUENCY,HIGH_LOAD,HIGH,HIGH,1,1,1,ANOMALY,true,-0.156144,0.656
2026-09-08T17:20:57.533Z,POLAR-001,2026-09-08T17:20:57.533Z,NORMAL,-13.63,-7.99,24.01,621.5,-0.72,0.67,-1.25,-102,153,92,32,8.14,35.61,95,2,-60.006315,20.011737,0.957,137.1,90.9,HIGH_FREQUENCY,HIGH_LOAD,HIGH,HIGH,1,1,1,ANOMALY,true,-0.156144,0.656
2026-09-08T17:21:02.533Z,POLAR-001,2026-09-08T17:21:02.533Z,NORMAL,-13.63,-7.99,24.01,621.5,-0.72,0.67,-1.25,-102,153,92,32,8.14,35.61,95,2,-60.006468,20.012022,0.98,137.1,90.81,HIGH_FREQUENCY,HIGH_LOAD,HIGH,HIGH,1,1,1,ANOMALY,true,-0.156144,0.656
2026-09-08T17:21:07.545Z,POLAR-001,2026-09-08T17:21:07.545Z,NORMAL,-13.63,-7.99,24.01,621.5,-0.72,0.67,-1.25,-102,153,92,32,8.14,35.61,95,2,-60.006622,20.012307,1.003,137.1,90.72,HIGH_FREQUENCY,HIGH_LOAD,HIGH,HIGH,1,1,1,ANOMALY,true,-0.156144,0.656
2026-09-08T17:21:12.555Z,POLAR-001,2026-09-08T17:21:12.555Z,NORMAL,-13.63,-7.99,24.01,621.5,-0.72,0.67,-1.25,-102,153,92,32,8.14,35.61,95,2,-60.006775,20.012593,1.027,137.1,90.63,HIGH_FREQUENCY,HIGH_LOAD,HIGH,HIGH,1,1,1,ANOMALY,true,-0.156144,0.656
2026-09-08T17:21:17.556Z,POLAR-001,2026-09-08T17:21:17.556Z,NORMAL,-13.63,-7.99,24.01,621.5,-0.72,0.67,-1.25,-102,153,92,32,8.14,35.61,95,2,-60.006929,20.012878,1.05,137.1,90.54,HIGH_FREQUENCY,HIGH_LOAD,HIGH,HIGH,1,1,1,ANOMALY,true,-0.156144,0.656
2026-09-08T17:21:20.003Z,POLAR-001,2026-09-08T17:21:20.003Z,NORMAL,-13.63,-7.99,24.01,621.5,-0.72,0.67,-1.25,-102,153,92,32,8.14,35.61,95,2,-60.007082,20.013163,1.073,137.1,90.45,HIGH_FREQUENCY,HIGH_LOAD,HIGH,HIGH,1,1,1,ANOMALY,true,-0.229555,0.73
2026-09-08T17:21:22.562Z,POLAR-001,2026-09-08T17:21:22.562Z,NORMAL,-13.63,-7.99,24.01,621.5,-0.72,0.67,-1.25,-102,153,92,32,8.14,35.61,95,2,-60.007235,20.013449,1.096,137.1,90.36,HIGH_FREQUENCY,HIGH_LOAD,HIGH,HIGH,1,1,1,ANOMALY,true,-0.229555,0.73
2026-09-08T17:21:27.562Z,POLAR-001,2026-09-08T17:21:27.562Z,NORMAL,-13.63,-7.99,24.01,621.5,-0.72,0.67,-1.25,-102,153,92,32,8.14,35.61,95,2,-60.007389,20.013734,1.12,137.1,90.27,HIGH_FREQUENCY,HIGH_LOAD,HIGH,HIGH,1,1,1,ANOMALY,true,-0.229555,0.73
2026-09-08T17:21:32.563Z,POLAR-001,2026-09-08T17:21:32.563Z,NORMAL,-13.63,-7.99,24.01,621.5,-0.72,0.67,-1.25,-102,153,92,32,8.14,35.61,95,2,-60.007542,20.014019,1.143,137.1,90.18,HIGH_FREQUENCY,HIGH_LOAD,HIGH,HIGH,1,1,1,ANOMALY,true,-0.229555,0.73
2026-09-08T17:21:37.568Z,POLAR-001,2026-09-08T17:21:37.568Z,NORMAL,-13.63,-7.99,24.01,621.5,-0.72,0.67,-1.25,-102,153,92,32,8.14,35.61,95,2,-60.007696,20.014305,1.166,137.1,90.09,HIGH_FREQUENCY,HIGH_LOAD,HIGH,HIGH,1,1,1,ANOMALY,true,-0.229555,0.73
2026-09-08T17:21:42.573Z,POLAR-001,2026-09-08T17:21:42.573Z,NORMAL,-13.63,-7.99,24.01,621.5,-0.72,0.67,-1.25,-102,153,92,32,8.14,35.61,95,2,-60.007849,20.01459,1.189,137.1,90,HIGH_FREQUENCY,HIGH_LOAD,HIGH,HIGH,1,1,1,ANOMALY,true,-0.229555,0.73
2026-09-08T17:21:47.579Z,POLAR-001,2026-09-08T17:21:47.579Z,NORMAL,-13.63,-7.99,24.01,621.5,-0.72,0.67,-1.25,-102,153,92,32,8.14,35.61,95,2,-60.008003,20.014875,1.213,137.1,89.91,HIGH_FREQUENCY,HIGH_LOAD,HIGH,HIGH,1,1,1,ANOMALY,true,-0.229555,0.73
2026-09-08T17:21:52.589Z,POLAR-001,2026-09-08T17:21:52.589Z,NORMAL,-13.63,-7.99,24.01,621.5,-0.72,0.67,-1.25,-102,153,92,32,8.14,35.61,95,2,-60.008156,20.01516,1.236,137.1,89.82,HIGH_FREQUENCY,HIGH_LOAD,HIGH,HIGH,1,1,1,ANOMALY,true,-0.229555,0.73
2026-09-08T17:21:57.595Z,POLAR-001,2026-09-08T17:21:57.595Z,NORMAL,-13.63,-7.99,24.01,621.5,-0.72,0.67,-1.25,-102,153,92,32,8.14,35.61,95,2,-60.00831,20.015446,1.259,137.1,89.73,HIGH_FREQUENCY,HIGH_LOAD,HIGH,HIGH,1,1,1,ANOMALY,true,-0.229555,0.73
2026-09-08T17:22:02.595Z,POLAR-001,2026-09-08T17:22:02.595Z,NORMAL,-13.63,-7.99,24.01,621.5,-0.72,0.67,-1.25,-102,153,92,32,8.14,35.61,95,2,-60.008463,20.015731,1.282,137.1,89.64,HIGH_FREQUENCY,HIGH_LOAD,HIGH,HIGH,1,1,1,ANOMALY,true,-0.229555,0.73
2026-09-08T17:22:07.601Z,POLAR-001,2026-09-08T17:22:07.601Z,NORMAL,-13.63,-7.99,24.01,621.5,-0.72,0.67,-1.25,-102,153,92,32,8.14,35.61,95,2,-60.008617,20.016016,1.306,137.1,89.55,HIGH_FREQUENCY,HIGH_LOAD,HIGH,HIGH,1,1,1,ANOMALY,true,-0.229555,0.73
2026-09-08T17:22:12.607Z,POLAR-001,2026-09-08T17:22:12.607Z,NORMAL,-13.63,-7.99,24.01,621.5,-0.72,0.67,-1.25,-102,153,92,32,8.14,35.61,95,2,-60.00877,20.016302,1.329,137.1,89.46,HIGH_FREQUENCY,HIGH_LOAD,HIGH,HIGH,1,1,1,ANOMALY,true,-0.229555,0.73
2026-09-08T17:22:17.613Z,POLAR-001,2026-09-08T17:22:17.613Z,NORMAL,-13.63,-7.99,24.01,621.5,-0.72,0.67,-1.25,-102,153,92,32,8.14,35.61,95,2,-60.008924,20.016587,1.352,137.1,89.37,HIGH_FREQUENCY,HIGH_LOAD,HIGH,HIGH,1,1,1,ANOMALY,true,-0.229555,0.73
2026-09-08T17:22:22.613Z,POLAR-001,2026-09-08T17:22:22.613Z,NORMAL,-13.63,-7.99,24.01,621.5,-0.72,0.67,-1.25,-102,153,92,32,8.14,35.61,95,2,-60.009077,20.016872,1.375,137.1,89.28,HIGH_FREQUENCY,HIGH_LOAD,HIGH,HIGH,1,1,1,ANOMALY,true,-0.229555,0.73
2026-09-08T17:22:27.618Z,POLAR-001,2026-09-08T17:22:27.618Z,NORMAL,-13.63,-7.99,24.01,621.5,-0.72,0.67,-1.25,-102,153,92,32,8.14,35.61,95,2,-60.009231,20.017158,1.399,137.1,89.19,HIGH_FREQUENCY,HIGH_LOAD,HIGH,HIGH,1,1,1,ANOMALY,true,-0.229555,0.73
2026-09-08T17:22:32.625Z,POLAR-001,2026-09-08T17:22:32.625Z,NORMAL,-13.63,-7.99,24.01,621.5,-0.72,0.67,-1.25,-102,153,92,32,8.14,35.61,95,2,-60.009384,20.017443,1.422,137.1,89.1,HIGH_FREQUENCY,HIGH_LOAD,HIGH,HIGH,1,1,1,ANOMALY,true,-0.229555,0.73
2026-09-08T17:22:37.642Z,POLAR-001,2026-09-08T17:22:37.642Z,NORMAL,-13.63,-7.99,24.01,621.5,-0.72,0.67,-1.25,-102,153,92,32,8.14,35.61,95,2,-60.009538,20.017728,1.445,137.1,89.01,HIGH_FREQUENCY,HIGH_LOAD,HIGH,HIGH,1,1,1,ANOMALY,true,-0.229555,0.73
2026-09-08T17:22:41.209Z,POLAR-001,2026-09-08T17:22:41.209Z,STORM,-13.63,-7.99,24.01,621.5,0.084,-0.185,0.831,17.45,13.72,6.47,31.3,7.89,35.61,95,1.92,-60.009483,20.017487,1.46,294.4,88.93,HIGH_FREQUENCY,HIGH_LOAD,HIGH,MEDIUM,0.313,1,1,ANOMALY,true,-0.191018,0.691
2026-09-08T17:22:42.644Z,POLAR-001,2026-09-08T17:22:42.644Z,STORM,-13.63,-7.99,24.01,621.5,0.084,-0.185,0.831,17.45,13.72,6.47,30.6,7.64,35.61,95,1.84,-60.009431,20.017256,1.474,294.4,88.85,HIGH_FREQUENCY,HIGH_LOAD,HIGH,MEDIUM,0.313,1,1,ANOMALY,true,-0.191018,0.691
2026-09-08T17:22:47.644Z,POLAR-001,2026-09-08T17:22:47.644Z,STORM,-13.63,-7.99,24.01,621.5,0.084,-0.185,0.831,17.45,13.72,6.47,29.9,7.39,35.61,95,1.76,-60.00938,20.017035,1.487,294.4,88.77,HIGH_FREQUENCY,HIGH_LOAD,HIGH,MEDIUM,0.313,1,1,ANOMALY,true,-0.191018,0.691
2026-09-08T17:22:52.637Z,POLAR-001,2026-09-08T17:22:52.637Z,STORM,-13.63,-7.99,24.01,621.5,0.084,-0.185,0.831,17.45,13.72,6.47,29.2,7.14,35.61,95,1.68,-60.009332,20.016823,1.5,294.4,88.69,HIGH_FREQUENCY,HIGH_LOAD,HIGH,MEDIUM,0.313,1,1,ANOMALY,true,-0.191018,0.691
2026-09-08T17:22:57.643Z,POLAR-001,2026-09-08T17:22:57.643Z,STORM,-13.63,-7.99,24.01,621.5,0.084,-0.185,0.831,17.45,13.72,6.47,28.5,6.89,35.61,95,1.6,-60.009287,20.016621,1.513,294.4,88.61,HIGH_FREQUENCY,HIGH_LOAD,HIGH,MEDIUM,0.313,1,1,ANOMALY,true,-0.191018,0.691
2026-09-08T17:23:02.651Z,POLAR-001,2026-09-08T17:23:02.651Z,STORM,-13.63,-7.99,24.01,621.5,0.084,-0.185,0.831,17.45,13.72,6.47,27.8,6.64,35.61,95,1.52,-60.009243,20.016428,1.524,294.4,88.53,HIGH_FREQUENCY,HIGH_LOAD,HIGH,MEDIUM,0.313,1,1,ANOMALY,true,-0.191018,0.691
2026-09-08T17:23:07.655Z,POLAR-001,2026-09-08T17:23:07.655Z,STORM,-13.63,-7.99,24.01,621.5,0.084,-0.185,0.831,17.45,13.72,6.47,27.1,6.39,35.61,95,1.44,-60.009201,20.016246,1.536,294.4,88.45,HIGH_FREQUENCY,HIGH_LOAD,HIGH,MEDIUM,0.313,1,1,ANOMALY,true,-0.191018,0.691
2026-09-08T17:23:12.662Z,POLAR-001,2026-09-08T17:23:12.662Z,STORM,-13.63,-7.99,24.01,621.5,0.084,-0.185,0.831,17.45,13.72,6.47,26.5,6.14,35.61,95,1.36,-60.009162,20.016073,1.546,294.4,88.37,HIGH_FREQUENCY,HIGH_LOAD,HIGH,MEDIUM,0.313,1,1,ANOMALY,true,-0.191018,0.691
2026-09-08T17:23:17.662Z,POLAR-001,2026-09-08T17:23:17.662Z,STORM,-13.63,-7.99,24.01,621.5,0.084,-0.185,0.831,17.45,13.72,6.47,26.5,6,35.61,95,1.28,-60.009125,20.015909,1.556,294.4,88.29,HIGH_FREQUENCY,HIGH_LOAD,HIGH,MEDIUM,0.313,1,1,ANOMALY,true,-0.191018,0.691
2026-09-08T17:23:22.676Z,POLAR-001,2026-09-08T17:23:22.676Z,STORM,-13.63,-7.99,24.01,621.5,0.084,-0.185,0.831,17.45,13.72,6.47,26.5,6,35.61,95,1.2,-60.00909,20.015754,1.566,294.4,88.21,HIGH_FREQUENCY,HIGH_LOAD,HIGH,MEDIUM,0.313,1,1,ANOMALY,true,-0.191018,0.691
2026-09-08T17:23:27.676Z,POLAR-001,2026-09-08T17:23:27.676Z,STORM,-13.63,-7.99,24.01,621.5,0.084,-0.185,0.831,17.45,13.72,6.47,26.5,6,35.61,95,1.18,-60.009055,20.015601,1.575,294.4,88.13,HIGH_FREQUENCY,HIGH_LOAD,HIGH,MEDIUM,0.313,1,1,ANOMALY,true,-0.191018,0.691
2026-09-08T17:23:32.679Z,POLAR-001,2026-09-08T17:23:32.679Z,STORM,-13.63,-7.99,24.01,621.5,0.084,-0.185,0.831,17.45,13.72,6.47,26.5,6,35.61,95,1.18,-60.009021,20.015449,1.584,294.4,88.05,HIGH_FREQUENCY,HIGH_LOAD,HIGH,MEDIUM,0.313,1,1,ANOMALY,true,-0.191018,0.691
2026-09-08T17:23:37.687Z,POLAR-001,2026-09-08T17:23:37.687Z,STORM,-13.63,-7.99,24.01,621.5,0.084,-0.185,0.831,17.45,13.72,6.47,26.5,6,35.61,95,1.18,-60.008986,20.015296,1.593,294.4,87.97,HIGH_FREQUENCY,HIGH_LOAD,HIGH,MEDIUM,0.313,1,1,ANOMALY,true,-0.191018,0.691
2026-09-08T17:23:42.691Z,POLAR-001,2026-09-08T17:23:42.691Z,STORM,-13.63,-7.99,24.01,621.5,0.084,-0.185,0.831,17.45,13.72,6.47,26.5,6,35.61,95,1.18,-60.008952,20.015144,1.603,294.4,87.89,HIGH_FREQUENCY,HIGH_LOAD,HIGH,MEDIUM,0.313,1,1,ANOMALY,true,-0.191018,0.691
2026-09-08T17:23:47.698Z,POLAR-001,2026-09-08T17:23:47.698Z,STORM,-13.63,-7.99,24.01,621.5,0.084,-0.185,0.831,17.45,13.72,6.47,26.5,6,35.61,95,1.18,-60.008917,20.014991,1.612,294.4,87.81,HIGH_FREQUENCY,HIGH_LOAD,HIGH,MEDIUM,0.313,1,1,ANOMALY,true,-0.191018,0.691
2026-09-08T17:23:47.979Z,POLAR-001,2026-09-08T17:23:47.979Z,STORM,-13.63,-7.99,24.01,621.5,-0.213,-0.219,0.87,-9.83,12.53,14.06,26.8,6,35.61,95,1.22,-60.008979,20.014864,1.622,225.8,87.73,HIGH_FREQUENCY,HIGH_LOAD,HIGH,MEDIUM,0.35,1,1,ANOMALY,true,-0.21717,0.717
2026-09-08T17:23:52.723Z,POLAR-001,2026-09-08T17:23:52.723Z,STORM,-13.63,-7.99,24.01,621.5,-0.213,-0.219,0.87,-9.83,12.53,14.06,26.8,6,35.61,95,1.22,-60.009041,20.014736,1.632,225.8,87.65,HIGH_FREQUENCY,HIGH_LOAD,HIGH,MEDIUM,0.35,1,1,ANOMALY,true,-0.21717,0.717
2026-09-08T17:23:57.723Z,POLAR-001,2026-09-08T17:23:57.723Z,STORM,-13.63,-7.99,24.01,621.5,-0.213,-0.219,0.87,-9.83,12.53,14.06,26.8,6,35.61,95,1.22,-60.009103,20.014609,1.642,225.8,87.57,HIGH_FREQUENCY,HIGH_LOAD,HIGH,MEDIUM,0.35,1,1,ANOMALY,true,-0.21717,0.717
2026-09-08T17:24:02.733Z,POLAR-001,2026-09-08T17:24:02.733Z,STORM,-13.63,-7.99,24.01,621.5,-0.213,-0.219,0.87,-9.83,12.53,14.06,26.8,6,35.61,95,1.22,-60.009165,20.014482,1.651,225.8,87.49,HIGH_FREQUENCY,HIGH_LOAD,HIGH,MEDIUM,0.35,1,1,ANOMALY,true,-0.21717,0.717
2026-09-08T17:24:07.746Z,POLAR-001,2026-09-08T17:24:07.746Z,STORM,-13.63,-7.99,24.01,621.5,-0.213,-0.219,0.87,-9.83,12.53,14.06,26.8,6,35.61,95,1.22,-60.009226,20.014354,1.661,225.8,87.41,HIGH_FREQUENCY,HIGH_LOAD,HIGH,MEDIUM,0.35,1,1,ANOMALY,true,-0.21717,0.717
2026-09-08T17:24:12.747Z,POLAR-001,2026-09-08T17:24:12.747Z,STORM,-13.63,-7.99,24.01,621.5,-0.213,-0.219,0.87,-9.83,12.53,14.06,26.8,6,35.61,95,1.22,-60.009288,20.014227,1.671,225.8,87.33,HIGH_FREQUENCY,HIGH_LOAD,HIGH,MEDIUM,0.35,1,1,ANOMALY,true,-0.21717,0.717
2026-09-08T17:24:17.753Z,POLAR-001,2026-09-08T17:24:17.753Z,STORM,-13.63,-7.99,24.01,621.5,-0.213,-0.219,0.87,-9.83,12.53,14.06,26.8,6,35.61,95,1.22,-60.00935,20.0141,1.681,225.8,87.25,HIGH_FREQUENCY,HIGH_LOAD,HIGH,MEDIUM,0.35,1,1,ANOMALY,true,-0.21717,0.717
2026-09-08T17:24:22.770Z,POLAR-001,2026-09-08T17:24:22.770Z,STORM,-13.63,-7.99,24.01,621.5,-0.213,-0.219,0.87,-9.83,12.53,14.06,26.8,6,35.61,95,1.22,-60.009412,20.013972,1.691,225.8,87.17,HIGH_FREQUENCY,HIGH_LOAD,HIGH,MEDIUM,0.35,1,1,ANOMALY,true,-0.21717,0.717
2026-09-08T17:24:27.774Z,POLAR-001,2026-09-08T17:24:27.774Z,STORM,-13.63,-7.99,24.01,621.5,-0.213,-0.219,0.87,-9.83,12.53,14.06,26.8,6,35.61,95,1.22,-60.009474,20.013845,1.701,225.8,87.09,HIGH_FREQUENCY,HIGH_LOAD,HIGH,MEDIUM,0.35,1,1,ANOMALY,true,-0.21717,0.717
2026-09-08T17:24:32.780Z,POLAR-001,2026-09-08T17:24:32.780Z,STORM,-13.63,-7.99,24.01,621.5,-0.213,-0.219,0.87,-9.83,12.53,14.06,26.8,6,35.61,95,1.22,-60.009536,20.013718,1.711,225.8,87.01,HIGH_FREQUENCY,HIGH_LOAD,HIGH,MEDIUM,0.35,1,1,ANOMALY,true,-0.21717,0.717
2026-09-08T17:24:37.786Z,POLAR-001,2026-09-08T17:24:37.786Z,STORM,-13.63,-7.99,24.01,621.5,-0.213,-0.219,0.87,-9.83,12.53,14.06,26.8,6,35.61,95,1.22,-60.009598,20.01359,1.72,225.8,86.93,HIGH_FREQUENCY,HIGH_LOAD,HIGH,MEDIUM,0.35,1,1,ANOMALY,true,-0.21717,0.717
2026-09-08T17:24:42.793Z,POLAR-001,2026-09-08T17:24:42.793Z,STORM,-13.63,-7.99,24.01,621.5,-0.213,-0.219,0.87,-9.83,12.53,14.06,26.8,6,35.61,95,1.22,-60.00966,20.013463,1.73,225.8,86.85,HIGH_FREQUENCY,HIGH_LOAD,HIGH,MEDIUM,0.35,1,1,ANOMALY,true,-0.21717,0.717
2026-09-08T17:24:47.796Z,POLAR-001,2026-09-08T17:24:47.796Z,STORM,-13.63,-7.99,24.01,621.5,-0.213,-0.219,0.87,-9.83,12.53,14.06,26.8,6,35.61,95,1.22,-60.009722,20.013336,1.74,225.8,86.77,HIGH_FREQUENCY,HIGH_LOAD,HIGH,MEDIUM,0.35,1,1,ANOMALY,true,-0.21717,0.717
2026-09-08T17:24:52.787Z,POLAR-001,2026-09-08T17:24:52.787Z,STORM,-13.63,-7.99,24.01,621.5,-0.213,-0.219,0.87,-9.83,12.53,14.06,26.8,6,35.61,95,1.22,-60.009784,20.013208,1.75,225.8,86.69,HIGH_FREQUENCY,HIGH_LOAD,HIGH,MEDIUM,0.35,1,1,ANOMALY,true,-0.21717,0.717
2026-09-08T17:24:57.794Z,POLAR-001,2026-09-08T17:24:57.794Z,STORM,-13.63,-7.99,24.01,621.5,-0.213,-0.219,0.87,-9.83,12.53,14.06,26.8,6,35.61,95,1.22,-60.009845,20.013081,1.76,225.8,86.61,HIGH_FREQUENCY,HIGH_LOAD,HIGH,MEDIUM,0.35,1,1,ANOMALY,true,-0.21717,0.717
2026-09-08T17:25:02.800Z,POLAR-001,2026-09-08T17:25:02.800Z,STORM,-13.63,-7.99,24.01,621.5,-0.213,-0.219,0.87,-9.83,12.53,14.06,26.8,6,35.61,95,1.22,-60.009907,20.012954,1.77,225.8,86.53,HIGH_FREQUENCY,HIGH_LOAD,HIGH,MEDIUM,0.35,1,1,ANOMALY,true,-0.21717,0.717
2026-09-08T17:25:07.815Z,POLAR-001,2026-09-08T17:25:07.815Z,STORM,-13.63,-7.99,24.01,621.5,-0.213,-0.219,0.87,-9.83,12.53,14.06,26.8,6,35.61,95,1.22,-60.009969,20.012826,1.78,225.8,86.45,HIGH_FREQUENCY,HIGH_LOAD,HIGH,MEDIUM,0.35,1,1,ANOMALY,true,-0.21717,0.717
2026-09-08T17:25:12.822Z,POLAR-001,2026-09-08T17:25:12.822Z,STORM,-13.63,-7.99,24.01,621.5,-0.213,-0.219,0.87,-9.83,12.53,14.06,26.8,6,35.61,95,1.22,-60.010031,20.012699,1.789,225.8,86.37,HIGH_FREQUENCY,HIGH_LOAD,HIGH,MEDIUM,0.35,1,1,ANOMALY,true,-0.21717,0.717
2026-09-08T17:25:17.829Z,POLAR-001,2026-09-08T17:25:17.829Z,STORM,-13.63,-7.99,24.01,621.5,-0.213,-0.219,0.87,-9.83,12.53,14.06,26.8,6,35.61,95,1.22,-60.010093,20.012572,1.799,225.8,86.29,HIGH_FREQUENCY,HIGH_LOAD,HIGH,MEDIUM,0.35,1,1,ANOMALY,true,-0.21717,0.717
2026-09-08T17:25:22.843Z,POLAR-001,2026-09-08T17:25:22.843Z,STORM,-13.63,-7.99,24.01,621.5,-0.213,-0.219,0.87,-9.83,12.53,14.06,26.8,6,35.61,95,1.22,-60.010155,20.012444,1.809,225.8,86.21,HIGH_FREQUENCY,HIGH_LOAD,HIGH,MEDIUM,0.35,1,1,ANOMALY,true,-0.21717,0.717
2026-09-08T17:25:27.844Z,POLAR-001,2026-09-08T17:25:27.844Z,STORM,-13.63,-7.99,24.01,621.5,-0.213,-0.219,0.87,-9.83,12.53,14.06,26.8,6,35.61,95,1.22,-60.010217,20.012317,1.819,225.8,86.13,HIGH_FREQUENCY,HIGH_LOAD,HIGH,MEDIUM,0.35,1,1,ANOMALY,true,-0.21717,0.717
2026-09-08T17:25:32.859Z,POLAR-001,2026-09-08T17:25:32.859Z,STORM,-13.63,-7.99,24.01,621.5,-0.213,-0.219,0.87,-9.83,12.53,14.06,26.8,6,35.61,95,1.22,-60.010279,20.01219,1.829,225.8,86.05,HIGH_FREQUENCY,HIGH_LOAD,HIGH,MEDIUM,0.35,1,1,ANOMALY,true,-0.21717,0.717
2026-09-08T17:25:37.875Z,POLAR-001,2026-09-08T17:25:37.875Z,STORM,-13.63,-7.99,24.01,621.5,-0.213,-0.219,0.87,-9.83,12.53,14.06,26.8,6,35.61,95,1.22,-60.010341,20.012062,1.839,225.8,85.97,HIGH_FREQUENCY,HIGH_LOAD,HIGH,MEDIUM,0.35,1,1,ANOMALY,true,-0.21717,0.717
2026-09-08T17:25:42.876Z,POLAR-001,2026-09-08T17:25:42.876Z,STORM,-13.63,-7.99,24.01,621.5,-0.213,-0.219,0.87,-9.83,12.53,14.06,26.8,6,35.61,95,1.22,-60.010402,20.011935,1.848,225.8,85.89,HIGH_FREQUENCY,HIGH_LOAD,HIGH,MEDIUM,0.35,1,1,ANOMALY,true,-0.21717,0.717
2026-09-08T17:25:47.886Z,POLAR-001,2026-09-08T17:25:47.886Z,STORM,-13.63,-7.99,24.01,621.5,-0.213,-0.219,0.87,-9.83,12.53,14.06,26.8,6,35.61,95,1.22,-60.010464,20.011808,1.858,225.8,85.81,HIGH_FREQUENCY,HIGH_LOAD,HIGH,MEDIUM,0.35,1,1,ANOMALY,true,-0.21717,0.717
2026-09-08T17:25:52.903Z,POLAR-001,2026-09-08T17:25:52.903Z,STORM,-13.63,-7.99,24.01,621.5,-0.213,-0.219,0.87,-9.83,12.53,14.06,26.8,6,35.61,95,1.22,-60.010526,20.01168,1.868,225.8,85.73,HIGH_FREQUENCY,HIGH_LOAD,HIGH,MEDIUM,0.35,1,1,ANOMALY,true,-0.21717,0.717
2026-09-08T17:25:57.905Z,POLAR-001,2026-09-08T17:25:57.905Z,STORM,-13.63,-7.99,24.01,621.5,-0.213,-0.219,0.87,-9.83,12.53,14.06,26.8,6,35.61,95,1.22,-60.010588,20.011553,1.878,225.8,85.65,HIGH_FREQUENCY,HIGH_LOAD,HIGH,MEDIUM,0.35,1,1,ANOMALY,true,-0.21717,0.717
2026-09-08T17:26:02.904Z,POLAR-001,2026-09-08T17:26:02.904Z,STORM,-13.63,-7.99,24.01,621.5,-0.213,-0.219,0.87,-9.83,12.53,14.06,26.8,6,35.61,95,1.22,-60.01065,20.011426,1.888,225.8,85.57,HIGH_FREQUENCY,HIGH_LOAD,HIGH,MEDIUM,0.35,1,1,ANOMALY,true,-0.21717,0.717
2026-09-08T17:26:07.916Z,POLAR-001,2026-09-08T17:26:07.916Z,STORM,-13.63,-7.99,24.01,621.5,-0.213,-0.219,0.87,-9.83,12.53,14.06,26.8,6,35.61,95,1.22,-60.010712,20.011298,1.898,225.8,85.49,HIGH_FREQUENCY,HIGH_LOAD,HIGH,MEDIUM,0.35,1,1,ANOMALY,true,-0.21717,0.717
2026-09-08T17:26:12.924Z,POLAR-001,2026-09-08T17:26:12.924Z,STORM,-13.63,-7.99,24.01,621.5,-0.213,-0.219,0.87,-9.83,12.53,14.06,26.8,6,35.61,95,1.22,-60.010774,20.011171,1.908,225.8,85.41,HIGH_FREQUENCY,HIGH_LOAD,HIGH,MEDIUM,0.35,1,1,ANOMALY,true,-0.21717,0.717
2026-09-08T17:26:17.933Z,POLAR-001,2026-09-08T17:26:17.933Z,STORM,-13.63,-7.99,24.01,621.5,-0.213,-0.219,0.87,-9.83,12.53,14.06,26.8,6,35.61,95,1.22,-60.010836,20.011044,1.917,225.8,85.33,HIGH_FREQUENCY,HIGH_LOAD,HIGH,MEDIUM,0.35,1,1,ANOMALY,true,-0.21717,0.717
2026-09-08T17:26:22.948Z,POLAR-001,2026-09-08T17:26:22.948Z,STORM,-13.63,-7.99,24.01,621.5,-0.213,-0.219,0.87,-9.83,12.53,14.06,26.8,6,35.61,95,1.22,-60.010898,20.010916,1.927,225.8,85.25,HIGH_FREQUENCY,HIGH_LOAD,HIGH,MEDIUM,0.35,1,1,ANOMALY,true,-0.21717,0.717
2026-09-08T17:26:27.949Z,POLAR-001,2026-09-08T17:26:27.949Z,STORM,-13.63,-7.99,24.01,621.5,-0.213,-0.219,0.87,-9.83,12.53,14.06,26.8,6,35.61,95,1.22,-60.01096,20.010789,1.937,225.8,85.17,HIGH_FREQUENCY,HIGH_LOAD,HIGH,MEDIUM,0.35,1,1,ANOMALY,true,-0.21717,0.717
2026-09-08T17:26:32.961Z,POLAR-001,2026-09-08T17:26:32.961Z,STORM,-13.63,-7.99,24.01,621.5,-0.213,-0.219,0.87,-9.83,12.53,14.06,26.8,6,35.61,95,1.22,-60.011021,20.010662,1.947,225.8,85.09,HIGH_FREQUENCY,HIGH_LOAD,HIGH,MEDIUM,0.35,1,1,ANOMALY,true,-0.21717,0.717
2026-09-08T17:26:37.961Z,POLAR-001,2026-09-08T17:26:37.961Z,STORM,-13.63,-7.99,24.01,621.5,-0.213,-0.219,0.87,-9.83,12.53,14.06,26.8,6,35.61,95,1.22,-60.011083,20.010534,1.957,225.8,85.01,HIGH_FREQUENCY,HIGH_LOAD,HIGH,MEDIUM,0.35,1,1,ANOMALY,true,-0.21717,0.717
2026-09-08T17:26:42.970Z,POLAR-001,2026-09-08T17:26:42.970Z,STORM,-13.63,-7.99,24.01,621.5,-0.213,-0.219,0.87,-9.83,12.53,14.06,26.8,6,35.61,95,1.22,-60.011145,20.010407,1.967,225.8,84.93,HIGH_FREQUENCY,HIGH_LOAD,HIGH,MEDIUM,0.35,1,1,ANOMALY,true,-0.21717,0.717
2026-09-08T17:26:47.983Z,POLAR-001,2026-09-08T17:26:47.983Z,STORM,-13.63,-7.99,24.01,621.5,-0.213,-0.219,0.87,-9.83,12.53,14.06,26.8,6,35.61,95,1.22,-60.011207,20.01028,1.977,225.8,84.85,HIGH_FREQUENCY,HIGH_LOAD,HIGH,MEDIUM,0.35,1,1,ANOMALY,true,-0.21717,0.717
2026-09-08T17:26:52.991Z,POLAR-001,2026-09-08T17:26:52.991Z,STORM,-13.63,-7.99,24.01,621.5,-0.213,-0.219,0.87,-9.83,12.53,14.06,26.8,6,35.61,95,1.22,-60.011269,20.010152,1.986,225.8,84.77,HIGH_FREQUENCY,HIGH_LOAD,HIGH,MEDIUM,0.35,1,1,ANOMALY,true,-0.21717,0.717
2026-09-08T17:26:58.012Z,POLAR-001,2026-09-08T17:26:58.012Z,STORM,-13.63,-7.99,24.01,621.5,-0.213,-0.219,0.87,-9.83,12.53,14.06,26.8,6,35.61,95,1.22,-60.011331,20.010025,1.996,225.8,84.69,HIGH_FREQUENCY,HIGH_LOAD,HIGH,MEDIUM,0.35,1,1,ANOMALY,true,-0.21717,0.717
2026-09-08T17:27:03.015Z,POLAR-001,2026-09-08T17:27:03.015Z,STORM,-13.63,-7.99,24.01,621.5,-0.213,-0.219,0.87,-9.83,12.53,14.06,26.8,6,35.61,95,1.22,-60.011393,20.009898,2.006,225.8,84.61,HIGH_FREQUENCY,HIGH_LOAD,HIGH,MEDIUM,0.35,1,1,ANOMALY,true,-0.21717,0.717
2026-09-08T17:27:08.016Z,POLAR-001,2026-09-08T17:27:08.016Z,STORM,-13.63,-7.99,24.01,621.5,-0.213,-0.219,0.87,-9.83,12.53,14.06,26.8,6,35.61,95,1.22,-60.011455,20.00977,2.016,225.8,84.53,HIGH_FREQUENCY,HIGH_LOAD,HIGH,MEDIUM,0.35,1,1,ANOMALY,true,-0.21717,0.717
2026-09-08T17:27:13.016Z,POLAR-001,2026-09-08T17:27:13.016Z,STORM,-13.63,-7.99,24.01,621.5,-0.213,-0.219,0.87,-9.83,12.53,14.06,26.8,6,35.61,95,1.22,-60.011517,20.009643,2.026,225.8,84.45,HIGH_FREQUENCY,HIGH_LOAD,HIGH,MEDIUM,0.35,1,1,ANOMALY,true,-0.21717,0.717
2026-09-08T17:27:18.017Z,POLAR-001,2026-09-08T17:27:18.017Z,STORM,-13.63,-7.99,24.01,621.5,-0.213,-0.219,0.87,-9.83,12.53,14.06,26.8,6,35.61,95,1.22,-60.011579,20.009516,2.036,225.8,84.37,HIGH_FREQUENCY,HIGH_LOAD,HIGH,MEDIUM,0.35,1,1,ANOMALY,true,-0.21717,0.717
2026-09-08T17:27:23.027Z,POLAR-001,2026-09-08T17:27:23.027Z,STORM,-13.63,-7.99,24.01,621.5,-0.213,-0.219,0.87,-9.83,12.53,14.06,26.8,6,35.61,95,1.22,-60.01164,20.009388,2.046,225.8,84.29,HIGH_FREQUENCY,HIGH_LOAD,HIGH,MEDIUM,0.35,1,1,ANOMALY,true,-0.21717,0.717
2026-09-08T17:27:28.033Z,POLAR-001,2026-09-08T17:27:28.033Z,STORM,-13.63,-7.99,24.01,621.5,-0.213,-0.219,0.87,-9.83,12.53,14.06,26.8,6,35.61,95,1.22,-60.011702,20.009261,2.055,225.8,84.21,HIGH_FREQUENCY,HIGH_LOAD,HIGH,MEDIUM,0.35,1,1,ANOMALY,true,-0.21717,0.717
2026-09-08T17:27:33.039Z,POLAR-001,2026-09-08T17:27:33.039Z,STORM,-13.63,-7.99,24.01,621.5,-0.213,-0.219,0.87,-9.83,12.53,14.06,26.8,6,35.61,95,1.22,-60.011764,20.009133,2.065,225.8,84.13,HIGH_FREQUENCY,HIGH_LOAD,HIGH,MEDIUM,0.35,1,1,ANOMALY,true,-0.21717,0.717
2026-09-08T17:27:38.051Z,POLAR-001,2026-09-08T17:27:38.051Z,STORM,-13.63,-7.99,24.01,621.5,-0.213,-0.219,0.87,-9.83,12.53,14.06,26.8,6,35.61,95,1.22,-60.011826,20.009006,2.075,225.8,84.05,HIGH_FREQUENCY,HIGH_LOAD,HIGH,MEDIUM,0.35,1,1,ANOMALY,true,-0.21717,0.717
2026-09-08T17:27:43.058Z,POLAR-001,2026-09-08T17:27:43.058Z,STORM,-13.63,-7.99,24.01,621.5,-0.213,-0.219,0.87,-9.83,12.53,14.06,26.8,6,35.61,95,1.22,-60.011888,20.008879,2.085,225.8,83.97,HIGH_FREQUENCY,HIGH_LOAD,HIGH,MEDIUM,0.35,1,1,ANOMALY,true,-0.21717,0.717
2026-09-08T17:27:48.064Z,POLAR-001,2026-09-08T17:27:48.064Z,STORM,-13.63,-7.99,24.01,621.5,-0.213,-0.219,0.87,-9.83,12.53,14.06,26.8,6,35.61,95,1.22,-60.01195,20.008751,2.095,225.8,83.89,HIGH_FREQUENCY,HIGH_LOAD,HIGH,MEDIUM,0.35,1,1,ANOMALY,true,-0.21717,0.717
2026-09-08T17:27:53.077Z,POLAR-001,2026-09-08T17:27:53.077Z,STORM,-13.63,-7.99,24.01,621.5,-0.213,-0.219,0.87,-9.83,12.53,14.06,26.8,6,35.61,95,1.22,-60.012012,20.008624,2.105,225.8,83.81,HIGH_FREQUENCY,HIGH_LOAD,HIGH,MEDIUM,0.35,1,1,ANOMALY,true,-0.21717,0.717
2026-09-08T17:27:58.089Z,POLAR-001,2026-09-08T17:27:58.089Z,STORM,-13.63,-7.99,24.01,621.5,-0.213,-0.219,0.87,-9.83,12.53,14.06,26.8,6,35.61,95,1.22,-60.012074,20.008497,2.115,225.8,83.73,HIGH_FREQUENCY,HIGH_LOAD,HIGH,MEDIUM,0.35,1,1,ANOMALY,true,-0.21717,0.717
2026-09-08T17:28:03.098Z,POLAR-001,2026-09-08T17:28:03.098Z,STORM,-13.63,-7.99,24.01,621.5,-0.213,-0.219,0.87,-9.83,12.53,14.06,26.8,6,35.61,95,1.22,-60.012136,20.008369,2.124,225.8,83.65,HIGH_FREQUENCY,HIGH_LOAD,HIGH,MEDIUM,0.35,1,1,ANOMALY,true,-0.21717,0.717
2026-09-08T17:28:08.100Z,POLAR-001,2026-09-08T17:28:08.100Z,STORM,-13.63,-7.99,24.01,621.5,-0.213,-0.219,0.87,-9.83,12.53,14.06,26.8,6,35.61,95,1.22,-60.012198,20.008242,2.134,225.8,83.57,HIGH_FREQUENCY,HIGH_LOAD,HIGH,MEDIUM,0.35,1,1,ANOMALY,true,-0.21717,0.717
2026-09-08T17:28:13.115Z,POLAR-001,2026-09-08T17:28:13.115Z,STORM,-13.63,-7.99,24.01,621.5,-0.213,-0.219,0.87,-9.83,12.53,14.06,26.8,6,35.61,95,1.22,-60.012259,20.008115,2.144,225.8,83.49,HIGH_FREQUENCY,HIGH_LOAD,HIGH,MEDIUM,0.35,1,1,ANOMALY,true,-0.21717,0.717
2026-09-08T17:28:18.124Z,POLAR-001,2026-09-08T17:28:18.124Z,STORM,-13.63,-7.99,24.01,621.5,-0.213,-0.219,0.87,-9.83,12.53,14.06,26.8,6,35.61,95,1.22,-60.012321,20.007987,2.154,225.8,83.41,HIGH_FREQUENCY,HIGH_LOAD,HIGH,MEDIUM,0.35,1,1,ANOMALY,true,-0.21717,0.717
2026-09-08T17:28:23.125Z,POLAR-001,2026-09-08T17:28:23.125Z,STORM,-13.63,-7.99,24.01,621.5,-0.213,-0.219,0.87,-9.83,12.53,14.06,26.8,6,35.61,95,1.22,-60.012383,20.00786,2.164,225.8,83.33,HIGH_FREQUENCY,HIGH_LOAD,HIGH,MEDIUM,0.35,1,1,ANOMALY,true,-0.21717,0.717
2026-09-08T17:28:28.137Z,POLAR-001,2026-09-08T17:28:28.137Z,STORM,-13.63,-7.99,24.01,621.5,-0.213,-0.219,0.87,-9.83,12.53,14.06,26.8,6,35.61,95,1.22,-60.012445,20.007733,2.174,225.8,83.25,HIGH_FREQUENCY,HIGH_LOAD,HIGH,MEDIUM,0.35,1,1,ANOMALY,true,-0.21717,0.717
2026-09-08T17:28:33.140Z,POLAR-001,2026-09-08T17:28:33.140Z,STORM,-13.63,-7.99,24.01,621.5,-0.213,-0.219,0.87,-9.83,12.53,14.06,26.8,6,35.61,95,1.22,-60.012507,20.007605,2.184,225.8,83.17,HIGH_FREQUENCY,HIGH_LOAD,HIGH,MEDIUM,0.35,1,1,ANOMALY,true,-0.21717,0.717
2026-09-08T17:28:38.156Z,POLAR-001,2026-09-08T17:28:38.156Z,STORM,-13.63,-7.99,24.01,621.5,-0.213,-0.219,0.87,-9.83,12.53,14.06,26.8,6,35.61,95,1.22,-60.012569,20.007478,2.193,225.8,83.09,HIGH_FREQUENCY,HIGH_LOAD,HIGH,MEDIUM,0.35,1,1,ANOMALY,true,-0.21717,0.717
2026-09-08T17:28:43.159Z,POLAR-001,2026-09-08T17:28:43.159Z,STORM,-13.63,-7.99,24.01,621.5,-0.213,-0.219,0.87,-9.83,12.53,14.06,26.8,6,35.61,95,1.22,-60.012631,20.007351,2.203,225.8,83.01,HIGH_FREQUENCY,HIGH_LOAD,HIGH,MEDIUM,0.35,1,1,ANOMALY,true,-0.21717,0.717
2026-09-08T17:28:48.167Z,POLAR-001,2026-09-08T17:28:48.167Z,STORM,-13.63,-7.99,24.01,621.5,-0.213,-0.219,0.87,-9.83,12.53,14.06,26.8,6,35.61,95,1.22,-60.012693,20.007223,2.213,225.8,82.93,HIGH_FREQUENCY,HIGH_LOAD,HIGH,MEDIUM,0.35,1,1,ANOMALY,true,-0.21717,0.717
2026-09-08T17:28:53.174Z,POLAR-001,2026-09-08T17:28:53.174Z,STORM,-13.63,-7.99,24.01,621.5,-0.213,-0.219,0.87,-9.83,12.53,14.06,26.8,6,35.61,95,1.22,-60.012755,20.007096,2.223,225.8,82.85,HIGH_FREQUENCY,HIGH_LOAD,HIGH,MEDIUM,0.35,1,1,ANOMALY,true,-0.21717,0.717
2026-09-08T17:28:58.181Z,POLAR-001,2026-09-08T17:28:58.181Z,STORM,-13.63,-7.99,24.01,621.5,-0.213,-0.219,0.87,-9.83,12.53,14.06,26.8,6,35.61,95,1.22,-60.012816,20.006969,2.233,225.8,82.77,HIGH_FREQUENCY,HIGH_LOAD,HIGH,MEDIUM,0.35,1,1,ANOMALY,true,-0.21717,0.717
2026-09-08T17:29:03.194Z,POLAR-001,2026-09-08T17:29:03.194Z,STORM,-13.63,-7.99,24.01,621.5,-0.213,-0.219,0.87,-9.83,12.53,14.06,26.8,6,35.61,95,1.22,-60.012878,20.006841,2.243,225.8,82.69,HIGH_FREQUENCY,HIGH_LOAD,HIGH,MEDIUM,0.35,1,1,ANOMALY,true,-0.21717,0.717
2026-09-08T17:29:08.200Z,POLAR-001,2026-09-08T17:29:08.200Z,STORM,-13.63,-7.99,24.01,621.5,-0.213,-0.219,0.87,-9.83,12.53,14.06,26.8,6,35.61,95,1.22,-60.01294,20.006714,2.253,225.8,82.61,HIGH_FREQUENCY,HIGH_LOAD,HIGH,MEDIUM,0.35,1,1,ANOMALY,true,-0.21717,0.717
2026-09-08T17:29:13.202Z,POLAR-001,2026-09-08T17:29:13.202Z,STORM,-13.63,-7.99,24.01,621.5,-0.213,-0.219,0.87,-9.83,12.53,14.06,26.8,6,35.61,95,1.22,-60.013002,20.006587,2.262,225.8,82.53,HIGH_FREQUENCY,HIGH_LOAD,HIGH,MEDIUM,0.35,1,1,ANOMALY,true,-0.21717,0.717
2026-09-08T17:29:18.214Z,POLAR-001,2026-09-08T17:29:18.214Z,STORM,-13.63,-7.99,24.01,621.5,-0.213,-0.219,0.87,-9.83,12.53,14.06,26.8,6,35.61,95,1.22,-60.013064,20.006459,2.272,225.8,82.45,HIGH_FREQUENCY,HIGH_LOAD,HIGH,MEDIUM,0.35,1,1,ANOMALY,true,-0.21717,0.717
2026-09-08T17:29:23.215Z,POLAR-001,2026-09-08T17:29:23.215Z,STORM,-13.63,-7.99,24.01,621.5,-0.213,-0.219,0.87,-9.83,12.53,14.06,26.8,6,35.61,95,1.22,-60.013126,20.006332,2.282,225.8,82.37,HIGH_FREQUENCY,HIGH_LOAD,HIGH,MEDIUM,0.35,1,1,ANOMALY,true,-0.21717,0.717
2026-09-08T17:29:28.221Z,POLAR-001,2026-09-08T17:29:28.221Z,STORM,-13.63,-7.99,24.01,621.5,-0.213,-0.219,0.87,-9.83,12.53,14.06,26.8,6,35.61,95,1.22,-60.013188,20.006204,2.292,225.8,82.29,HIGH_FREQUENCY,HIGH_LOAD,HIGH,MEDIUM,0.35,1,1,ANOMALY,true,-0.21717,0.717
2026-09-08T17:29:33.224Z,POLAR-001,2026-09-08T17:29:33.224Z,STORM,-13.63,-7.99,24.01,621.5,-0.213,-0.219,0.87,-9.83,12.53,14.06,26.8,6,35.61,95,1.22,-60.01325,20.006077,2.302,225.8,82.21,HIGH_FREQUENCY,HIGH_LOAD,HIGH,MEDIUM,0.35,1,1,ANOMALY,true,-0.21717,0.717
2026-09-08T17:29:35.759Z,POLAR-001,2026-09-08T17:29:35.759Z,STORM,-13.63,-7.99,24.01,621.5,0.329,-0.153,0.961,-2.79,13.89,-4.09,26.7,6,35.61,95,1.2,-60.013171,20.006004,2.311,335.1,82.13,HIGH_FREQUENCY,HIGH_LOAD,HIGH,MEDIUM,0.337,1,1,ANOMALY,true,-0.168338,0.668
2026-09-08T17:29:38.227Z,POLAR-001,2026-09-08T17:29:38.227Z,STORM,-13.63,-7.99,24.01,621.5,0.329,-0.153,0.961,-2.79,13.89,-4.09,26.7,6,35.61,95,1.2,-60.013092,20.005931,2.321,335.1,82.05,HIGH_FREQUENCY,HIGH_LOAD,HIGH,MEDIUM,0.337,1,1,ANOMALY,true,-0.168338,0.668
2026-09-08T17:29:40.773Z,POLAR-001,2026-09-08T17:29:40.773Z,STORM,-13.63,-7.99,24.01,621.5,-0.294,-0.106,0.863,15.76,12.88,12.51,26.98,6,35.61,95,1.25,-60.013178,20.005868,2.331,199.8,81.97,HIGH_FREQUENCY,HIGH_LOAD,HIGH,MEDIUM,0.372,1,1,ANOMALY,true,-0.197566,0.698
2026-09-08T17:29:43.227Z,POLAR-001,2026-09-08T17:29:43.227Z,STORM,-13.63,-7.99,24.01,621.5,-0.294,-0.106,0.863,15.76,12.88,12.51,26.98,6,35.61,95,1.25,-60.013265,20.005806,2.342,199.8,81.89,HIGH_FREQUENCY,HIGH_LOAD,HIGH,MEDIUM,0.372,1,1,ANOMALY,true,-0.197566,0.698
2026-09-08T17:29:48.234Z,POLAR-001,2026-09-08T17:29:48.234Z,NORMAL,-13.63,-7.99,24.01,621.5,-0.294,-0.106,0.863,15.76,12.88,12.51,26.98,5.75,35.61,95,1.25,-60.013351,20.005744,2.352,199.8,81.81,HIGH_FREQUENCY,HIGH_LOAD,HIGH,MEDIUM,0.372,1,1,ANOMALY,true,-0.197566,0.698
2026-09-08T17:29:53.231Z,POLAR-001,2026-09-08T17:29:53.231Z,NORMAL,-13.63,-7.99,24.01,621.5,-0.294,-0.106,0.863,15.76,12.88,12.51,26.98,5.5,35.61,95,1.25,-60.013436,20.005683,2.362,199.8,81.73,HIGH_FREQUENCY,HIGH_LOAD,HIGH,MEDIUM,0.372,1,1,ANOMALY,true,-0.197566,0.698
2026-09-08T17:29:58.233Z,POLAR-001,2026-09-08T17:29:58.233Z,NORMAL,-13.63,-7.99,24.01,621.5,-0.294,-0.106,0.863,15.76,12.88,12.51,26.98,5.34,35.61,95,1.25,-60.013521,20.005622,2.372,199.8,81.65,HIGH_FREQUENCY,HIGH_LOAD,HIGH,MEDIUM,0.372,1,1,ANOMALY,true,-0.197566,0.698
2026-09-08T17:30:02.282Z,POLAR-001,2026-09-08T17:30:02.282Z,NORMAL,-13.63,-7.99,24.01,621.5,-0.72,0.67,-1.25,-102,153,92,27.68,5.59,35.61,95,1.33,-60.013623,20.005812,2.387,137.1,81.56,HIGH_FREQUENCY,HIGH_LOAD,HIGH,HIGH,1,1,1,ANOMALY,true,-0.220886,0.721
2026-09-08T17:30:03.240Z,POLAR-001,2026-09-08T17:30:03.240Z,NORMAL,-13.63,-7.99,24.01,621.5,-0.72,0.67,-1.25,-102,153,92,28.38,5.84,35.61,95,1.41,-60.013731,20.006013,2.404,137.1,81.47,HIGH_FREQUENCY,HIGH_LOAD,HIGH,HIGH,1,1,1,ANOMALY,true,-0.220886,0.721
2026-09-08T17:30:08.245Z,POLAR-001,2026-09-08T17:30:08.245Z,NORMAL,-13.63,-7.99,24.01,621.5,-0.72,0.67,-1.25,-102,153,92,29.08,6.09,35.61,95,1.49,-60.013846,20.006225,2.421,137.1,81.38,HIGH_FREQUENCY,HIGH_LOAD,HIGH,HIGH,1,1,1,ANOMALY,true,-0.220886,0.721
2026-09-08T17:30:13.245Z,POLAR-001,2026-09-08T17:30:13.246Z,NORMAL,-13.63,-7.99,24.01,621.5,-0.72,0.67,-1.25,-102,153,92,29.78,6.34,35.61,95,1.57,-60.013966,20.006449,2.439,137.1,81.29,HIGH_FREQUENCY,HIGH_LOAD,HIGH,HIGH,1,1,1,ANOMALY,true,-0.220886,0.721
2026-09-08T17:30:18.255Z,POLAR-001,2026-09-08T17:30:18.255Z,NORMAL,-13.63,-7.99,24.01,621.5,-0.72,0.67,-1.25,-102,153,92,30.48,6.59,35.61,95,1.65,-60.014092,20.006683,2.458,137.1,81.2,HIGH_FREQUENCY,HIGH_LOAD,HIGH,HIGH,1,1,1,ANOMALY,true,-0.220886,0.721
2026-09-08T17:30:23.256Z,POLAR-001,2026-09-08T17:30:23.256Z,NORMAL,-13.63,-7.99,24.01,621.5,-0.72,0.67,-1.25,-102,153,92,31.18,6.84,35.61,95,1.73,-60.014224,20.006928,2.478,137.1,81.11,HIGH_FREQUENCY,HIGH_LOAD,HIGH,HIGH,1,1,1,ANOMALY,true,-0.220886,0.721
2026-09-08T17:30:28.263Z,POLAR-001,2026-09-08T17:30:28.263Z,NORMAL,-13.63,-7.99,24.01,621.5,-0.72,0.67,-1.25,-102,153,92,31.88,7.09,35.61,95,1.81,-60.014362,20.007185,2.499,137.1,81.02,HIGH_FREQUENCY,HIGH_LOAD,HIGH,HIGH,1,1,1,ANOMALY,true,-0.220886,0.721
2026-09-08T17:30:33.263Z,POLAR-001,2026-09-08T17:30:33.263Z,NORMAL,-13.63,-7.99,24.01,621.5,-0.72,0.67,-1.25,-102,153,92,32,7.34,35.61,95,1.89,-60.014505,20.007452,2.521,137.1,80.93,HIGH_FREQUENCY,HIGH_LOAD,HIGH,HIGH,1,1,1,ANOMALY,true,-0.220886,0.721
2026-09-08T17:30:38.268Z,POLAR-001,2026-09-08T17:30:38.268Z,NORMAL,-13.63,-7.99,24.01,621.5,-0.72,0.67,-1.25,-102,153,92,32,7.59,35.61,95,1.97,-60.014655,20.007731,2.544,137.1,80.84,HIGH_FREQUENCY,HIGH_LOAD,HIGH,HIGH,1,1,1,ANOMALY,true,-0.220886,0.721
2026-09-08T17:30:43.277Z,POLAR-001,2026-09-08T17:30:43.277Z,NORMAL,-13.63,-7.99,24.01,621.5,-0.72,0.67,-1.25,-102,153,92,32,7.84,35.61,95,2,-60.014808,20.008015,2.567,137.1,80.75,HIGH_FREQUENCY,HIGH_LOAD,HIGH,HIGH,1,1,1,ANOMALY,true,-0.220886,0.721
2026-09-08T17:30:48.285Z,POLAR-001,2026-09-08T17:30:48.285Z,NORMAL,-13.63,-7.99,24.01,621.5,-0.72,0.67,-1.25,-102,153,92,32,8.09,35.61,95,2,-60.014961,20.0083,2.59,137.1,80.66,HIGH_FREQUENCY,HIGH_LOAD,HIGH,HIGH,1,1,1,ANOMALY,true,-0.220886,0.721
2026-09-08T17:30:53.305Z,POLAR-001,2026-09-08T17:30:53.305Z,NORMAL,-13.63,-7.99,24.01,621.5,-0.72,0.67,-1.25,-102,153,92,32,8.14,35.61,95,2,-60.015115,20.008585,2.613,137.1,80.57,HIGH_FREQUENCY,HIGH_LOAD,HIGH,HIGH,1,1,1,ANOMALY,true,-0.220886,0.721
2026-09-08T17:30:58.313Z,POLAR-001,2026-09-08T17:30:58.313Z,NORMAL,-13.63,-7.99,24.01,621.5,-0.72,0.67,-1.25,-102,153,92,32,8.14,35.61,95,2,-60.015268,20.008871,2.637,137.1,80.48,HIGH_FREQUENCY,HIGH_LOAD,HIGH,HIGH,1,1,1,ANOMALY,true,-0.220886,0.721
2026-09-08T17:31:03.321Z,POLAR-001,2026-09-08T17:31:03.321Z,NORMAL,-13.63,-7.99,24.01,621.5,-0.72,0.67,-1.25,-102,153,92,32,8.14,35.61,95,2,-60.015422,20.009156,2.66,137.1,80.39,HIGH_FREQUENCY,HIGH_LOAD,HIGH,HIGH,1,1,1,ANOMALY,true,-0.220886,0.721
2026-09-08T17:31:08.337Z,POLAR-001,2026-09-08T17:31:08.337Z,NORMAL,-13.63,-7.99,24.01,621.5,-0.72,0.67,-1.25,-102,153,92,32,8.14,35.61,95,2,-60.015575,20.009441,2.683,137.1,80.3,HIGH_FREQUENCY,HIGH_LOAD,HIGH,HIGH,1,1,1,ANOMALY,true,-0.220886,0.721
2026-09-08T17:31:13.350Z,POLAR-001,2026-09-08T17:31:13.350Z,NORMAL,-13.63,-7.99,24.01,621.5,-0.72,0.67,-1.25,-102,153,92,32,8.14,35.61,95,2,-60.015729,20.009727,2.706,137.1,80.21,HIGH_FREQUENCY,HIGH_LOAD,HIGH,HIGH,1,1,1,ANOMALY,true,-0.220886,0.721
2026-09-08T17:31:18.353Z,POLAR-001,2026-09-08T17:31:18.353Z,NORMAL,-13.63,-7.99,24.01,621.5,-0.72,0.67,-1.25,-102,153,92,32,8.14,35.61,95,2,-60.015882,20.010012,2.73,137.1,80.12,HIGH_FREQUENCY,HIGH_LOAD,HIGH,HIGH,1,1,1,ANOMALY,true,-0.220886,0.721
2026-09-08T17:31:23.358Z,POLAR-001,2026-09-08T17:31:23.358Z,NORMAL,-13.63,-7.99,24.01,621.5,-0.72,0.67,-1.25,-102,153,92,32,8.14,35.61,95,2,-60.016036,20.010298,2.753,137.1,80.03,HIGH_FREQUENCY,HIGH_LOAD,HIGH,HIGH,1,1,1,ANOMALY,true,-0.220886,0.721
2026-09-08T17:31:28.359Z,POLAR-001,2026-09-08T17:31:28.359Z,NORMAL,-13.63,-7.99,24.01,621.5,-0.72,0.67,-1.25,-102,153,92,32,8.14,35.61,95,2,-60.016189,20.010583,2.776,137.1,79.94,HIGH_FREQUENCY,HIGH_LOAD,HIGH,HIGH,1,1,1,ANOMALY,true,-0.220886,0.721
2026-09-08T17:31:33.365Z,POLAR-001,2026-09-08T17:31:33.365Z,NORMAL,-13.63,-7.99,24.01,621.5,-0.72,0.67,-1.25,-102,153,92,32,8.14,35.61,95,2,-60.016343,20.010868,2.799,137.1,79.85,HIGH_FREQUENCY,HIGH_LOAD,HIGH,HIGH,1,1,1,ANOMALY,true,-0.220886,0.721
2026-09-08T17:31:38.370Z,POLAR-001,2026-09-08T17:31:38.370Z,NORMAL,-13.63,-7.99,24.01,621.5,-0.72,0.67,-1.25,-102,153,92,32,8.14,35.61,95,2,-60.016496,20.011154,2.823,137.1,79.76,HIGH_FREQUENCY,HIGH_LOAD,HIGH,HIGH,1,1,1,ANOMALY,true,-0.220886,0.721
2026-09-08T17:31:43.370Z,POLAR-001,2026-09-08T17:31:43.370Z,NORMAL,-13.63,-7.99,24.01,621.5,-0.72,0.67,-1.25,-102,153,92,32,8.14,35.61,95,2,-60.01665,20.011439,2.846,137.1,79.67,HIGH_FREQUENCY,HIGH_LOAD,HIGH,HIGH,1,1,1,ANOMALY,true,-0.220886,0.721
2026-09-08T17:31:48.391Z,POLAR-001,2026-09-08T17:31:48.391Z,NORMAL,-13.63,-7.99,24.01,621.5,-0.72,0.67,-1.25,-102,153,92,32,8.14,35.61,95,2,-60.016803,20.011724,2.869,137.1,79.58,HIGH_FREQUENCY,HIGH_LOAD,HIGH,HIGH,1,1,1,ANOMALY,true,-0.220886,0.721
2026-09-08T17:31:53.383Z,POLAR-001,2026-09-08T17:31:53.383Z,NORMAL,-13.63,-7.99,24.01,621.5,-0.72,0.67,-1.25,-102,153,92,32,8.14,35.61,95,2,-60.016956,20.01201,2.892,137.1,79.49,HIGH_FREQUENCY,HIGH_LOAD,HIGH,HIGH,1,1,1,ANOMALY,true,-0.220886,0.721
2026-09-08T17:31:58.387Z,POLAR-001,2026-09-08T17:31:58.387Z,NORMAL,-13.63,-7.99,24.01,621.5,-0.72,0.67,-1.25,-102,153,92,32,8.14,35.61,95,2,-60.01711,20.012295,2.916,137.1,79.4,HIGH_FREQUENCY,HIGH_LOAD,HIGH,HIGH,1,1,1,ANOMALY,true,-0.220886,0.721
2026-09-08T17:32:03.399Z,POLAR-001,2026-09-08T17:32:03.399Z,NORMAL,-13.63,-7.99,24.01,621.5,-0.72,0.67,-1.25,-102,153,92,32,8.14,35.61,95,2,-60.017263,20.012581,2.939,137.1,79.31,HIGH_FREQUENCY,HIGH_LOAD,HIGH,HIGH,1,1,1,ANOMALY,true,-0.220886,0.721
2026-09-08T17:32:08.401Z,POLAR-001,2026-09-08T17:32:08.401Z,NORMAL,-13.63,-7.99,24.01,621.5,-0.72,0.67,-1.25,-102,153,92,32,8.14,35.61,95,2,-60.017417,20.012866,2.962,137.1,79.22,HIGH_FREQUENCY,HIGH_LOAD,HIGH,HIGH,1,1,1,ANOMALY,true,-0.220886,0.721
2026-09-08T17:32:13.407Z,POLAR-001,2026-09-08T17:32:13.407Z,NORMAL,-13.63,-7.99,24.01,621.5,-0.72,0.67,-1.25,-102,153,92,32,8.14,35.61,95,2,-60.01757,20.013151,2.985,137.1,79.13,HIGH_FREQUENCY,HIGH_LOAD,HIGH,HIGH,1,1,1,ANOMALY,true,-0.220886,0.721
2026-09-08T17:32:18.422Z,POLAR-001,2026-09-08T17:32:18.422Z,NORMAL,-13.63,-7.99,24.01,621.5,-0.72,0.67,-1.25,-102,153,92,32,8.14,35.61,95,2,-60.017724,20.013437,3.009,137.1,79.04,HIGH_FREQUENCY,HIGH_LOAD,HIGH,HIGH,1,1,1,ANOMALY,true,-0.220886,0.721
2026-09-08T17:32:23.426Z,POLAR-001,2026-09-08T17:32:23.426Z,NORMAL,-13.63,-7.99,24.01,621.5,-0.72,0.67,-1.25,-102,153,92,32,8.14,35.61,95,2,-60.017877,20.013722,3.032,137.1,78.95,HIGH_FREQUENCY,HIGH_LOAD,HIGH,HIGH,1,1,1,ANOMALY,true,-0.220886,0.721
2026-09-08T17:32:28.431Z,POLAR-001,2026-09-08T17:32:28.431Z,NORMAL,-13.63,-7.99,24.01,621.5,-0.72,0.67,-1.25,-102,153,92,32,8.14,35.61,95,2,-60.018031,20.014008,3.055,137.1,78.86,HIGH_FREQUENCY,HIGH_LOAD,HIGH,HIGH,1,1,1,ANOMALY,true,-0.220886,0.721
2026-09-08T17:32:33.439Z,POLAR-001,2026-09-08T17:32:33.439Z,NORMAL,-13.63,-7.99,24.01,621.5,-0.72,0.67,-1.25,-102,153,92,32,8.14,35.61,95,2,-60.018184,20.014293,3.078,137.1,78.77,HIGH_FREQUENCY,HIGH_LOAD,HIGH,HIGH,1,1,1,ANOMALY,true,-0.220886,0.721
2026-09-08T17:32:38.452Z,POLAR-001,2026-09-08T17:32:38.452Z,NORMAL,-13.63,-7.99,24.01,621.5,-0.72,0.67,-1.25,-102,153,92,32,8.14,35.61,95,2,-60.018338,20.014578,3.102,137.1,78.68,HIGH_FREQUENCY,HIGH_LOAD,HIGH,HIGH,1,1,1,ANOMALY,true,-0.220886,0.721
2026-09-08T17:32:43.458Z,POLAR-001,2026-09-08T17:32:43.458Z,NORMAL,-13.63,-7.99,24.01,621.5,-0.72,0.67,-1.25,-102,153,92,32,8.14,35.61,95,2,-60.018491,20.014864,3.125,137.1,78.59,HIGH_FREQUENCY,HIGH_LOAD,HIGH,HIGH,1,1,1,ANOMALY,true,-0.220886,0.721
2026-09-08T17:32:48.462Z,POLAR-001,2026-09-08T17:32:48.462Z,NORMAL,-13.63,-7.99,24.01,621.5,-0.72,0.67,-1.25,-102,153,92,32,8.14,35.61,95,2,-60.018645,20.015149,3.148,137.1,78.5,HIGH_FREQUENCY,HIGH_LOAD,HIGH,HIGH,1,1,1,ANOMALY,true,-0.220886,0.721
2026-09-08T17:32:53.468Z,POLAR-001,2026-09-08T17:32:53.468Z,NORMAL,-13.63,-7.99,24.01,621.5,-0.72,0.67,-1.25,-102,153,92,32,8.14,35.61,95,2,-60.018798,20.015435,3.171,137.1,78.41,HIGH_FREQUENCY,HIGH_LOAD,HIGH,HIGH,1,1,1,ANOMALY,true,-0.220886,0.721
2026-09-08T17:32:58.471Z,POLAR-001,2026-09-08T17:32:58.471Z,NORMAL,-13.63,-7.99,24.01,621.5,-0.72,0.67,-1.25,-102,153,92,32,8.14,35.61,95,2,-60.018952,20.01572,3.195,137.1,78.32,HIGH_FREQUENCY,HIGH_LOAD,HIGH,HIGH,1,1,1,ANOMALY,true,-0.220886,0.721
2026-09-08T17:33:03.484Z,POLAR-001,2026-09-08T17:33:03.484Z,NORMAL,-13.63,-7.99,24.01,621.5,-0.72,0.67,-1.25,-102,153,92,32,8.14,35.61,95,2,-60.019105,20.016005,3.218,137.1,78.23,HIGH_FREQUENCY,HIGH_LOAD,HIGH,HIGH,1,1,1,ANOMALY,true,-0.220886,0.721
2026-09-08T17:33:08.485Z,POLAR-001,2026-09-08T17:33:08.485Z,NORMAL,-13.63,-7.99,24.01,621.5,-0.72,0.67,-1.25,-102,153,92,32,8.14,35.61,95,2,-60.019259,20.016291,3.241,137.1,78.14,HIGH_FREQUENCY,HIGH_LOAD,HIGH,HIGH,1,1,1,ANOMALY,true,-0.220886,0.721
2026-09-08T17:33:13.485Z,POLAR-001,2026-09-08T17:33:13.485Z,NORMAL,-13.63,-7.99,24.01,621.5,-0.72,0.67,-1.25,-102,153,92,32,8.14,35.61,95,2,-60.019412,20.016576,3.264,137.1,78.05,HIGH_FREQUENCY,HIGH_LOAD,HIGH,HIGH,1,1,1,ANOMALY,true,-0.220886,0.721
2026-09-08T17:33:18.487Z,POLAR-001,2026-09-08T17:33:18.487Z,NORMAL,-13.63,-7.99,24.01,621.5,-0.72,0.67,-1.25,-102,153,92,32,8.14,35.61,95,2,-60.019566,20.016862,3.288,137.1,77.96,HIGH_FREQUENCY,HIGH_LOAD,HIGH,HIGH,1,1,1,ANOMALY,true,-0.220886,0.721
2026-09-08T17:33:23.492Z,POLAR-001,2026-09-08T17:33:23.492Z,NORMAL,-13.63,-7.99,24.01,621.5,-0.72,0.67,-1.25,-102,153,92,32,8.14,35.61,95,2,-60.019719,20.017147,3.311,137.1,77.87,HIGH_FREQUENCY,HIGH_LOAD,HIGH,HIGH,1,1,1,ANOMALY,true,-0.220886,0.721
2026-09-08T17:33:28.496Z,POLAR-001,2026-09-08T17:33:28.496Z,NORMAL,-13.63,-7.99,24.01,621.5,-0.72,0.67,-1.25,-102,153,92,32,8.14,35.61,95,2,-60.019873,20.017432,3.334,137.1,77.78,HIGH_FREQUENCY,HIGH_LOAD,HIGH,HIGH,1,1,1,ANOMALY,true,-0.220886,0.721
2026-09-08T17:33:33.510Z,POLAR-001,2026-09-08T17:33:33.510Z,NORMAL,-13.63,-7.99,24.01,621.5,-0.72,0.67,-1.25,-102,153,92,32,8.14,35.61,95,2,-60.020026,20.017718,3.357,137.1,77.69,HIGH_FREQUENCY,HIGH_LOAD,HIGH,HIGH,1,1,1,ANOMALY,true,-0.220886,0.721
2026-09-08T17:33:38.516Z,POLAR-001,2026-09-08T17:33:38.516Z,NORMAL,-13.63,-7.99,24.01,621.5,-0.72,0.67,-1.25,-102,153,92,32,8.14,35.61,95,2,-60.02018,20.018003,3.381,137.1,77.6,HIGH_FREQUENCY,HIGH_LOAD,HIGH,HIGH,1,1,1,ANOMALY,true,-0.220886,0.721
2026-09-08T17:33:43.521Z,POLAR-001,2026-09-08T17:33:43.521Z,NORMAL,-13.63,-7.99,24.01,621.5,-0.72,0.67,-1.25,-102,153,92,32,8.14,35.61,95,2,-60.020333,20.018289,3.404,137.1,77.51,HIGH_FREQUENCY,HIGH_LOAD,HIGH,HIGH,1,1,1,ANOMALY,true,-0.220886,0.721
2026-09-08T17:33:48.531Z,POLAR-001,2026-09-08T17:33:48.531Z,NORMAL,-13.63,-7.99,24.01,621.5,-0.72,0.67,-1.25,-102,153,92,32,8.14,35.61,95,2,-60.020486,20.018574,3.427,137.1,77.42,HIGH_FREQUENCY,HIGH_LOAD,HIGH,HIGH,1,1,1,ANOMALY,true,-0.220886,0.721
2026-09-08T17:33:53.540Z,POLAR-001,2026-09-08T17:33:53.540Z,NORMAL,-13.63,-7.99,24.01,621.5,-0.72,0.67,-1.25,-102,153,92,32,8.14,35.61,95,2,-60.02064,20.018859,3.45,137.1,77.33,HIGH_FREQUENCY,HIGH_LOAD,HIGH,HIGH,1,1,1,ANOMALY,true,-0.220886,0.721
2026-09-08T17:33:58.545Z,POLAR-001,2026-09-08T17:33:58.545Z,NORMAL,-13.63,-7.99,24.01,621.5,-0.72,0.67,-1.25,-102,153,92,32,8.14,35.61,95,2,-60.020793,20.019145,3.474,137.1,77.24,HIGH_FREQUENCY,HIGH_LOAD,HIGH,HIGH,1,1,1,ANOMALY,true,-0.220886,0.721
2026-09-08T17:34:03.558Z,POLAR-001,2026-09-08T17:34:03.558Z,NORMAL,-13.63,-7.99,24.01,621.5,-0.72,0.67,-1.25,-102,153,92,32,8.14,35.61,95,2,-60.020947,20.01943,3.497,137.1,77.15,HIGH_FREQUENCY,HIGH_LOAD,HIGH,HIGH,1,1,1,ANOMALY,true,-0.220886,0.721
2026-09-08T17:34:08.567Z,POLAR-001,2026-09-08T17:34:08.567Z,NORMAL,-13.63,-7.99,24.01,621.5,-0.72,0.67,-1.25,-102,153,92,32,8.14,35.61,95,2,-60.0211,20.019716,3.52,137.1,77.06,HIGH_FREQUENCY,HIGH_LOAD,HIGH,HIGH,1,1,1,ANOMALY,true,-0.220886,0.721
2026-09-08T17:34:13.570Z,POLAR-001,2026-09-08T17:34:13.570Z,NORMAL,-13.63,-7.99,24.01,621.5,-0.72,0.67,-1.25,-102,153,92,32,8.14,35.61,95,2,-60.021254,20.020001,3.543,137.1,76.97,HIGH_FREQUENCY,HIGH_LOAD,HIGH,HIGH,1,1,1,ANOMALY,true,-0.220886,0.721
2026-09-08T17:34:18.593Z,POLAR-001,2026-09-08T17:34:18.593Z,NORMAL,-13.63,-7.99,24.01,621.5,-0.72,0.67,-1.25,-102,153,92,32,8.14,35.61,95,2,-60.021407,20.020287,3.567,137.1,76.88,HIGH_FREQUENCY,HIGH_LOAD,HIGH,HIGH,1,1,1,ANOMALY,true,-0.220886,0.721
2026-09-08T17:34:23.606Z,POLAR-001,2026-09-08T17:34:23.606Z,NORMAL,-13.63,-7.99,24.01,621.5,-0.72,0.67,-1.25,-102,153,92,32,8.14,35.61,95,2,-60.021561,20.020572,3.59,137.1,76.79,HIGH_FREQUENCY,HIGH_LOAD,HIGH,HIGH,1,1,1,ANOMALY,true,-0.220886,0.721
2026-09-08T17:34:28.616Z,POLAR-001,2026-09-08T17:34:28.616Z,NORMAL,-13.63,-7.99,24.01,621.5,-0.72,0.67,-1.25,-102,153,92,32,8.14,35.61,95,2,-60.021714,20.020857,3.613,137.1,76.7,HIGH_FREQUENCY,HIGH_LOAD,HIGH,HIGH,1,1,1,ANOMALY,true,-0.220886,0.721
2026-09-08T17:34:33.623Z,POLAR-001,2026-09-08T17:34:33.623Z,NORMAL,-13.63,-7.99,24.01,621.5,-0.72,0.67,-1.25,-102,153,92,32,8.14,35.61,95,2,-60.021868,20.021143,3.637,137.1,76.61,HIGH_FREQUENCY,HIGH_LOAD,HIGH,HIGH,1,1,1,ANOMALY,true,-0.220886,0.721
2026-09-08T17:34:38.629Z,POLAR-001,2026-09-08T17:34:38.629Z,NORMAL,-13.63,-7.99,24.01,621.5,-0.72,0.67,-1.25,-102,153,92,32,8.14,35.61,95,2,-60.022021,20.021428,3.66,137.1,76.52,HIGH_FREQUENCY,HIGH_LOAD,HIGH,HIGH,1,1,1,ANOMALY,true,-0.220886,0.721
2026-09-08T17:34:43.634Z,POLAR-001,2026-09-08T17:34:43.634Z,NORMAL,-13.63,-7.99,24.01,621.5,-0.72,0.67,-1.25,-102,153,92,32,8.14,35.61,95,2,-60.022175,20.021714,3.683,137.1,76.43,HIGH_FREQUENCY,HIGH_LOAD,HIGH,HIGH,1,1,1,ANOMALY,true,-0.220886,0.721
2026-09-08T17:34:48.641Z,POLAR-001,2026-09-08T17:34:48.641Z,NORMAL,-13.63,-7.99,24.01,621.5,-0.72,0.67,-1.25,-102,153,92,32,8.14,35.61,95,2,-60.022328,20.021999,3.706,137.1,76.34,HIGH_FREQUENCY,HIGH_LOAD,HIGH,HIGH,1,1,1,ANOMALY,true,-0.220886,0.721
2026-09-08T17:34:53.634Z,POLAR-001,2026-09-08T17:34:53.634Z,NORMAL,-13.63,-7.99,24.01,621.5,-0.72,0.67,-1.25,-102,153,92,32,8.14,35.61,95,2,-60.022482,20.022285,3.73,137.1,76.25,HIGH_FREQUENCY,HIGH_LOAD,HIGH,HIGH,1,1,1,ANOMALY,true,-0.220886,0.721
2026-09-08T17:34:58.640Z,POLAR-001,2026-09-08T17:34:58.640Z,NORMAL,-13.63,-7.99,24.01,621.5,-0.72,0.67,-1.25,-102,153,92,32,8.14,35.61,95,2,-60.022635,20.02257,3.753,137.1,76.16,HIGH_FREQUENCY,HIGH_LOAD,HIGH,HIGH,1,1,1,ANOMALY,true,-0.220886,0.721
2026-09-08T17:35:03.640Z,POLAR-001,2026-09-08T17:35:03.640Z,NORMAL,-13.63,-7.99,24.01,621.5,-0.72,0.67,-1.25,-102,153,92,32,8.14,35.61,95,2,-60.022789,20.022855,3.776,137.1,76.07,HIGH_FREQUENCY,HIGH_LOAD,HIGH,HIGH,1,1,1,ANOMALY,true,-0.220886,0.721
2026-09-08T17:35:08.647Z,POLAR-001,2026-09-08T17:35:08.647Z,NORMAL,-13.63,-7.99,24.01,621.5,-0.72,0.67,-1.25,-102,153,92,32,8.14,35.61,95,2,-60.022942,20.023141,3.799,137.1,75.98,HIGH_FREQUENCY,HIGH_LOAD,HIGH,HIGH,1,1,1,ANOMALY,true,-0.220886,0.721
2026-09-08T17:35:13.648Z,POLAR-001,2026-09-08T17:35:13.648Z,NORMAL,-13.63,-7.99,24.01,621.5,-0.72,0.67,-1.25,-102,153,92,32,8.14,35.61,95,2,-60.023096,20.023426,3.823,137.1,75.89,HIGH_FREQUENCY,HIGH_LOAD,HIGH,HIGH,1,1,1,ANOMALY,true,-0.220886,0.721
2026-09-08T17:35:18.651Z,POLAR-001,2026-09-08T17:35:18.651Z,NORMAL,-13.63,-7.99,24.01,621.5,-0.72,0.67,-1.25,-102,153,92,32,8.14,35.61,95,2,-60.023249,20.023712,3.846,137.1,75.8,HIGH_FREQUENCY,HIGH_LOAD,HIGH,HIGH,1,1,1,ANOMALY,true,-0.220886,0.721
2026-09-08T17:35:23.652Z,POLAR-001,2026-09-08T17:35:23.652Z,NORMAL,-13.63,-7.99,24.01,621.5,-0.72,0.67,-1.25,-102,153,92,32,8.14,35.61,95,2,-60.023403,20.023997,3.869,137.1,75.71,HIGH_FREQUENCY,HIGH_LOAD,HIGH,HIGH,1,1,1,ANOMALY,true,-0.220886,0.721
2026-09-08T17:35:28.663Z,POLAR-001,2026-09-08T17:35:28.663Z,NORMAL,-13.63,-7.99,24.01,621.5,-0.72,0.67,-1.25,-102,153,92,32,8.14,35.61,95,2,-60.023556,20.024283,3.892,137.1,75.62,HIGH_FREQUENCY,HIGH_LOAD,HIGH,HIGH,1,1,1,ANOMALY,true,-0.220886,0.721
2026-09-08T17:35:33.669Z,POLAR-001,2026-09-08T17:35:33.669Z,NORMAL,-13.63,-7.99,24.01,621.5,-0.72,0.67,-1.25,-102,153,92,32,8.14,35.61,95,2,-60.02371,20.024568,3.916,137.1,75.53,HIGH_FREQUENCY,HIGH_LOAD,HIGH,HIGH,1,1,1,ANOMALY,true,-0.220886,0.721
2026-09-08T17:35:38.679Z,POLAR-001,2026-09-08T17:35:38.679Z,NORMAL,-13.63,-7.99,24.01,621.5,-0.72,0.67,-1.25,-102,153,92,32,8.14,35.61,95,2,-60.023863,20.024854,3.939,137.1,75.44,HIGH_FREQUENCY,HIGH_LOAD,HIGH,HIGH,1,1,1,ANOMALY,true,-0.220886,0.721
2026-09-08T17:35:43.681Z,POLAR-001,2026-09-08T17:35:43.681Z,NORMAL,-13.63,-7.99,24.01,621.5,-0.72,0.67,-1.25,-102,153,92,32,8.14,35.61,95,2,-60.024016,20.025139,3.962,137.1,75.35,HIGH_FREQUENCY,HIGH_LOAD,HIGH,HIGH,1,1,1,ANOMALY,true,-0.220886,0.721
2026-09-08T17:35:48.695Z,POLAR-001,2026-09-08T17:35:48.695Z,NORMAL,-13.63,-7.99,24.01,621.5,-0.72,0.67,-1.25,-102,153,92,32,8.14,35.61,95,2,-60.02417,20.025424,3.985,137.1,75.26,HIGH_FREQUENCY,HIGH_LOAD,HIGH,HIGH,1,1,1,ANOMALY,true,-0.220886,0.721
2026-09-08T17:35:53.709Z,POLAR-001,2026-09-08T17:35:53.709Z,NORMAL,-13.63,-7.99,24.01,621.5,-0.72,0.67,-1.25,-102,153,92,32,8.14,35.61,95,2,-60.024323,20.02571,4.009,137.1,75.17,HIGH_FREQUENCY,HIGH_LOAD,HIGH,HIGH,1,1,1,ANOMALY,true,-0.220886,0.721
2026-09-08T17:35:58.723Z,POLAR-001,2026-09-08T17:35:58.723Z,NORMAL,-13.63,-7.99,24.01,621.5,-0.72,0.67,-1.25,-102,153,92,32,8.14,35.61,95,2,-60.024477,20.025995,4.032,137.1,75.08,HIGH_FREQUENCY,HIGH_LOAD,HIGH,HIGH,1,1,1,ANOMALY,true,-0.220886,0.721
2026-09-08T17:36:03.735Z,POLAR-001,2026-09-08T17:36:03.735Z,NORMAL,-13.63,-7.99,24.01,621.5,-0.72,0.67,-1.25,-102,153,92,32,8.14,35.61,95,2,-60.02463,20.026281,4.055,137.1,74.99,HIGH_FREQUENCY,HIGH_LOAD,HIGH,HIGH,1,1,1,ANOMALY,true,-0.220886,0.721
2026-09-08T17:36:08.748Z,POLAR-001,2026-09-08T17:36:08.748Z,NORMAL,-13.63,-7.99,24.01,621.5,-0.72,0.67,-1.25,-102,153,92,32,8.14,35.61,95,2,-60.024784,20.026566,4.078,137.1,74.9,HIGH_FREQUENCY,HIGH_LOAD,HIGH,HIGH,1,1,1,ANOMALY,true,-0.220886,0.721
2026-09-08T17:36:13.753Z,POLAR-001,2026-09-08T17:36:13.753Z,NORMAL,-13.63,-7.99,24.01,621.5,-0.72,0.67,-1.25,-102,153,92,32,8.14,35.61,95,2,-60.024937,20.026852,4.102,137.1,74.81,HIGH_FREQUENCY,HIGH_LOAD,HIGH,HIGH,1,1,1,ANOMALY,true,-0.220886,0.721
2026-09-08T17:36:18.764Z,POLAR-001,2026-09-08T17:36:18.764Z,NORMAL,-13.63,-7.99,24.01,621.5,-0.72,0.67,-1.25,-102,153,92,32,8.14,35.61,95,2,-60.025091,20.027137,4.125,137.1,74.72,HIGH_FREQUENCY,HIGH_LOAD,HIGH,HIGH,1,1,1,ANOMALY,true,-0.220886,0.721
2026-09-08T17:36:23.773Z,POLAR-001,2026-09-08T17:36:23.773Z,NORMAL,-13.63,-7.99,24.01,621.5,-0.72,0.67,-1.25,-102,153,92,32,8.14,35.61,95,2,-60.025244,20.027423,4.148,137.1,74.63,HIGH_FREQUENCY,HIGH_LOAD,HIGH,HIGH,1,1,1,ANOMALY,true,-0.220886,0.721
2026-09-08T17:36:28.784Z,POLAR-001,2026-09-08T17:36:28.784Z,NORMAL,-13.63,-7.99,24.01,621.5,-0.72,0.67,-1.25,-102,153,92,32,8.14,35.61,95,2,-60.025398,20.027708,4.171,137.1,74.54,HIGH_FREQUENCY,HIGH_LOAD,HIGH,HIGH,1,1,1,ANOMALY,true,-0.220886,0.721
2026-09-08T17:36:33.794Z,POLAR-001,2026-09-08T17:36:33.794Z,NORMAL,-13.63,-7.99,24.01,621.5,-0.72,0.67,-1.25,-102,153,92,32,8.14,35.61,95,2,-60.025551,20.027993,4.195,137.1,74.45,HIGH_FREQUENCY,HIGH_LOAD,HIGH,HIGH,1,1,1,ANOMALY,true,-0.220886,0.721
2026-09-08T17:36:38.804Z,POLAR-001,2026-09-08T17:36:38.804Z,NORMAL,-13.63,-7.99,24.01,621.5,-0.72,0.67,-1.25,-102,153,92,32,8.14,35.61,95,2,-60.025705,20.028279,4.218,137.1,74.36,HIGH_FREQUENCY,HIGH_LOAD,HIGH,HIGH,1,1,1,ANOMALY,true,-0.220886,0.721
2026-09-08T17:36:43.805Z,POLAR-001,2026-09-08T17:36:43.805Z,NORMAL,-13.63,-7.99,24.01,621.5,-0.72,0.67,-1.25,-102,153,92,32,8.14,35.61,95,2,-60.025858,20.028564,4.241,137.1,74.27,HIGH_FREQUENCY,HIGH_LOAD,HIGH,HIGH,1,1,1,ANOMALY,true,-0.220886,0.721
2026-09-08T17:36:48.809Z,POLAR-001,2026-09-08T17:36:48.809Z,NORMAL,-13.63,-7.99,24.01,621.5,-0.72,0.67,-1.25,-102,153,92,32,8.14,35.61,95,2,-60.026012,20.02885,4.264,137.1,74.18,HIGH_FREQUENCY,HIGH_LOAD,HIGH,HIGH,1,1,1,ANOMALY,true,-0.220886,0.721
2026-09-08T17:36:53.814Z,POLAR-001,2026-09-08T17:36:53.814Z,NORMAL,-13.63,-7.99,24.01,621.5,-0.72,0.67,-1.25,-102,153,92,32,8.14,35.61,95,2,-60.026165,20.029135,4.288,137.1,74.09,HIGH_FREQUENCY,HIGH_LOAD,HIGH,HIGH,1,1,1,ANOMALY,true,-0.220886,0.721
2026-09-08T17:36:58.816Z,POLAR-001,2026-09-08T17:36:58.816Z,NORMAL,-13.63,-7.99,24.01,621.5,-0.72,0.67,-1.25,-102,153,92,32,8.14,35.61,95,2,-60.026319,20.029421,4.311,137.1,74,HIGH_FREQUENCY,HIGH_LOAD,HIGH,HIGH,1,1,1,ANOMALY,true,-0.220886,0.721
2026-09-08T17:37:03.827Z,POLAR-001,2026-09-08T17:37:03.827Z,NORMAL,-13.63,-7.99,24.01,621.5,-0.72,0.67,-1.25,-102,153,92,32,8.14,35.61,95,2,-60.026472,20.029706,4.334,137.1,73.91,HIGH_FREQUENCY,HIGH_LOAD,HIGH,HIGH,1,1,1,ANOMALY,true,-0.220886,0.721
2026-09-08T17:37:08.841Z,POLAR-001,2026-09-08T17:37:08.841Z,NORMAL,-13.63,-7.99,24.01,621.5,-0.72,0.67,-1.25,-102,153,92,32,8.14,35.61,95,2,-60.026626,20.029992,4.357,137.1,73.82,HIGH_FREQUENCY,HIGH_LOAD,HIGH,HIGH,1,1,1,ANOMALY,true,-0.220886,0.721
2026-09-08T17:37:13.844Z,POLAR-001,2026-09-08T17:37:13.844Z,NORMAL,-13.63,-7.99,24.01,621.5,-0.72,0.67,-1.25,-102,153,92,32,8.14,35.61,95,2,-60.026779,20.030277,4.381,137.1,73.73,HIGH_FREQUENCY,HIGH_LOAD,HIGH,HIGH,1,1,1,ANOMALY,true,-0.220886,0.721
2026-09-08T17:37:18.852Z,POLAR-001,2026-09-08T17:37:18.852Z,NORMAL,-13.63,-7.99,24.01,621.5,-0.72,0.67,-1.25,-102,153,92,32,8.14,35.61,95,2,-60.026933,20.030563,4.404,137.1,73.64,HIGH_FREQUENCY,HIGH_LOAD,HIGH,HIGH,1,1,1,ANOMALY,true,-0.220886,0.721
2026-09-08T17:37:23.863Z,POLAR-001,2026-09-08T17:37:23.863Z,NORMAL,-13.63,-7.99,24.01,621.5,-0.72,0.67,-1.25,-102,153,92,32,8.14,35.61,95,2,-60.027086,20.030848,4.427,137.1,73.55,HIGH_FREQUENCY,HIGH_LOAD,HIGH,HIGH,1,1,1,ANOMALY,true,-0.220886,0.721
2026-09-08T17:37:28.873Z,POLAR-001,2026-09-08T17:37:28.873Z,NORMAL,-13.63,-7.99,24.01,621.5,-0.72,0.67,-1.25,-102,153,92,32,8.14,35.61,95,2,-60.027239,20.031134,4.45,137.1,73.46,HIGH_FREQUENCY,HIGH_LOAD,HIGH,HIGH,1,1,1,ANOMALY,true,-0.220886,0.721
2026-09-08T17:37:33.876Z,POLAR-001,2026-09-08T17:37:33.876Z,NORMAL,-13.63,-7.99,24.01,621.5,-0.72,0.67,-1.25,-102,153,92,32,8.14,35.61,95,2,-60.027393,20.031419,4.474,137.1,73.37,HIGH_FREQUENCY,HIGH_LOAD,HIGH,HIGH,1,1,1,ANOMALY,true,-0.220886,0.721
2026-09-08T17:37:38.883Z,POLAR-001,2026-09-08T17:37:38.883Z,NORMAL,-13.63,-7.99,24.01,621.5,-0.72,0.67,-1.25,-102,153,92,32,8.14,35.61,95,2,-60.027546,20.031705,4.497,137.1,73.28,HIGH_FREQUENCY,HIGH_LOAD,HIGH,HIGH,1,1,1,ANOMALY,true,-0.220886,0.721
2026-09-08T17:37:43.889Z,POLAR-001,2026-09-08T17:37:43.889Z,NORMAL,-13.63,-7.99,24.01,621.5,-0.72,0.67,-1.25,-102,153,92,32,8.14,35.61,95,2,-60.0277,20.03199,4.52,137.1,73.19,HIGH_FREQUENCY,HIGH_LOAD,HIGH,HIGH,1,1,1,ANOMALY,true,-0.220886,0.721
2026-09-08T17:37:48.894Z,POLAR-001,2026-09-08T17:37:48.894Z,NORMAL,-13.63,-7.99,24.01,621.5,-0.72,0.67,-1.25,-102,153,92,32,8.14,35.61,95,2,-60.027853,20.032276,4.544,137.1,73.1,HIGH_FREQUENCY,HIGH_LOAD,HIGH,HIGH,1,1,1,ANOMALY,true,-0.220886,0.721
2026-09-08T17:37:53.896Z,POLAR-001,2026-09-08T17:37:53.896Z,NORMAL,-13.63,-7.99,24.01,621.5,-0.72,0.67,-1.25,-102,153,92,32,8.14,35.61,95,2,-60.028007,20.032561,4.567,137.1,73.01,HIGH_FREQUENCY,HIGH_LOAD,HIGH,HIGH,1,1,1,ANOMALY,true,-0.220886,0.721
2026-09-08T17:37:58.902Z,POLAR-001,2026-09-08T17:37:58.902Z,NORMAL,-13.63,-7.99,24.01,621.5,-0.72,0.67,-1.25,-102,153,92,32,8.14,35.61,95,2,-60.02816,20.032847,4.59,137.1,72.92,HIGH_FREQUENCY,HIGH_LOAD,HIGH,HIGH,1,1,1,ANOMALY,true,-0.220886,0.721
2026-09-08T17:38:03.903Z,POLAR-001,2026-09-08T17:38:03.903Z,NORMAL,-13.63,-7.99,24.01,621.5,-0.72,0.67,-1.25,-102,153,92,32,8.14,35.61,95,2,-60.028314,20.033132,4.613,137.1,72.83,HIGH_FREQUENCY,HIGH_LOAD,HIGH,HIGH,1,1,1,ANOMALY,true,-0.220886,0.721
2026-09-08T17:38:08.903Z,POLAR-001,2026-09-08T17:38:08.903Z,NORMAL,-13.63,-7.99,24.01,621.5,-0.72,0.67,-1.25,-102,153,92,32,8.14,35.61,95,2,-60.028467,20.033417,4.637,137.1,72.74,HIGH_FREQUENCY,HIGH_LOAD,HIGH,HIGH,1,1,1,ANOMALY,true,-0.220886,0.721
2026-09-08T17:38:13.904Z,POLAR-001,2026-09-08T17:38:13.904Z,NORMAL,-13.63,-7.99,24.01,621.5,-0.72,0.67,-1.25,-102,153,92,32,8.14,35.61,95,2,-60.028621,20.033703,4.66,137.1,72.65,HIGH_FREQUENCY,HIGH_LOAD,HIGH,HIGH,1,1,1,ANOMALY,true,-0.220886,0.721
2026-09-08T17:38:18.916Z,POLAR-001,2026-09-08T17:38:18.916Z,NORMAL,-13.63,-7.99,24.01,621.5,-0.72,0.67,-1.25,-102,153,92,32,8.14,35.61,95,2,-60.028774,20.033988,4.683,137.1,72.56,HIGH_FREQUENCY,HIGH_LOAD,HIGH,HIGH,1,1,1,ANOMALY,true,-0.220886,0.721
2026-09-08T17:38:23.919Z,POLAR-001,2026-09-08T17:38:23.919Z,NORMAL,-13.63,-7.99,24.01,621.5,-0.72,0.67,-1.25,-102,153,92,32,8.14,35.61,95,2,-60.028928,20.034274,4.706,137.1,72.47,HIGH_FREQUENCY,HIGH_LOAD,HIGH,HIGH,1,1,1,ANOMALY,true,-0.220886,0.721
2026-09-08T17:38:28.932Z,POLAR-001,2026-09-08T17:38:28.932Z,NORMAL,-13.63,-7.99,24.01,621.5,-0.72,0.67,-1.25,-102,153,92,32,8.14,35.61,95,2,-60.029081,20.034559,4.73,137.1,72.38,HIGH_FREQUENCY,HIGH_LOAD,HIGH,HIGH,1,1,1,ANOMALY,true,-0.220886,0.721
2026-09-08T17:38:33.938Z,POLAR-001,2026-09-08T17:38:33.938Z,NORMAL,-13.63,-7.99,24.01,621.5,-0.72,0.67,-1.25,-102,153,92,32,8.14,35.61,95,2,-60.029235,20.034845,4.753,137.1,72.29,HIGH_FREQUENCY,HIGH_LOAD,HIGH,HIGH,1,1,1,ANOMALY,true,-0.220886,0.721
2026-09-08T17:38:38.944Z,POLAR-001,2026-09-08T17:38:38.944Z,NORMAL,-13.63,-7.99,24.01,621.5,-0.72,0.67,-1.25,-102,153,92,32,8.14,35.61,95,2,-60.029388,20.03513,4.776,137.1,72.2,HIGH_FREQUENCY,HIGH_LOAD,HIGH,HIGH,1,1,1,ANOMALY,true,-0.220886,0.721
2026-09-08T17:38:43.952Z,POLAR-001,2026-09-08T17:38:43.952Z,NORMAL,-13.63,-7.99,24.01,621.5,-0.72,0.67,-1.25,-102,153,92,32,8.14,35.61,95,2,-60.029542,20.035416,4.799,137.1,72.11,HIGH_FREQUENCY,HIGH_LOAD,HIGH,HIGH,1,1,1,ANOMALY,true,-0.220886,0.721
2026-09-08T17:38:48.957Z,POLAR-001,2026-09-08T17:38:48.957Z,NORMAL,-13.63,-7.99,24.01,621.5,-0.72,0.67,-1.25,-102,153,92,32,8.14,35.61,95,2,-60.029695,20.035701,4.823,137.1,72.02,HIGH_FREQUENCY,HIGH_LOAD,HIGH,HIGH,1,1,1,ANOMALY,true,-0.220886,0.721
2026-09-08T17:38:53.964Z,POLAR-001,2026-09-08T17:38:53.964Z,NORMAL,-13.63,-7.99,24.01,621.5,-0.72,0.67,-1.25,-102,153,92,32,8.14,35.61,95,2,-60.029849,20.035987,4.846,137.1,71.93,HIGH_FREQUENCY,HIGH_LOAD,HIGH,HIGH,1,1,1,ANOMALY,true,-0.220886,0.721
2026-09-08T17:38:58.976Z,POLAR-001,2026-09-08T17:38:58.976Z,NORMAL,-13.63,-7.99,24.01,621.5,-0.72,0.67,-1.25,-102,153,92,32,8.14,35.61,95,2,-60.030002,20.036272,4.869,137.1,71.84,HIGH_FREQUENCY,HIGH_LOAD,HIGH,HIGH,1,1,1,ANOMALY,true,-0.220886,0.721
2026-09-08T17:39:03.987Z,POLAR-001,2026-09-08T17:39:03.987Z,NORMAL,-13.63,-7.99,24.01,621.5,-0.72,0.67,-1.25,-102,153,92,32,8.14,35.61,95,2,-60.030156,20.036558,4.892,137.1,71.75,HIGH_FREQUENCY,HIGH_LOAD,HIGH,HIGH,1,1,1,ANOMALY,true,-0.220886,0.721
2026-09-08T17:39:09.001Z,POLAR-001,2026-09-08T17:39:09.001Z,NORMAL,-13.63,-7.99,24.01,621.5,-0.72,0.67,-1.25,-102,153,92,32,8.14,35.61,95,2,-60.030309,20.036843,4.916,137.1,71.66,HIGH_FREQUENCY,HIGH_LOAD,HIGH,HIGH,1,1,1,ANOMALY,true,-0.220886,0.721
2026-09-08T17:39:14.012Z,POLAR-001,2026-09-08T17:39:14.012Z,NORMAL,-13.63,-7.99,24.01,621.5,-0.72,0.67,-1.25,-102,153,92,32,8.14,35.61,95,2,-60.030463,20.037129,4.939,137.1,71.57,HIGH_FREQUENCY,HIGH_LOAD,HIGH,HIGH,1,1,1,ANOMALY,true,-0.220886,0.721
2026-09-08T17:39:19.012Z,POLAR-001,2026-09-08T17:39:19.012Z,NORMAL,-13.63,-7.99,24.01,621.5,-0.72,0.67,-1.25,-102,153,92,32,8.14,35.61,95,2,-60.030616,20.037414,4.962,137.1,71.48,HIGH_FREQUENCY,HIGH_LOAD,HIGH,HIGH,1,1,1,ANOMALY,true,-0.220886,0.721
2026-09-08T17:39:24.019Z,POLAR-001,2026-09-08T17:39:24.020Z,NORMAL,-13.63,-7.99,24.01,621.5,-0.72,0.67,-1.25,-102,153,92,32,8.14,35.61,95,2,-60.030769,20.0377,4.985,137.1,71.39,HIGH_FREQUENCY,HIGH_LOAD,HIGH,HIGH,1,1,1,ANOMALY,true,-0.220886,0.721
2026-09-08T17:39:29.023Z,POLAR-001,2026-09-08T17:39:29.023Z,NORMAL,-13.63,-7.99,24.01,621.5,-0.72,0.67,-1.25,-102,153,92,32,8.14,35.61,95,2,-60.030923,20.037985,5.009,137.1,71.3,HIGH_FREQUENCY,HIGH_LOAD,HIGH,HIGH,1,1,1,ANOMALY,true,-0.220886,0.721
2026-09-08T17:39:34.031Z,POLAR-001,2026-09-08T17:39:34.031Z,NORMAL,-13.63,-7.99,24.01,621.5,-0.72,0.67,-1.25,-102,153,92,32,8.14,35.61,95,2,-60.031076,20.038271,5.032,137.1,71.21,HIGH_FREQUENCY,HIGH_LOAD,HIGH,HIGH,1,1,1,ANOMALY,true,-0.220886,0.721
2026-09-08T17:39:39.032Z,POLAR-001,2026-09-08T17:39:39.032Z,NORMAL,-13.63,-7.99,24.01,621.5,-0.72,0.67,-1.25,-102,153,92,32,8.14,35.61,95,2,-60.03123,20.038556,5.055,137.1,71.12,HIGH_FREQUENCY,HIGH_LOAD,HIGH,HIGH,1,1,1,ANOMALY,true,-0.220886,0.721
2026-09-08T17:39:44.046Z,POLAR-001,2026-09-08T17:39:44.046Z,NORMAL,-13.63,-7.99,24.01,621.5,-0.72,0.67,-1.25,-102,153,92,32,8.14,35.61,95,2,-60.031383,20.038842,5.078,137.1,71.03,HIGH_FREQUENCY,HIGH_LOAD,HIGH,HIGH,1,1,1,ANOMALY,true,-0.220886,0.721
2026-09-08T17:39:49.059Z,POLAR-001,2026-09-08T17:39:49.059Z,NORMAL,-13.63,-7.99,24.01,621.5,-0.72,0.67,-1.25,-102,153,92,32,8.14,35.61,95,2,-60.031537,20.039127,5.102,137.1,70.94,HIGH_FREQUENCY,HIGH_LOAD,HIGH,HIGH,1,1,1,ANOMALY,true,-0.220886,0.721
2026-09-08T17:39:54.054Z,POLAR-001,2026-09-08T17:39:54.054Z,NORMAL,-13.63,-7.99,24.01,621.5,-0.72,0.67,-1.25,-102,153,92,32,8.14,35.61,95,2,-60.03169,20.039413,5.125,137.1,70.85,HIGH_FREQUENCY,HIGH_LOAD,HIGH,HIGH,1,1,1,ANOMALY,true,-0.220886,0.721
2026-09-08T17:39:59.056Z,POLAR-001,2026-09-08T17:39:59.056Z,NORMAL,-13.63,-7.99,24.01,621.5,-0.72,0.67,-1.25,-102,153,92,32,8.14,35.61,95,2,-60.031844,20.039698,5.148,137.1,70.76,HIGH_FREQUENCY,HIGH_LOAD,HIGH,HIGH,1,1,1,ANOMALY,true,-0.220886,0.721
2026-09-08T17:40:04.062Z,POLAR-001,2026-09-08T17:40:04.062Z,NORMAL,-13.63,-7.99,24.01,621.5,-0.72,0.67,-1.25,-102,153,92,32,8.14,35.61,95,2,-60.031997,20.039984,5.171,137.1,70.67,HIGH_FREQUENCY,HIGH_LOAD,HIGH,HIGH,1,1,1,ANOMALY,true,-0.220886,0.721
2026-09-08T17:40:09.074Z,POLAR-001,2026-09-08T17:40:09.074Z,NORMAL,-13.63,-7.99,24.01,621.5,-0.72,0.67,-1.25,-102,153,92,32,8.14,35.61,95,2,-60.032151,20.04027,5.195,137.1,70.58,HIGH_FREQUENCY,HIGH_LOAD,HIGH,HIGH,1,1,1,ANOMALY,true,-0.220886,0.721
2026-09-08T17:40:14.083Z,POLAR-001,2026-09-08T17:40:14.083Z,NORMAL,-13.63,-7.99,24.01,621.5,-0.72,0.67,-1.25,-102,153,92,32,8.14,35.61,95,2,-60.032304,20.040555,5.218,137.1,70.49,HIGH_FREQUENCY,HIGH_LOAD,HIGH,HIGH,1,1,1,ANOMALY,true,-0.220886,0.721
2026-09-08T17:40:19.087Z,POLAR-001,2026-09-08T17:40:19.087Z,NORMAL,-13.63,-7.99,24.01,621.5,-0.72,0.67,-1.25,-102,153,92,32,8.14,35.61,95,2,-60.032458,20.040841,5.241,137.1,70.4,HIGH_FREQUENCY,HIGH_LOAD,HIGH,HIGH,1,1,1,ANOMALY,true,-0.220886,0.721
2026-09-08T17:40:24.088Z,POLAR-001,2026-09-08T17:40:24.088Z,NORMAL,-13.63,-7.99,24.01,621.5,-0.72,0.67,-1.25,-102,153,92,32,8.14,35.61,95,2,-60.032611,20.041126,5.264,137.1,70.31,HIGH_FREQUENCY,HIGH_LOAD,HIGH,HIGH,1,1,1,ANOMALY,true,-0.220886,0.721
2026-09-08T17:40:29.095Z,POLAR-001,2026-09-08T17:40:29.095Z,NORMAL,-13.63,-7.99,24.01,621.5,-0.72,0.67,-1.25,-102,153,92,32,8.14,35.61,95,2,-60.032765,20.041412,5.288,137.1,70.22,HIGH_FREQUENCY,HIGH_LOAD,HIGH,HIGH,1,1,1,ANOMALY,true,-0.220886,0.721
2026-09-08T17:40:34.110Z,POLAR-001,2026-09-08T17:40:34.110Z,NORMAL,-13.63,-7.99,24.01,621.5,-0.72,0.67,-1.25,-102,153,92,32,8.14,35.61,95,2,-60.032918,20.041697,5.311,137.1,70.13,HIGH_FREQUENCY,HIGH_LOAD,HIGH,HIGH,1,1,1,ANOMALY,true,-0.220886,0.721
2026-09-08T17:40:39.120Z,POLAR-001,2026-09-08T17:40:39.120Z,NORMAL,-13.63,-7.99,24.01,621.5,-0.72,0.67,-1.25,-102,153,92,32,8.14,35.61,95,2,-60.033072,20.041983,5.334,137.1,70.04,HIGH_FREQUENCY,HIGH_LOAD,HIGH,HIGH,1,1,1,ANOMALY,true,-0.220886,0.721
2026-09-08T17:40:44.131Z,POLAR-001,2026-09-08T17:40:44.131Z,NORMAL,-13.63,-7.99,24.01,621.5,-0.72,0.67,-1.25,-102,153,92,32,8.14,35.61,95,2,-60.033225,20.042268,5.357,137.1,69.95,HIGH_FREQUENCY,HIGH_LOAD,HIGH,HIGH,1,1,1,ANOMALY,true,-0.220886,0.721
2026-09-08T17:40:49.132Z,POLAR-001,2026-09-08T17:40:49.132Z,NORMAL,-13.63,-7.99,24.01,621.5,-0.72,0.67,-1.25,-102,153,92,32,8.14,35.61,95,2,-60.033379,20.042554,5.381,137.1,69.86,HIGH_FREQUENCY,HIGH_LOAD,HIGH,HIGH,1,1,1,ANOMALY,true,-0.220886,0.721
2026-09-08T17:40:54.147Z,POLAR-001,2026-09-08T17:40:54.147Z,NORMAL,-13.63,-7.99,24.01,621.5,-0.72,0.67,-1.25,-102,153,92,32,8.14,35.61,95,2,-60.033532,20.042839,5.404,137.1,69.77,HIGH_FREQUENCY,HIGH_LOAD,HIGH,HIGH,1,1,1,ANOMALY,true,-0.220886,0.721
2026-09-08T17:40:59.149Z,POLAR-001,2026-09-08T17:40:59.149Z,NORMAL,-13.63,-7.99,24.01,621.5,-0.72,0.67,-1.25,-102,153,92,32,8.14,35.61,95,2,-60.033686,20.043125,5.427,137.1,69.68,HIGH_FREQUENCY,HIGH_LOAD,HIGH,HIGH,1,1,1,ANOMALY,true,-0.220886,0.721
2026-09-08T17:41:04.162Z,POLAR-001,2026-09-08T17:41:04.162Z,NORMAL,-13.63,-7.99,24.01,621.5,-0.72,0.67,-1.25,-102,153,92,32,8.14,35.61,95,2,-60.033839,20.04341,5.45,137.1,69.59,HIGH_FREQUENCY,HIGH_LOAD,HIGH,HIGH,1,1,1,ANOMALY,true,-0.220886,0.721
2026-09-08T17:41:09.174Z,POLAR-001,2026-09-08T17:41:09.174Z,NORMAL,-13.63,-7.99,24.01,621.5,-0.72,0.67,-1.25,-102,153,92,32,8.14,35.61,95,2,-60.033993,20.043696,5.474,137.1,69.5,HIGH_FREQUENCY,HIGH_LOAD,HIGH,HIGH,1,1,1,ANOMALY,true,-0.220886,0.721
2026-09-08T17:41:14.185Z,POLAR-001,2026-09-08T17:41:14.185Z,NORMAL,-13.63,-7.99,24.01,621.5,-0.72,0.67,-1.25,-102,153,92,32,8.14,35.61,95,2,-60.034146,20.043981,5.497,137.1,69.41,HIGH_FREQUENCY,HIGH_LOAD,HIGH,HIGH,1,1,1,ANOMALY,true,-0.220886,0.721
2026-09-08T17:41:19.187Z,POLAR-001,2026-09-08T17:41:19.187Z,NORMAL,-13.63,-7.99,24.01,621.5,-0.72,0.67,-1.25,-102,153,92,32,8.14,35.61,95,2,-60.034299,20.044267,5.52,137.1,69.32,HIGH_FREQUENCY,HIGH_LOAD,HIGH,HIGH,1,1,1,ANOMALY,true,-0.220886,0.721
2026-09-08T17:41:24.188Z,POLAR-001,2026-09-08T17:41:24.188Z,NORMAL,-13.63,-7.99,24.01,621.5,-0.72,0.67,-1.25,-102,153,92,32,8.14,35.61,95,2,-60.034453,20.044552,5.544,137.1,69.23,HIGH_FREQUENCY,HIGH_LOAD,HIGH,HIGH,1,1,1,ANOMALY,true,-0.220886,0.721
2026-09-08T17:41:29.191Z,POLAR-001,2026-09-08T17:41:29.191Z,NORMAL,-13.63,-7.99,24.01,621.5,-0.72,0.67,-1.25,-102,153,92,32,8.14,35.61,95,2,-60.034606,20.044838,5.567,137.1,69.14,HIGH_FREQUENCY,HIGH_LOAD,HIGH,HIGH,1,1,1,ANOMALY,true,-0.220886,0.721
2026-09-08T17:41:34.193Z,POLAR-001,2026-09-08T17:41:34.193Z,NORMAL,-13.63,-7.99,24.01,621.5,-0.72,0.67,-1.25,-102,153,92,32,8.14,35.61,95,2,-60.03476,20.045123,5.59,137.1,69.05,HIGH_FREQUENCY,HIGH_LOAD,HIGH,HIGH,1,1,1,ANOMALY,true,-0.220886,0.721
2026-09-08T17:41:39.193Z,POLAR-001,2026-09-08T17:41:39.193Z,NORMAL,-13.63,-7.99,24.01,621.5,-0.72,0.67,-1.25,-102,153,92,32,8.14,35.61,95,2,-60.034913,20.045409,5.613,137.1,68.96,HIGH_FREQUENCY,HIGH_LOAD,HIGH,HIGH,1,1,1,ANOMALY,true,-0.220886,0.721
2026-09-08T17:41:44.198Z,POLAR-001,2026-09-08T17:41:44.198Z,NORMAL,-13.63,-7.99,24.01,621.5,-0.72,0.67,-1.25,-102,153,92,32,8.14,35.61,95,2,-60.035067,20.045695,5.637,137.1,68.87,HIGH_FREQUENCY,HIGH_LOAD,HIGH,HIGH,1,1,1,ANOMALY,true,-0.220886,0.721
2026-09-08T17:41:49.202Z,POLAR-001,2026-09-08T17:41:49.202Z,NORMAL,-13.63,-7.99,24.01,621.5,-0.72,0.67,-1.25,-102,153,92,32,8.14,35.61,95,2,-60.03522,20.04598,5.66,137.1,68.78,HIGH_FREQUENCY,HIGH_LOAD,HIGH,HIGH,1,1,1,ANOMALY,true,-0.220886,0.721
2026-09-08T17:41:54.203Z,POLAR-001,2026-09-08T17:41:54.203Z,NORMAL,-13.63,-7.99,24.01,621.5,-0.72,0.67,-1.25,-102,153,92,32,8.14,35.61,95,2,-60.035374,20.046266,5.683,137.1,68.69,HIGH_FREQUENCY,HIGH_LOAD,HIGH,HIGH,1,1,1,ANOMALY,true,-0.220886,0.721
2026-09-08T17:41:59.211Z,POLAR-001,2026-09-08T17:41:59.211Z,NORMAL,-13.63,-7.99,24.01,621.5,-0.72,0.67,-1.25,-102,153,92,32,8.14,35.61,95,2,-60.035527,20.046551,5.706,137.1,68.6,HIGH_FREQUENCY,HIGH_LOAD,HIGH,HIGH,1,1,1,ANOMALY,true,-0.220886,0.721
2026-09-08T17:42:04.214Z,POLAR-001,2026-09-08T17:42:04.214Z,NORMAL,-13.63,-7.99,24.01,621.5,-0.72,0.67,-1.25,-102,153,92,32,8.14,35.61,95,2,-60.035681,20.046837,5.73,137.1,68.51,HIGH_FREQUENCY,HIGH_LOAD,HIGH,HIGH,1,1,1,ANOMALY,true,-0.220886,0.721
2026-09-08T17:42:09.225Z,POLAR-001,2026-09-08T17:42:09.225Z,NORMAL,-13.63,-7.99,24.01,621.5,-0.72,0.67,-1.25,-102,153,92,32,8.14,35.61,95,2,-60.035834,20.047122,5.753,137.1,68.42,HIGH_FREQUENCY,HIGH_LOAD,HIGH,HIGH,1,1,1,ANOMALY,true,-0.220886,0.721
2026-09-08T17:42:14.238Z,POLAR-001,2026-09-08T17:42:14.238Z,NORMAL,-13.63,-7.99,24.01,621.5,-0.72,0.67,-1.25,-102,153,92,32,8.14,35.61,95,2,-60.035988,20.047408,5.776,137.1,68.33,HIGH_FREQUENCY,HIGH_LOAD,HIGH,HIGH,1,1,1,ANOMALY,true,-0.220886,0.721
2026-09-08T17:42:19.250Z,POLAR-001,2026-09-08T17:42:19.251Z,NORMAL,-13.63,-7.99,24.01,621.5,-0.72,0.67,-1.25,-102,153,92,32,8.14,35.61,95,2,-60.036141,20.047693,5.799,137.1,68.24,HIGH_FREQUENCY,HIGH_LOAD,HIGH,HIGH,1,1,1,ANOMALY,true,-0.220886,0.721
2026-09-08T17:42:24.253Z,POLAR-001,2026-09-08T17:42:24.253Z,NORMAL,-13.63,-7.99,24.01,621.5,-0.72,0.67,-1.25,-102,153,92,32,8.14,35.61,95,2,-60.036295,20.047979,5.823,137.1,68.15,HIGH_FREQUENCY,HIGH_LOAD,HIGH,HIGH,1,1,1,ANOMALY,true,-0.220886,0.721
2026-09-08T17:42:29.258Z,POLAR-001,2026-09-08T17:42:29.258Z,NORMAL,-13.63,-7.99,24.01,621.5,-0.72,0.67,-1.25,-102,153,92,32,8.14,35.61,95,2,-60.036448,20.048265,5.846,137.1,68.06,HIGH_FREQUENCY,HIGH_LOAD,HIGH,HIGH,1,1,1,ANOMALY,true,-0.220886,0.721
2026-09-08T17:42:34.259Z,POLAR-001,2026-09-08T17:42:34.259Z,NORMAL,-13.63,-7.99,24.01,621.5,-0.72,0.67,-1.25,-102,153,92,32,8.14,35.61,95,2,-60.036602,20.04855,5.869,137.1,67.97,HIGH_FREQUENCY,HIGH_LOAD,HIGH,HIGH,1,1,1,ANOMALY,true,-0.220886,0.721
2026-09-08T17:42:39.265Z,POLAR-001,2026-09-08T17:42:39.265Z,NORMAL,-13.63,-7.99,24.01,621.5,-0.72,0.67,-1.25,-102,153,92,32,8.14,35.61,95,2,-60.036755,20.048836,5.892,137.1,67.88,HIGH_FREQUENCY,HIGH_LOAD,HIGH,HIGH,1,1,1,ANOMALY,true,-0.220886,0.721
2026-09-08T17:42:44.271Z,POLAR-001,2026-09-08T17:42:44.272Z,NORMAL,-13.63,-7.99,24.01,621.5,-0.72,0.67,-1.25,-102,153,92,32,8.14,35.61,95,2,-60.036909,20.049121,5.916,137.1,67.79,HIGH_FREQUENCY,HIGH_LOAD,HIGH,HIGH,1,1,1,ANOMALY,true,-0.220886,0.721
2026-09-08T17:42:49.277Z,POLAR-001,2026-09-08T17:42:49.277Z,NORMAL,-13.63,-7.99,24.01,621.5,-0.72,0.67,-1.25,-102,153,92,32,8.14,35.61,95,2,-60.037062,20.049407,5.939,137.1,67.7,HIGH_FREQUENCY,HIGH_LOAD,HIGH,HIGH,1,1,1,ANOMALY,true,-0.220886,0.721
2026-09-08T17:42:54.285Z,POLAR-001,2026-09-08T17:42:54.285Z,NORMAL,-13.63,-7.99,24.01,621.5,-0.72,0.67,-1.25,-102,153,92,32,8.14,35.61,95,2,-60.037216,20.049692,5.962,137.1,67.61,HIGH_FREQUENCY,HIGH_LOAD,HIGH,HIGH,1,1,1,ANOMALY,true,-0.220886,0.721
2026-09-08T17:42:59.292Z,POLAR-001,2026-09-08T17:42:59.292Z,NORMAL,-13.63,-7.99,24.01,621.5,-0.72,0.67,-1.25,-102,153,92,32,8.14,35.61,95,2,-60.037369,20.049978,5.985,137.1,67.52,HIGH_FREQUENCY,HIGH_LOAD,HIGH,HIGH,1,1,1,ANOMALY,true,-0.220886,0.721
2026-09-08T17:43:04.295Z,POLAR-001,2026-09-08T17:43:04.295Z,NORMAL,-13.63,-7.99,24.01,621.5,-0.72,0.67,-1.25,-102,153,92,32,8.14,35.61,95,2,-60.037522,20.050263,6.009,137.1,67.43,HIGH_FREQUENCY,HIGH_LOAD,HIGH,HIGH,1,1,1,ANOMALY,true,-0.220886,0.721
2026-09-08T17:43:09.296Z,POLAR-001,2026-09-08T17:43:09.296Z,NORMAL,-13.63,-7.99,24.01,621.5,-0.72,0.67,-1.25,-102,153,92,32,8.14,35.61,95,2,-60.037676,20.050549,6.032,137.1,67.34,HIGH_FREQUENCY,HIGH_LOAD,HIGH,HIGH,1,1,1,ANOMALY,true,-0.220886,0.721
2026-09-08T17:43:14.302Z,POLAR-001,2026-09-08T17:43:14.302Z,NORMAL,-13.63,-7.99,24.01,621.5,-0.72,0.67,-1.25,-102,153,92,32,8.14,35.61,95,2,-60.037829,20.050835,6.055,137.1,67.25,HIGH_FREQUENCY,HIGH_LOAD,HIGH,HIGH,1,1,1,ANOMALY,true,-0.220886,0.721
2026-09-08T17:43:19.313Z,POLAR-001,2026-09-08T17:43:19.313Z,NORMAL,-13.63,-7.99,24.01,621.5,-0.72,0.67,-1.25,-102,153,92,32,8.14,35.61,95,2,-60.037983,20.05112,6.078,137.1,67.16,HIGH_FREQUENCY,HIGH_LOAD,HIGH,HIGH,1,1,1,ANOMALY,true,-0.220886,0.721
2026-09-08T17:43:24.314Z,POLAR-001,2026-09-08T17:43:24.314Z,NORMAL,-13.63,-7.99,24.01,621.5,-0.72,0.67,-1.25,-102,153,92,32,8.14,35.61,95,2,-60.038136,20.051406,6.102,137.1,67.07,HIGH_FREQUENCY,HIGH_LOAD,HIGH,HIGH,1,1,1,ANOMALY,true,-0.220886,0.721
2026-09-08T17:43:29.320Z,POLAR-001,2026-09-08T17:43:29.320Z,NORMAL,-13.63,-7.99,24.01,621.5,-0.72,0.67,-1.25,-102,153,92,32,8.14,35.61,95,2,-60.03829,20.051691,6.125,137.1,66.98,HIGH_FREQUENCY,HIGH_LOAD,HIGH,HIGH,1,1,1,ANOMALY,true,-0.220886,0.721
2026-09-08T17:43:34.327Z,POLAR-001,2026-09-08T17:43:34.327Z,NORMAL,-13.63,-7.99,24.01,621.5,-0.72,0.67,-1.25,-102,153,92,32,8.14,35.61,95,2,-60.038443,20.051977,6.148,137.1,66.89,HIGH_FREQUENCY,HIGH_LOAD,HIGH,HIGH,1,1,1,ANOMALY,true,-0.220886,0.721
2026-09-08T17:43:39.332Z,POLAR-001,2026-09-08T17:43:39.332Z,NORMAL,-13.63,-7.99,24.01,621.5,-0.72,0.67,-1.25,-102,153,92,32,8.14,35.61,95,2,-60.038597,20.052262,6.171,137.1,66.8,HIGH_FREQUENCY,HIGH_LOAD,HIGH,HIGH,1,1,1,ANOMALY,true,-0.220886,0.721
2026-09-08T17:43:44.338Z,POLAR-001,2026-09-08T17:43:44.338Z,NORMAL,-13.63,-7.99,24.01,621.5,-0.72,0.67,-1.25,-102,153,92,32,8.14,35.61,95,2,-60.03875,20.052548,6.195,137.1,66.71,HIGH_FREQUENCY,HIGH_LOAD,HIGH,HIGH,1,1,1,ANOMALY,true,-0.220886,0.721
2026-09-08T17:43:49.338Z,POLAR-001,2026-09-08T17:43:49.338Z,NORMAL,-13.63,-7.99,24.01,621.5,-0.72,0.67,-1.25,-102,153,92,32,8.14,35.61,95,2,-60.038904,20.052834,6.218,137.1,66.62,HIGH_FREQUENCY,HIGH_LOAD,HIGH,HIGH,1,1,1,ANOMALY,true,-0.220886,0.721
2026-09-08T17:43:54.344Z,POLAR-001,2026-09-08T17:43:54.344Z,NORMAL,-13.63,-7.99,24.01,621.5,-0.72,0.67,-1.25,-102,153,92,32,8.14,35.61,95,2,-60.039057,20.053119,6.241,137.1,66.53,HIGH_FREQUENCY,HIGH_LOAD,HIGH,HIGH,1,1,1,ANOMALY,true,-0.220886,0.721
2026-09-08T17:43:59.350Z,POLAR-001,2026-09-08T17:43:59.350Z,NORMAL,-13.63,-7.99,24.01,621.5,-0.72,0.67,-1.25,-102,153,92,32,8.14,35.61,95,2,-60.039211,20.053405,6.264,137.1,66.44,HIGH_FREQUENCY,HIGH_LOAD,HIGH,HIGH,1,1,1,ANOMALY,true,-0.220886,0.721
2026-09-08T17:44:04.349Z,POLAR-001,2026-09-08T17:44:04.349Z,NORMAL,-13.63,-7.99,24.01,621.5,-0.72,0.67,-1.25,-102,153,92,32,8.14,35.61,95,2,-60.039364,20.05369,6.288,137.1,66.35,HIGH_FREQUENCY,HIGH_LOAD,HIGH,HIGH,1,1,1,ANOMALY,true,-0.220886,0.721
2026-09-08T17:44:09.355Z,POLAR-001,2026-09-08T17:44:09.355Z,NORMAL,-13.63,-7.99,24.01,621.5,-0.72,0.67,-1.25,-102,153,92,32,8.14,35.61,95,2,-60.039518,20.053976,6.311,137.1,66.26,HIGH_FREQUENCY,HIGH_LOAD,HIGH,HIGH,1,1,1,ANOMALY,true,-0.220886,0.721
2026-09-08T17:44:14.361Z,POLAR-001,2026-09-08T17:44:14.361Z,NORMAL,-13.63,-7.99,24.01,621.5,-0.72,0.67,-1.25,-102,153,92,32,8.14,35.61,95,2,-60.039671,20.054261,6.334,137.1,66.17,HIGH_FREQUENCY,HIGH_LOAD,HIGH,HIGH,1,1,1,ANOMALY,true,-0.220886,0.721
2026-09-08T17:44:19.361Z,POLAR-001,2026-09-08T17:44:19.361Z,NORMAL,-13.63,-7.99,24.01,621.5,-0.72,0.67,-1.25,-102,153,92,32,8.14,35.61,95,2,-60.039825,20.054547,6.357,137.1,66.08,HIGH_FREQUENCY,HIGH_LOAD,HIGH,HIGH,1,1,1,ANOMALY,true,-0.220886,0.721
2026-09-08T17:44:24.367Z,POLAR-001,2026-09-08T17:44:24.367Z,NORMAL,-13.63,-7.99,24.01,621.5,-0.72,0.67,-1.25,-102,153,92,32,8.14,35.61,95,2,-60.039978,20.054833,6.381,137.1,65.99,HIGH_FREQUENCY,HIGH_LOAD,HIGH,HIGH,1,1,1,ANOMALY,true,-0.220886,0.721
2026-09-08T17:44:29.366Z,POLAR-001,2026-09-08T17:44:29.366Z,NORMAL,-13.63,-7.99,24.01,621.5,-0.72,0.67,-1.25,-102,153,92,32,8.14,35.61,95,2,-60.040132,20.055118,6.404,137.1,65.9,HIGH_FREQUENCY,HIGH_LOAD,HIGH,HIGH,1,1,1,ANOMALY,true,-0.220886,0.721
2026-09-08T17:44:34.372Z,POLAR-001,2026-09-08T17:44:34.372Z,NORMAL,-13.63,-7.99,24.01,621.5,-0.72,0.67,-1.25,-102,153,92,32,8.14,35.61,95,2,-60.040285,20.055404,6.427,137.1,65.81,HIGH_FREQUENCY,HIGH_LOAD,HIGH,HIGH,1,1,1,ANOMALY,true,-0.220886,0.721
2026-09-08T17:44:39.378Z,POLAR-001,2026-09-08T17:44:39.378Z,NORMAL,-13.63,-7.99,24.01,621.5,-0.72,0.67,-1.25,-102,153,92,32,8.14,35.61,95,2,-60.040439,20.055689,6.45,137.1,65.72,HIGH_FREQUENCY,HIGH_LOAD,HIGH,HIGH,1,1,1,ANOMALY,true,-0.220886,0.721
2026-09-08T17:44:44.384Z,POLAR-001,2026-09-08T17:44:44.384Z,NORMAL,-13.63,-7.99,24.01,621.5,-0.72,0.67,-1.25,-102,153,92,32,8.14,35.61,95,2,-60.040592,20.055975,6.474,137.1,65.63,HIGH_FREQUENCY,HIGH_LOAD,HIGH,HIGH,1,1,1,ANOMALY,true,-0.220886,0.721
2026-09-08T17:44:49.385Z,POLAR-001,2026-09-08T17:44:49.385Z,NORMAL,-13.63,-7.99,24.01,621.5,-0.72,0.67,-1.25,-102,153,92,32,8.14,35.61,95,2,-60.040746,20.056261,6.497,137.1,65.54,HIGH_FREQUENCY,HIGH_LOAD,HIGH,HIGH,1,1,1,ANOMALY,true,-0.220886,0.721
2026-09-08T17:44:54.388Z,POLAR-001,2026-09-08T17:44:54.388Z,NORMAL,-13.63,-7.99,24.01,621.5,-0.72,0.67,-1.25,-102,153,92,32,8.14,35.61,95,2,-60.040899,20.056546,6.52,137.1,65.45,HIGH_FREQUENCY,HIGH_LOAD,HIGH,HIGH,1,1,1,ANOMALY,true,-0.220886,0.721
2026-09-08T17:44:59.395Z,POLAR-001,2026-09-08T17:44:59.395Z,NORMAL,-13.63,-7.99,24.01,621.5,-0.72,0.67,-1.25,-102,153,92,32,8.14,35.61,95,2,-60.041052,20.056832,6.544,137.1,65.36,HIGH_FREQUENCY,HIGH_LOAD,HIGH,HIGH,1,1,1,ANOMALY,true,-0.220886,0.721
2026-09-08T17:45:04.400Z,POLAR-001,2026-09-08T17:45:04.400Z,NORMAL,-13.63,-7.99,24.01,621.5,-0.72,0.67,-1.25,-102,153,92,32,8.14,35.61,95,2,-60.041206,20.057117,6.567,137.1,65.27,HIGH_FREQUENCY,HIGH_LOAD,HIGH,HIGH,1,1,1,ANOMALY,true,-0.220886,0.721
2026-09-08T17:45:09.400Z,POLAR-001,2026-09-08T17:45:09.400Z,NORMAL,-13.63,-7.99,24.01,621.5,-0.72,0.67,-1.25,-102,153,92,32,8.14,35.61,95,2,-60.041359,20.057403,6.59,137.1,65.18,HIGH_FREQUENCY,HIGH_LOAD,HIGH,HIGH,1,1,1,ANOMALY,true,-0.220886,0.721
2026-09-08T17:45:14.399Z,POLAR-001,2026-09-08T17:45:14.399Z,NORMAL,-13.63,-7.99,24.01,621.5,-0.72,0.67,-1.25,-102,153,92,32,8.14,35.61,95,2,-60.041513,20.057689,6.613,137.1,65.09,HIGH_FREQUENCY,HIGH_LOAD,HIGH,HIGH,1,1,1,ANOMALY,true,-0.220886,0.721
2026-09-08T17:45:19.406Z,POLAR-001,2026-09-08T17:45:19.406Z,NORMAL,-13.63,-7.99,24.01,621.5,-0.72,0.67,-1.25,-102,153,92,32,8.14,35.61,95,2,-60.041666,20.057974,6.637,137.1,65,HIGH_FREQUENCY,HIGH_LOAD,HIGH,HIGH,1,1,1,ANOMALY,true,-0.220886,0.721
2026-09-08T17:45:24.412Z,POLAR-001,2026-09-08T17:45:24.412Z,NORMAL,-13.63,-7.99,24.01,621.5,-0.72,0.67,-1.25,-102,153,92,32,8.14,35.61,95,2,-60.04182,20.05826,6.66,137.1,64.91,HIGH_FREQUENCY,HIGH_LOAD,HIGH,HIGH,1,1,1,ANOMALY,true,-0.220886,0.721
2026-09-08T17:45:29.417Z,POLAR-001,2026-09-08T17:45:29.417Z,NORMAL,-13.63,-7.99,24.01,621.5,-0.72,0.67,-1.25,-102,153,92,32,8.14,35.61,95,2,-60.041973,20.058545,6.683,137.1,64.82,HIGH_FREQUENCY,HIGH_LOAD,HIGH,HIGH,1,1,1,ANOMALY,true,-0.220886,0.721
2026-09-08T17:45:34.425Z,POLAR-001,2026-09-08T17:45:34.425Z,NORMAL,-13.63,-7.99,24.01,621.5,-0.72,0.67,-1.25,-102,153,92,32,8.14,35.61,95,2,-60.042127,20.058831,6.706,137.1,64.73,HIGH_FREQUENCY,HIGH_LOAD,HIGH,HIGH,1,1,1,ANOMALY,true,-0.220886,0.721
2026-09-08T17:45:39.430Z,POLAR-001,2026-09-08T17:45:39.430Z,NORMAL,-13.63,-7.99,24.01,621.5,-0.72,0.67,-1.25,-102,153,92,32,8.14,35.61,95,2,-60.04228,20.059117,6.73,137.1,64.64,HIGH_FREQUENCY,HIGH_LOAD,HIGH,HIGH,1,1,1,ANOMALY,true,-0.220886,0.721
2026-09-08T17:45:44.437Z,POLAR-001,2026-09-08T17:45:44.437Z,NORMAL,-13.63,-7.99,24.01,621.5,-0.72,0.67,-1.25,-102,153,92,32,8.14,35.61,95,2,-60.042434,20.059402,6.753,137.1,64.55,HIGH_FREQUENCY,HIGH_LOAD,HIGH,HIGH,1,1,1,ANOMALY,true,-0.220886,0.721
2026-09-08T17:45:49.443Z,POLAR-001,2026-09-08T17:45:49.443Z,NORMAL,-13.63,-7.99,24.01,621.5,-0.72,0.67,-1.25,-102,153,92,32,8.14,35.61,95,2,-60.042587,20.059688,6.776,137.1,64.46,HIGH_FREQUENCY,HIGH_LOAD,HIGH,HIGH,1,1,1,ANOMALY,true,-0.220886,0.721
2026-09-08T17:45:54.450Z,POLAR-001,2026-09-08T17:45:54.450Z,NORMAL,-13.63,-7.99,24.01,621.5,-0.72,0.67,-1.25,-102,153,92,32,8.14,35.61,95,2,-60.042741,20.059973,6.799,137.1,64.37,HIGH_FREQUENCY,HIGH_LOAD,HIGH,HIGH,1,1,1,ANOMALY,true,-0.220886,0.721
2026-09-08T17:45:59.456Z,POLAR-001,2026-09-08T17:45:59.456Z,NORMAL,-13.63,-7.99,24.01,621.5,-0.72,0.67,-1.25,-102,153,92,32,8.14,35.61,95,2,-60.042894,20.060259,6.823,137.1,64.28,HIGH_FREQUENCY,HIGH_LOAD,HIGH,HIGH,1,1,1,ANOMALY,true,-0.220886,0.721
2026-09-08T17:46:04.461Z,POLAR-001,2026-09-08T17:46:04.461Z,NORMAL,-13.63,-7.99,24.01,621.5,-0.72,0.67,-1.25,-102,153,92,32,8.14,35.61,95,2,-60.043048,20.060545,6.846,137.1,64.19,HIGH_FREQUENCY,HIGH_LOAD,HIGH,HIGH,1,1,1,ANOMALY,true,-0.220886,0.721
2026-09-08T17:46:09.475Z,POLAR-001,2026-09-08T17:46:09.475Z,NORMAL,-13.63,-7.99,24.01,621.5,-0.72,0.67,-1.25,-102,153,92,32,8.14,35.61,95,2,-60.043201,20.06083,6.869,137.1,64.1,HIGH_FREQUENCY,HIGH_LOAD,HIGH,HIGH,1,1,1,ANOMALY,true,-0.220886,0.721
2026-09-08T17:46:14.475Z,POLAR-001,2026-09-08T17:46:14.475Z,NORMAL,-13.63,-7.99,24.01,621.5,-0.72,0.67,-1.25,-102,153,92,32,8.14,35.61,95,2,-60.043355,20.061116,6.892,137.1,64.01,HIGH_FREQUENCY,HIGH_LOAD,HIGH,HIGH,1,1,1,ANOMALY,true,-0.220886,0.721
2026-09-08T17:46:19.480Z,POLAR-001,2026-09-08T17:46:19.480Z,NORMAL,-13.63,-7.99,24.01,621.5,-0.72,0.67,-1.25,-102,153,92,32,8.14,35.61,95,2,-60.043508,20.061401,6.916,137.1,63.92,HIGH_FREQUENCY,HIGH_LOAD,HIGH,HIGH,1,1,1,ANOMALY,true,-0.220886,0.721
2026-09-08T17:46:24.485Z,POLAR-001,2026-09-08T17:46:24.485Z,NORMAL,-13.63,-7.99,24.01,621.5,-0.72,0.67,-1.25,-102,153,92,32,8.14,35.61,95,2,-60.043662,20.061687,6.939,137.1,63.83,HIGH_FREQUENCY,HIGH_LOAD,HIGH,HIGH,1,1,1,ANOMALY,true,-0.220886,0.721
2026-09-08T17:46:29.492Z,POLAR-001,2026-09-08T17:46:29.492Z,NORMAL,-13.63,-7.99,24.01,621.5,-0.72,0.67,-1.25,-102,153,92,32,8.14,35.61,95,2,-60.043815,20.061973,6.962,137.1,63.74,HIGH_FREQUENCY,HIGH_LOAD,HIGH,HIGH,1,1,1,ANOMALY,true,-0.220886,0.721
2026-09-08T17:46:34.498Z,POLAR-001,2026-09-08T17:46:34.498Z,NORMAL,-13.63,-7.99,24.01,621.5,-0.72,0.67,-1.25,-102,153,92,32,8.14,35.61,95,2,-60.043969,20.062258,6.985,137.1,63.65,HIGH_FREQUENCY,HIGH_LOAD,HIGH,HIGH,1,1,1,ANOMALY,true,-0.220886,0.721
2026-09-08T17:46:39.504Z,POLAR-001,2026-09-08T17:46:39.504Z,NORMAL,-13.63,-7.99,24.01,621.5,-0.72,0.67,-1.25,-102,153,92,32,8.14,35.61,95,2,-60.044122,20.062544,7.009,137.1,63.56,HIGH_FREQUENCY,HIGH_LOAD,HIGH,HIGH,1,1,1,ANOMALY,true,-0.220886,0.721
2026-09-08T17:46:44.509Z,POLAR-001,2026-09-08T17:46:44.509Z,NORMAL,-13.63,-7.99,24.01,621.5,-0.72,0.67,-1.25,-102,153,92,32,8.14,35.61,95,2,-60.044276,20.06283,7.032,137.1,63.47,HIGH_FREQUENCY,HIGH_LOAD,HIGH,HIGH,1,1,1,ANOMALY,true,-0.220886,0.721
2026-09-08T17:46:49.515Z,POLAR-001,2026-09-08T17:46:49.515Z,NORMAL,-13.63,-7.99,24.01,621.5,-0.72,0.67,-1.25,-102,153,92,32,8.14,35.61,95,2,-60.044429,20.063115,7.055,137.1,63.38,HIGH_FREQUENCY,HIGH_LOAD,HIGH,HIGH,1,1,1,ANOMALY,true,-0.220886,0.721
2026-09-08T17:46:54.526Z,POLAR-001,2026-09-08T17:46:54.526Z,NORMAL,-13.63,-7.99,24.01,621.5,-0.72,0.67,-1.25,-102,153,92,32,8.14,35.61,95,2,-60.044582,20.063401,7.078,137.1,63.29,HIGH_FREQUENCY,HIGH_LOAD,HIGH,HIGH,1,1,1,ANOMALY,true,-0.220886,0.721
2026-09-08T17:46:59.540Z,POLAR-001,2026-09-08T17:46:59.540Z,NORMAL,-13.63,-7.99,24.01,621.5,-0.72,0.67,-1.25,-102,153,92,32,8.14,35.61,95,2,-60.044736,20.063686,7.102,137.1,63.2,HIGH_FREQUENCY,HIGH_LOAD,HIGH,HIGH,1,1,1,ANOMALY,true,-0.220886,0.721
2026-09-08T17:47:04.548Z,POLAR-001,2026-09-08T17:47:04.548Z,NORMAL,-13.63,-7.99,24.01,621.5,-0.72,0.67,-1.25,-102,153,92,32,8.14,35.61,95,2,-60.044889,20.063972,7.125,137.1,63.11,HIGH_FREQUENCY,HIGH_LOAD,HIGH,HIGH,1,1,1,ANOMALY,true,-0.220886,0.721
2026-09-08T17:47:09.559Z,POLAR-001,2026-09-08T17:47:09.559Z,NORMAL,-13.63,-7.99,24.01,621.5,-0.72,0.67,-1.25,-102,153,92,32,8.14,35.61,95,2,-60.045043,20.064258,7.148,137.1,63.02,HIGH_FREQUENCY,HIGH_LOAD,HIGH,HIGH,1,1,1,ANOMALY,true,-0.220886,0.721
2026-09-08T17:47:14.571Z,POLAR-001,2026-09-08T17:47:14.571Z,NORMAL,-13.63,-7.99,24.01,621.5,-0.72,0.67,-1.25,-102,153,92,32,8.14,35.61,95,2,-60.045196,20.064543,7.171,137.1,62.93,HIGH_FREQUENCY,HIGH_LOAD,HIGH,HIGH,1,1,1,ANOMALY,true,-0.220886,0.721
2026-09-08T17:47:19.576Z,POLAR-001,2026-09-08T17:47:19.576Z,NORMAL,-13.63,-7.99,24.01,621.5,-0.72,0.67,-1.25,-102,153,92,32,8.14,35.61,95,2,-60.04535,20.064829,7.195,137.1,62.84,HIGH_FREQUENCY,HIGH_LOAD,HIGH,HIGH,1,1,1,ANOMALY,true,-0.220886,0.721
2026-09-08T17:47:24.576Z,POLAR-001,2026-09-08T17:47:24.576Z,NORMAL,-13.63,-7.99,24.01,621.5,-0.72,0.67,-1.25,-102,153,92,32,8.14,35.61,95,2,-60.045503,20.065115,7.218,137.1,62.75,HIGH_FREQUENCY,HIGH_LOAD,HIGH,HIGH,1,1,1,ANOMALY,true,-0.220886,0.721
2026-09-08T17:47:29.582Z,POLAR-001,2026-09-08T17:47:29.582Z,NORMAL,-13.63,-7.99,24.01,621.5,-0.72,0.67,-1.25,-102,153,92,32,8.14,35.61,95,2,-60.045657,20.0654,7.241,137.1,62.66,HIGH_FREQUENCY,HIGH_LOAD,HIGH,HIGH,1,1,1,ANOMALY,true,-0.220886,0.721
2026-09-08T17:47:34.588Z,POLAR-001,2026-09-08T17:47:34.588Z,NORMAL,-13.63,-7.99,24.01,621.5,-0.72,0.67,-1.25,-102,153,92,32,8.14,35.61,95,2,-60.04581,20.065686,7.264,137.1,62.57,HIGH_FREQUENCY,HIGH_LOAD,HIGH,HIGH,1,1,1,ANOMALY,true,-0.220886,0.721
2026-09-08T17:47:39.593Z,POLAR-001,2026-09-08T17:47:39.593Z,NORMAL,-13.63,-7.99,24.01,621.5,-0.72,0.67,-1.25,-102,153,92,32,8.14,35.61,95,2,-60.045964,20.065971,7.288,137.1,62.48,HIGH_FREQUENCY,HIGH_LOAD,HIGH,HIGH,1,1,1,ANOMALY,true,-0.220886,0.721
2026-09-08T17:47:44.594Z,POLAR-001,2026-09-08T17:47:44.594Z,NORMAL,-13.63,-7.99,24.01,621.5,-0.72,0.67,-1.25,-102,153,92,32,8.14,35.61,95,2,-60.046117,20.066257,7.311,137.1,62.39,HIGH_FREQUENCY,HIGH_LOAD,HIGH,HIGH,1,1,1,ANOMALY,true,-0.220886,0.721
2026-09-08T17:47:49.600Z,POLAR-001,2026-09-08T17:47:49.600Z,NORMAL,-13.63,-7.99,24.01,621.5,-0.72,0.67,-1.25,-102,153,92,32,8.14,35.61,95,2,-60.046271,20.066543,7.334,137.1,62.3,HIGH_FREQUENCY,HIGH_LOAD,HIGH,HIGH,1,1,1,ANOMALY,true,-0.220886,0.721
2026-09-08T17:47:54.609Z,POLAR-001,2026-09-08T17:47:54.609Z,NORMAL,-13.63,-7.99,24.01,621.5,-0.72,0.67,-1.25,-102,153,92,32,8.14,35.61,95,2,-60.046424,20.066828,7.357,137.1,62.21,HIGH_FREQUENCY,HIGH_LOAD,HIGH,HIGH,1,1,1,ANOMALY,true,-0.220886,0.721
2026-09-08T17:47:59.611Z,POLAR-001,2026-09-08T17:47:59.611Z,NORMAL,-13.63,-7.99,24.01,621.5,-0.72,0.67,-1.25,-102,153,92,32,8.14,35.61,95,2,-60.046578,20.067114,7.381,137.1,62.12,HIGH_FREQUENCY,HIGH_LOAD,HIGH,HIGH,1,1,1,ANOMALY,true,-0.220886,0.721
2026-09-08T17:48:04.615Z,POLAR-001,2026-09-08T17:48:04.615Z,NORMAL,-13.63,-7.99,24.01,621.5,-0.72,0.67,-1.25,-102,153,92,32,8.14,35.61,95,2,-60.046731,20.0674,7.404,137.1,62.03,HIGH_FREQUENCY,HIGH_LOAD,HIGH,HIGH,1,1,1,ANOMALY,true,-0.220886,0.721
2026-09-08T17:48:09.622Z,POLAR-001,2026-09-08T17:48:09.622Z,NORMAL,-13.63,-7.99,24.01,621.5,-0.72,0.67,-1.25,-102,153,92,32,8.14,35.61,95,2,-60.046885,20.067685,7.427,137.1,61.94,HIGH_FREQUENCY,HIGH_LOAD,HIGH,HIGH,1,1,1,ANOMALY,true,-0.220886,0.721
2026-09-08T17:48:14.629Z,POLAR-001,2026-09-08T17:48:14.629Z,STORM,-13.63,-7.99,24.01,621.5,-0.72,0.67,-1.25,-102,153,92,32,8.14,35.61,95,2,-60.047038,20.067971,7.451,137.1,61.85,HIGH_FREQUENCY,HIGH_LOAD,HIGH,HIGH,1,1,1,ANOMALY,true,-0.220886,0.721
2026-09-08T17:48:19.632Z,POLAR-001,2026-09-08T17:48:19.632Z,STORM,-13.63,-7.99,24.01,621.5,-0.72,0.67,-1.25,-102,153,92,32,8.14,35.61,95,2,-60.047192,20.068257,7.474,137.1,61.76,HIGH_FREQUENCY,HIGH_LOAD,HIGH,HIGH,1,1,1,ANOMALY,true,-0.220886,0.721
2026-09-08T17:48:24.634Z,POLAR-001,2026-09-08T17:48:24.634Z,NORMAL,-13.63,-7.99,24.01,621.5,-0.72,0.67,-1.25,-102,153,92,32,8.14,35.61,95,2,-60.000153,20.000285,0.023,137.1,94.91,HIGH_FREQUENCY,HIGH_LOAD,HIGH,HIGH,1,1,1,ANOMALY,true,-0.220886,0.721
2026-09-08T17:48:29.638Z,POLAR-001,2026-09-08T17:48:29.638Z,NORMAL,-13.63,-7.99,24.01,621.5,-0.72,0.67,-1.25,-102,153,92,32,8.14,35.61,95,2,-60.000307,20.00057,0.047,137.1,94.82,HIGH_FREQUENCY,HIGH_LOAD,HIGH,HIGH,1,1,1,ANOMALY,true,-0.220886,0.721
2026-09-08T17:48:34.653Z,POLAR-001,2026-09-08T17:48:34.653Z,NORMAL,-13.63,-7.99,24.01,621.5,-0.72,0.67,-1.25,-102,153,92,32,8.14,35.61,95,2,-60.00046,20.000856,0.07,137.1,94.73,HIGH_FREQUENCY,HIGH_LOAD,HIGH,HIGH,1,1,1,ANOMALY,true,-0.220886,0.721
2026-09-08T17:48:39.658Z,POLAR-001,2026-09-08T17:48:39.658Z,NORMAL,-13.63,-7.99,24.01,621.5,-0.72,0.67,-1.25,-102,153,92,32,8.14,35.61,95,2,-60.000614,20.001141,0.093,137.1,94.64,HIGH_FREQUENCY,HIGH_LOAD,HIGH,HIGH,1,1,1,ANOMALY,true,-0.220886,0.721
2026-09-08T17:48:44.664Z,POLAR-001,2026-09-08T17:48:44.664Z,NORMAL,-13.63,-7.99,24.01,621.5,-0.72,0.67,-1.25,-102,153,92,32,8.14,35.61,95,2,-60.000767,20.001426,0.116,137.1,94.55,HIGH_FREQUENCY,HIGH_LOAD,HIGH,HIGH,1,1,1,ANOMALY,true,-0.220886,0.721
2026-09-08T17:48:49.670Z,POLAR-001,2026-09-08T17:48:49.670Z,NORMAL,-13.63,-7.99,24.01,621.5,-0.72,0.67,-1.25,-102,153,92,32,8.14,35.61,95,2,-60.000921,20.001711,0.14,137.1,94.46,HIGH_FREQUENCY,HIGH_LOAD,HIGH,HIGH,1,1,1,ANOMALY,true,-0.220886,0.721
2026-09-08T17:48:54.669Z,POLAR-001,2026-09-08T17:48:54.669Z,NORMAL,-13.63,-7.99,24.01,621.5,-0.72,0.67,-1.25,-102,153,92,32,8.14,35.61,95,2,-60.001074,20.001997,0.163,137.1,94.37,HIGH_FREQUENCY,HIGH_LOAD,HIGH,HIGH,1,1,1,ANOMALY,true,-0.220886,0.721
2026-09-08T17:48:59.678Z,POLAR-001,2026-09-08T17:48:59.678Z,NORMAL,-13.63,-7.99,24.01,621.5,-0.72,0.67,-1.25,-102,153,92,32,8.14,35.61,95,2,-60.001228,20.002282,0.186,137.1,94.28,HIGH_FREQUENCY,HIGH_LOAD,HIGH,HIGH,1,1,1,ANOMALY,true,-0.220886,0.721
2026-09-08T17:49:04.683Z,POLAR-001,2026-09-08T17:49:04.684Z,NORMAL,-13.63,-7.99,24.01,621.5,-0.72,0.67,-1.25,-102,153,92,32,8.14,35.61,95,2,-60.001381,20.002567,0.209,137.1,94.19,HIGH_FREQUENCY,HIGH_LOAD,HIGH,HIGH,1,1,1,ANOMALY,true,-0.220886,0.721
2026-09-08T17:49:09.690Z,POLAR-001,2026-09-08T17:49:09.690Z,NORMAL,-13.63,-7.99,24.01,621.5,-0.72,0.67,-1.25,-102,153,92,32,8.14,35.61,95,2,-60.001535,20.002852,0.233,137.1,94.1,HIGH_FREQUENCY,HIGH_LOAD,HIGH,HIGH,1,1,1,ANOMALY,true,-0.220886,0.721
2026-09-08T17:49:14.696Z,POLAR-001,2026-09-08T17:49:14.696Z,NORMAL,-13.63,-7.99,24.01,621.5,-0.72,0.67,-1.25,-102,153,92,32,8.14,35.61,95,2,-60.001688,20.003138,0.256,137.1,94.01,HIGH_FREQUENCY,HIGH_LOAD,HIGH,HIGH,1,1,1,ANOMALY,true,-0.220886,0.721
2026-09-08T17:49:19.700Z,POLAR-001,2026-09-08T17:49:19.700Z,NORMAL,-13.63,-7.99,24.01,621.5,-0.72,0.67,-1.25,-102,153,92,32,8.14,35.61,95,2,-60.001842,20.003423,0.279,137.1,93.92,HIGH_FREQUENCY,HIGH_LOAD,HIGH,HIGH,1,1,1,ANOMALY,true,-0.220886,0.721
2026-09-08T17:49:24.701Z,POLAR-001,2026-09-08T17:49:24.702Z,NORMAL,-13.63,-7.99,24.01,621.5,-0.72,0.67,-1.25,-102,153,92,32,8.14,35.61,95,2,-60.001995,20.003708,0.302,137.1,93.83,HIGH_FREQUENCY,HIGH_LOAD,HIGH,HIGH,1,1,1,ANOMALY,true,-0.220886,0.721
2026-09-08T17:49:29.707Z,POLAR-001,2026-09-08T17:49:29.707Z,NORMAL,-13.63,-7.99,24.01,621.5,-0.72,0.67,-1.25,-102,153,92,32,8.14,35.61,95,2,-60.002149,20.003993,0.326,137.1,93.74,HIGH_FREQUENCY,HIGH_LOAD,HIGH,HIGH,1,1,1,ANOMALY,true,-0.220886,0.721
2026-09-08T17:49:34.715Z,POLAR-001,2026-09-08T17:49:34.715Z,NORMAL,-13.63,-7.99,24.01,621.5,-0.72,0.67,-1.25,-102,153,92,32,8.14,35.61,95,2,-60.002302,20.004279,0.349,137.1,93.65,HIGH_FREQUENCY,HIGH_LOAD,HIGH,HIGH,1,1,1,ANOMALY,true,-0.220886,0.721
2026-09-08T17:49:39.719Z,POLAR-001,2026-09-08T17:49:39.719Z,NORMAL,-13.63,-7.99,24.01,621.5,-0.72,0.67,-1.25,-102,153,92,32,8.14,35.61,95,2,-60.002456,20.004564,0.372,137.1,93.56,HIGH_FREQUENCY,HIGH_LOAD,HIGH,HIGH,1,1,1,ANOMALY,true,-0.220886,0.721
2026-09-08T17:49:44.725Z,POLAR-001,2026-09-08T17:49:44.725Z,NORMAL,-13.63,-7.99,24.01,621.5,-0.72,0.67,-1.25,-102,153,92,32,8.14,35.61,95,2,-60.002609,20.004849,0.395,137.1,93.47,HIGH_FREQUENCY,HIGH_LOAD,HIGH,HIGH,1,1,1,ANOMALY,true,-0.220886,0.721
2026-09-08T17:49:49.730Z,POLAR-001,2026-09-08T17:49:49.730Z,NORMAL,-13.63,-7.99,24.01,621.5,-0.72,0.67,-1.25,-102,153,92,32,8.14,35.61,95,2,-60.002763,20.005135,0.419,137.1,93.38,HIGH_FREQUENCY,HIGH_LOAD,HIGH,HIGH,1,1,1,ANOMALY,true,-0.220886,0.721
2026-09-08T17:49:54.737Z,POLAR-001,2026-09-08T17:49:54.737Z,NORMAL,-13.63,-7.99,24.01,621.5,-0.72,0.67,-1.25,-102,153,92,32,8.14,35.61,95,2,-60.002916,20.00542,0.442,137.1,93.29,HIGH_FREQUENCY,HIGH_LOAD,HIGH,HIGH,1,1,1,ANOMALY,true,-0.220886,0.721
2026-09-08T17:49:59.743Z,POLAR-001,2026-09-08T17:49:59.743Z,NORMAL,-13.63,-7.99,24.01,621.5,-0.72,0.67,-1.25,-102,153,92,32,8.14,35.61,95,2,-60.00307,20.005705,0.465,137.1,93.2,HIGH_FREQUENCY,HIGH_LOAD,HIGH,HIGH,1,1,1,ANOMALY,true,-0.220886,0.721
2026-09-08T17:50:04.749Z,POLAR-001,2026-09-08T17:50:04.749Z,NORMAL,-13.63,-7.99,24.01,621.5,-0.72,0.67,-1.25,-102,153,92,32,8.14,35.61,95,2,-60.003223,20.00599,0.488,137.1,93.11,HIGH_FREQUENCY,HIGH_LOAD,HIGH,HIGH,1,1,1,ANOMALY,true,-0.220886,0.721
2026-09-08T17:50:09.750Z,POLAR-001,2026-09-08T17:50:09.750Z,NORMAL,-13.63,-7.99,24.01,621.5,-0.72,0.67,-1.25,-102,153,92,32,8.14,35.61,95,2,-60.003377,20.006276,0.512,137.1,93.02,HIGH_FREQUENCY,HIGH_LOAD,HIGH,HIGH,1,1,1,ANOMALY,true,-0.220886,0.721
2026-09-08T17:50:14.753Z,POLAR-001,2026-09-08T17:50:14.753Z,NORMAL,-13.63,-7.99,24.01,621.5,-0.72,0.67,-1.25,-102,153,92,32,8.14,35.61,95,2,-60.00353,20.006561,0.535,137.1,92.93,HIGH_FREQUENCY,HIGH_LOAD,HIGH,HIGH,1,1,1,ANOMALY,true,-0.220886,0.721
2026-09-08T17:50:19.754Z,POLAR-001,2026-09-08T17:50:19.754Z,NORMAL,-13.63,-7.99,24.01,621.5,-0.72,0.67,-1.25,-102,153,92,32,8.14,35.61,95,2,-60.003683,20.006846,0.558,137.1,92.84,HIGH_FREQUENCY,HIGH_LOAD,HIGH,HIGH,1,1,1,ANOMALY,true,-0.220886,0.721
2026-09-08T17:50:24.761Z,POLAR-001,2026-09-08T17:50:24.761Z,NORMAL,-13.63,-7.99,24.01,621.5,-0.72,0.67,-1.25,-102,153,92,32,8.14,35.61,95,2,-60.003837,20.007131,0.581,137.1,92.75,HIGH_FREQUENCY,HIGH_LOAD,HIGH,HIGH,1,1,1,ANOMALY,true,-0.220886,0.721
2026-09-08T17:50:29.765Z,POLAR-001,2026-09-08T17:50:29.765Z,NORMAL,-13.63,-7.99,24.01,621.5,-0.72,0.67,-1.25,-102,153,92,32,8.14,35.61,95,2,-60.00399,20.007417,0.605,137.1,92.66,HIGH_FREQUENCY,HIGH_LOAD,HIGH,HIGH,1,1,1,ANOMALY,true,-0.220886,0.721
2026-09-08T17:50:34.765Z,POLAR-001,2026-09-08T17:50:34.765Z,NORMAL,-13.63,-7.99,24.01,621.5,-0.72,0.67,-1.25,-102,153,92,32,8.14,35.61,95,2,-60.004144,20.007702,0.628,137.1,92.57,HIGH_FREQUENCY,HIGH_LOAD,HIGH,HIGH,1,1,1,ANOMALY,true,-0.220886,0.721
2026-09-08T17:50:39.771Z,POLAR-001,2026-09-08T17:50:39.771Z,NORMAL,-13.63,-7.99,24.01,621.5,-0.72,0.67,-1.25,-102,153,92,32,8.14,35.61,95,2,-60.004297,20.007987,0.651,137.1,92.48,HIGH_FREQUENCY,HIGH_LOAD,HIGH,HIGH,1,1,1,ANOMALY,true,-0.220886,0.721
2026-09-08T17:50:44.777Z,POLAR-001,2026-09-08T17:50:44.777Z,NORMAL,-13.63,-7.99,24.01,621.5,-0.72,0.67,-1.25,-102,153,92,32,8.14,35.61,95,2,-60.004451,20.008273,0.674,137.1,92.39,HIGH_FREQUENCY,HIGH_LOAD,HIGH,HIGH,1,1,1,ANOMALY,true,-0.220886,0.721
2026-09-08T17:50:49.777Z,POLAR-001,2026-09-08T17:50:49.777Z,NORMAL,-13.63,-7.99,24.01,621.5,-0.72,0.67,-1.25,-102,153,92,32,8.14,35.61,95,2,-60.004604,20.008558,0.698,137.1,92.3,HIGH_FREQUENCY,HIGH_LOAD,HIGH,HIGH,1,1,1,ANOMALY,true,-0.220886,0.721
2026-09-08T17:50:54.782Z,POLAR-001,2026-09-08T17:50:54.782Z,NORMAL,-13.63,-7.99,24.01,621.5,-0.72,0.67,-1.25,-102,153,92,32,8.14,35.61,95,2,-60.004758,20.008843,0.721,137.1,92.21,HIGH_FREQUENCY,HIGH_LOAD,HIGH,HIGH,1,1,1,ANOMALY,true,-0.220886,0.721
2026-09-08T17:50:59.788Z,POLAR-001,2026-09-08T17:50:59.788Z,NORMAL,-13.63,-7.99,24.01,621.5,-0.72,0.67,-1.25,-102,153,92,32,8.14,35.61,95,2,-60.004911,20.009128,0.744,137.1,92.12,HIGH_FREQUENCY,HIGH_LOAD,HIGH,HIGH,1,1,1,ANOMALY,true,-0.220886,0.721
2026-09-08T17:51:04.794Z,POLAR-001,2026-09-08T17:51:04.794Z,NORMAL,-13.63,-7.99,24.01,621.5,-0.72,0.67,-1.25,-102,153,92,32,8.14,35.61,95,2,-60.005065,20.009414,0.767,137.1,92.03,HIGH_FREQUENCY,HIGH_LOAD,HIGH,HIGH,1,1,1,ANOMALY,true,-0.220886,0.721
2026-09-08T17:51:09.793Z,POLAR-001,2026-09-08T17:51:09.793Z,NORMAL,-13.63,-7.99,24.01,621.5,-0.72,0.67,-1.25,-102,153,92,32,8.14,35.61,95,2,-60.005218,20.009699,0.791,137.1,91.94,HIGH_FREQUENCY,HIGH_LOAD,HIGH,HIGH,1,1,1,ANOMALY,true,-0.220886,0.721
2026-09-08T17:51:14.799Z,POLAR-001,2026-09-08T17:51:14.799Z,NORMAL,-13.63,-7.99,24.01,621.5,-0.72,0.67,-1.25,-102,153,92,32,8.14,35.61,95,2,-60.005372,20.009984,0.814,137.1,91.85,HIGH_FREQUENCY,HIGH_LOAD,HIGH,HIGH,1,1,1,ANOMALY,true,-0.220886,0.721
2026-09-08T17:51:19.800Z,POLAR-001,2026-09-08T17:51:19.800Z,NORMAL,-13.63,-7.99,24.01,621.5,-0.72,0.67,-1.25,-102,153,92,32,8.14,35.61,95,2,-60.005525,20.010269,0.837,137.1,91.76,HIGH_FREQUENCY,HIGH_LOAD,HIGH,HIGH,1,1,1,ANOMALY,true,-0.220886,0.721
2026-09-08T17:51:24.799Z,POLAR-001,2026-09-08T17:51:24.799Z,NORMAL,-13.63,-7.99,24.01,621.5,-0.72,0.67,-1.25,-102,153,92,32,8.14,35.61,95,2,-60.005679,20.010555,0.86,137.1,91.67,HIGH_FREQUENCY,HIGH_LOAD,HIGH,HIGH,1,1,1,ANOMALY,true,-0.220886,0.721
2026-09-08T17:51:29.804Z,POLAR-001,2026-09-08T17:51:29.804Z,NORMAL,-13.63,-7.99,24.01,621.5,-0.72,0.67,-1.25,-102,153,92,32,8.14,35.61,95,2,-60.005832,20.01084,0.884,137.1,91.58,HIGH_FREQUENCY,HIGH_LOAD,HIGH,HIGH,1,1,1,ANOMALY,true,-0.220886,0.721
2026-09-08T17:51:34.803Z,POLAR-001,2026-09-08T17:51:34.804Z,NORMAL,-13.63,-7.99,24.01,621.5,-0.72,0.67,-1.25,-102,153,92,32,8.14,35.61,95,2,-60.005986,20.011125,0.907,137.1,91.49,HIGH_FREQUENCY,HIGH_LOAD,HIGH,HIGH,1,1,1,ANOMALY,true,-0.220886,0.721
2026-09-08T17:51:39.804Z,POLAR-001,2026-09-08T17:51:39.804Z,NORMAL,-13.63,-7.99,24.01,621.5,-0.72,0.67,-1.25,-102,153,92,32,8.14,35.61,95,2,-60.006139,20.011411,0.93,137.1,91.4,HIGH_FREQUENCY,HIGH_LOAD,HIGH,HIGH,1,1,1,ANOMALY,true,-0.220886,0.721
2026-09-08T17:51:44.809Z,POLAR-001,2026-09-08T17:51:44.809Z,NORMAL,-13.63,-7.99,24.01,621.5,-0.72,0.67,-1.25,-102,153,92,32,8.14,35.61,95,2,-60.006293,20.011696,0.953,137.1,91.31,HIGH_FREQUENCY,HIGH_LOAD,HIGH,HIGH,1,1,1,ANOMALY,true,-0.220886,0.721
2026-09-08T17:51:49.815Z,POLAR-001,2026-09-08T17:51:49.815Z,NORMAL,-13.63,-7.99,24.01,621.5,-0.72,0.67,-1.25,-102,153,92,32,8.14,35.61,95,2,-60.006446,20.011981,0.977,137.1,91.22,HIGH_FREQUENCY,HIGH_LOAD,HIGH,HIGH,1,1,1,ANOMALY,true,-0.220886,0.721
2026-09-08T17:51:54.815Z,POLAR-001,2026-09-08T17:51:54.815Z,NORMAL,-13.63,-7.99,24.01,621.5,-0.72,0.67,-1.25,-102,153,92,32,8.14,35.61,95,2,-60.0066,20.012267,1,137.1,91.13,HIGH_FREQUENCY,HIGH_LOAD,HIGH,HIGH,1,1,1,ANOMALY,true,-0.220886,0.721
2026-09-08T17:51:59.818Z,POLAR-001,2026-09-08T17:51:59.818Z,NORMAL,-13.63,-7.99,24.01,621.5,-0.72,0.67,-1.25,-102,153,92,32,8.14,35.61,95,2,-60.006753,20.012552,1.023,137.1,91.04,HIGH_FREQUENCY,HIGH_LOAD,HIGH,HIGH,1,1,1,ANOMALY,true,-0.220886,0.721
2026-09-08T17:52:04.819Z,POLAR-001,2026-09-08T17:52:04.819Z,NORMAL,-13.63,-7.99,24.01,621.5,-0.72,0.67,-1.25,-102,153,92,32,8.14,35.61,95,2,-60.006906,20.012837,1.047,137.1,90.95,HIGH_FREQUENCY,HIGH_LOAD,HIGH,HIGH,1,1,1,ANOMALY,true,-0.220886,0.721
2026-09-08T17:52:09.825Z,POLAR-001,2026-09-08T17:52:09.825Z,NORMAL,-13.63,-7.99,24.01,621.5,-0.72,0.67,-1.25,-102,153,92,32,8.14,35.61,95,2,-60.00706,20.013122,1.07,137.1,90.86,HIGH_FREQUENCY,HIGH_LOAD,HIGH,HIGH,1,1,1,ANOMALY,true,-0.220886,0.721
2026-09-08T17:52:14.840Z,POLAR-001,2026-09-08T17:52:14.840Z,NORMAL,-13.63,-7.99,24.01,621.5,-0.72,0.67,-1.25,-102,153,92,32,8.14,35.61,95,2,-60.007213,20.013408,1.093,137.1,90.77,HIGH_FREQUENCY,HIGH_LOAD,HIGH,HIGH,1,1,1,ANOMALY,true,-0.220886,0.721
2026-09-08T17:52:19.847Z,POLAR-001,2026-09-08T17:52:19.847Z,NORMAL,-13.63,-7.99,24.01,621.5,-0.72,0.67,-1.25,-102,153,92,32,8.14,35.61,95,2,-60.007367,20.013693,1.116,137.1,90.68,HIGH_FREQUENCY,HIGH_LOAD,HIGH,HIGH,1,1,1,ANOMALY,true,-0.220886,0.721
2026-09-08T17:52:24.848Z,POLAR-001,2026-09-08T17:52:24.848Z,NORMAL,-13.63,-7.99,24.01,621.5,-0.72,0.67,-1.25,-102,153,92,32,8.14,35.61,95,2,-60.00752,20.013978,1.14,137.1,90.59,HIGH_FREQUENCY,HIGH_LOAD,HIGH,HIGH,1,1,1,ANOMALY,true,-0.220886,0.721
2026-09-08T17:52:29.852Z,POLAR-001,2026-09-08T17:52:29.852Z,NORMAL,-13.63,-7.99,24.01,621.5,-0.72,0.67,-1.25,-102,153,92,32,8.14,35.61,95,2,-60.007674,20.014264,1.163,137.1,90.5,HIGH_FREQUENCY,HIGH_LOAD,HIGH,HIGH,1,1,1,ANOMALY,true,-0.220886,0.721
2026-09-08T17:52:34.856Z,POLAR-001,2026-09-08T17:52:34.856Z,NORMAL,-13.63,-7.99,24.01,621.5,-0.72,0.67,-1.25,-102,153,92,32,8.14,35.61,95,2,-60.007827,20.014549,1.186,137.1,90.41,HIGH_FREQUENCY,HIGH_LOAD,HIGH,HIGH,1,1,1,ANOMALY,true,-0.220886,0.721
2026-09-08T17:52:39.862Z,POLAR-001,2026-09-08T17:52:39.862Z,NORMAL,-13.63,-7.99,24.01,621.5,-0.72,0.67,-1.25,-102,153,92,32,8.14,35.61,95,2,-60.007981,20.014834,1.209,137.1,90.32,HIGH_FREQUENCY,HIGH_LOAD,HIGH,HIGH,1,1,1,ANOMALY,true,-0.220886,0.721
2026-09-08T17:52:44.863Z,POLAR-001,2026-09-08T17:52:44.863Z,NORMAL,-13.63,-7.99,24.01,621.5,-0.72,0.67,-1.25,-102,153,92,32,8.14,35.61,95,2,-60.008134,20.01512,1.233,137.1,90.23,HIGH_FREQUENCY,HIGH_LOAD,HIGH,HIGH,1,1,1,ANOMALY,true,-0.220886,0.721
2026-09-08T17:52:49.862Z,POLAR-001,2026-09-08T17:52:49.862Z,NORMAL,-13.63,-7.99,24.01,621.5,-0.72,0.67,-1.25,-102,153,92,32,8.14,35.61,95,2,-60.008288,20.015405,1.256,137.1,90.14,HIGH_FREQUENCY,HIGH_LOAD,HIGH,HIGH,1,1,1,ANOMALY,true,-0.220886,0.721
2026-09-08T17:52:54.868Z,POLAR-001,2026-09-08T17:52:54.868Z,NORMAL,-13.63,-7.99,24.01,621.5,-0.72,0.67,-1.25,-102,153,92,32,8.14,35.61,95,2,-60.008441,20.01569,1.279,137.1,90.05,HIGH_FREQUENCY,HIGH_LOAD,HIGH,HIGH,1,1,1,ANOMALY,true,-0.220886,0.721
2026-09-08T17:52:59.874Z,POLAR-001,2026-09-08T17:52:59.874Z,NORMAL,-13.63,-7.99,24.01,621.5,-0.72,0.67,-1.25,-102,153,92,32,8.14,35.61,95,2,-60.008595,20.015976,1.302,137.1,89.96,HIGH_FREQUENCY,HIGH_LOAD,HIGH,HIGH,1,1,1,ANOMALY,true,-0.220886,0.721
2026-09-08T17:53:04.874Z,POLAR-001,2026-09-08T17:53:04.874Z,NORMAL,-13.63,-7.99,24.01,621.5,-0.72,0.67,-1.25,-102,153,92,32,8.14,35.61,95,2,-60.008748,20.016261,1.326,137.1,89.87,HIGH_FREQUENCY,HIGH_LOAD,HIGH,HIGH,1,1,1,ANOMALY,true,-0.220886,0.721
2026-09-08T17:53:09.879Z,POLAR-001,2026-09-08T17:53:09.879Z,NORMAL,-13.63,-7.99,24.01,621.5,-0.72,0.67,-1.25,-102,153,92,32,8.14,35.61,95,2,-60.008902,20.016546,1.349,137.1,89.78,HIGH_FREQUENCY,HIGH_LOAD,HIGH,HIGH,1,1,1,ANOMALY,true,-0.220886,0.721
2026-09-08T17:53:14.891Z,POLAR-001,2026-09-08T17:53:14.891Z,NORMAL,-13.63,-7.99,24.01,621.5,-0.72,0.67,-1.25,-102,153,92,32,8.14,35.61,95,2,-60.009055,20.016831,1.372,137.1,89.69,HIGH_FREQUENCY,HIGH_LOAD,HIGH,HIGH,1,1,1,ANOMALY,true,-0.220886,0.721
2026-09-08T17:53:19.896Z,POLAR-001,2026-09-08T17:53:19.896Z,NORMAL,-13.63,-7.99,24.01,621.5,-0.72,0.67,-1.25,-102,153,92,32,8.14,35.61,95,2,-60.009209,20.017117,1.395,137.1,89.6,HIGH_FREQUENCY,HIGH_LOAD,HIGH,HIGH,1,1,1,ANOMALY,true,-0.220886,0.721
2026-09-08T17:53:24.906Z,POLAR-001,2026-09-08T17:53:24.906Z,NORMAL,-13.63,-7.99,24.01,621.5,-0.72,0.67,-1.25,-102,153,92,32,8.14,35.61,95,2,-60.009362,20.017402,1.419,137.1,89.51,HIGH_FREQUENCY,HIGH_LOAD,HIGH,HIGH,1,1,1,ANOMALY,true,-0.220886,0.721
2026-09-08T17:53:29.912Z,POLAR-001,2026-09-08T17:53:29.912Z,NORMAL,-13.63,-7.99,24.01,621.5,-0.72,0.67,-1.25,-102,153,92,32,8.14,35.61,95,2,-60.009516,20.017687,1.442,137.1,89.42,HIGH_FREQUENCY,HIGH_LOAD,HIGH,HIGH,1,1,1,ANOMALY,true,-0.220886,0.721
2026-09-08T17:53:34.921Z,POLAR-001,2026-09-08T17:53:34.921Z,NORMAL,-13.63,-7.99,24.01,621.5,-0.72,0.67,-1.25,-102,153,92,32,8.14,35.61,95,2,-60.009669,20.017973,1.465,137.1,89.33,HIGH_FREQUENCY,HIGH_LOAD,HIGH,HIGH,1,1,1,ANOMALY,true,-0.220886,0.721
2026-09-08T17:53:39.922Z,POLAR-001,2026-09-08T17:53:39.922Z,NORMAL,-13.63,-7.99,24.01,621.5,-0.72,0.67,-1.25,-102,153,92,32,8.14,35.61,95,2,-60.009823,20.018258,1.488,137.1,89.24,HIGH_FREQUENCY,HIGH_LOAD,HIGH,HIGH,1,1,1,ANOMALY,true,-0.220886,0.721
2026-09-08T17:53:44.928Z,POLAR-001,2026-09-08T17:53:44.928Z,NORMAL,-13.63,-7.99,24.01,621.5,-0.72,0.67,-1.25,-102,153,92,32,8.14,35.61,95,2,-60.009976,20.018543,1.512,137.1,89.15,HIGH_FREQUENCY,HIGH_LOAD,HIGH,HIGH,1,1,1,ANOMALY,true,-0.220886,0.721
2026-09-08T17:53:49.935Z,POLAR-001,2026-09-08T17:53:49.935Z,NORMAL,-13.63,-7.99,24.01,621.5,-0.72,0.67,-1.25,-102,153,92,32,8.14,35.61,95,2,-60.01013,20.018829,1.535,137.1,89.06,HIGH_FREQUENCY,HIGH_LOAD,HIGH,HIGH,1,1,1,ANOMALY,true,-0.220886,0.721
2026-09-08T17:53:54.939Z,POLAR-001,2026-09-08T17:53:54.939Z,NORMAL,-13.63,-7.99,24.01,621.5,-0.72,0.67,-1.25,-102,153,92,32,8.14,35.61,95,2,-60.010283,20.019114,1.558,137.1,88.97,HIGH_FREQUENCY,HIGH_LOAD,HIGH,HIGH,1,1,1,ANOMALY,true,-0.220886,0.721
2026-09-08T17:53:59.953Z,POLAR-001,2026-09-08T17:53:59.953Z,NORMAL,-13.63,-7.99,24.01,621.5,-0.72,0.67,-1.25,-102,153,92,32,8.14,35.61,95,2,-60.010436,20.019399,1.581,137.1,88.88,HIGH_FREQUENCY,HIGH_LOAD,HIGH,HIGH,1,1,1,ANOMALY,true,-0.220886,0.721
2026-09-08T17:54:04.956Z,POLAR-001,2026-09-08T17:54:04.956Z,NORMAL,-13.63,-7.99,24.01,621.5,-0.72,0.67,-1.25,-102,153,92,32,8.14,35.61,95,2,-60.01059,20.019685,1.605,137.1,88.79,HIGH_FREQUENCY,HIGH_LOAD,HIGH,HIGH,1,1,1,ANOMALY,true,-0.220886,0.721
2026-09-08T17:54:09.959Z,POLAR-001,2026-09-08T17:54:09.959Z,NORMAL,-13.63,-7.99,24.01,621.5,-0.72,0.67,-1.25,-102,153,92,32,8.14,35.61,95,2,-60.010743,20.01997,1.628,137.1,88.7,HIGH_FREQUENCY,HIGH_LOAD,HIGH,HIGH,1,1,1,ANOMALY,true,-0.220886,0.721
2026-09-08T17:54:14.960Z,POLAR-001,2026-09-08T17:54:14.960Z,NORMAL,-13.63,-7.99,24.01,621.5,-0.72,0.67,-1.25,-102,153,92,32,8.14,35.61,95,2,-60.010897,20.020255,1.651,137.1,88.61,HIGH_FREQUENCY,HIGH_LOAD,HIGH,HIGH,1,1,1,ANOMALY,true,-0.220886,0.721
2026-09-08T17:54:19.963Z,POLAR-001,2026-09-08T17:54:19.963Z,NORMAL,-13.63,-7.99,24.01,621.5,-0.72,0.67,-1.25,-102,153,92,32,8.14,35.61,95,2,-60.01105,20.020541,1.674,137.1,88.52,HIGH_FREQUENCY,HIGH_LOAD,HIGH,HIGH,1,1,1,ANOMALY,true,-0.220886,0.721
2026-09-08T17:54:24.970Z,POLAR-001,2026-09-08T17:54:24.970Z,NORMAL,-13.63,-7.99,24.01,621.5,-0.72,0.67,-1.25,-102,153,92,32,8.14,35.61,95,2,-60.011204,20.020826,1.698,137.1,88.43,HIGH_FREQUENCY,HIGH_LOAD,HIGH,HIGH,1,1,1,ANOMALY,true,-0.220886,0.721
2026-09-08T17:54:29.977Z,POLAR-001,2026-09-08T17:54:29.977Z,NORMAL,-13.63,-7.99,24.01,621.5,-0.72,0.67,-1.25,-102,153,92,32,8.14,35.61,95,2,-60.011357,20.021111,1.721,137.1,88.34,HIGH_FREQUENCY,HIGH_LOAD,HIGH,HIGH,1,1,1,ANOMALY,true,-0.220886,0.721
2026-09-08T17:54:34.978Z,POLAR-001,2026-09-08T17:54:34.978Z,NORMAL,-13.63,-7.99,24.01,621.5,-0.72,0.67,-1.25,-102,153,92,32,8.14,35.61,95,2,-60.011511,20.021397,1.744,137.1,88.25,HIGH_FREQUENCY,HIGH_LOAD,HIGH,HIGH,1,1,1,ANOMALY,true,-0.220886,0.721
2026-09-08T17:54:39.984Z,POLAR-001,2026-09-08T17:54:39.984Z,NORMAL,-13.63,-7.99,24.01,621.5,-0.72,0.67,-1.25,-102,153,92,32,8.14,35.61,95,2,-60.011664,20.021682,1.767,137.1,88.16,HIGH_FREQUENCY,HIGH_LOAD,HIGH,HIGH,1,1,1,ANOMALY,true,-0.220886,0.721
2026-09-08T17:54:44.988Z,POLAR-001,2026-09-08T17:54:44.988Z,NORMAL,-13.63,-7.99,24.01,621.5,-0.72,0.67,-1.25,-102,153,92,32,8.14,35.61,95,2,-60.011818,20.021967,1.791,137.1,88.07,HIGH_FREQUENCY,HIGH_LOAD,HIGH,HIGH,1,1,1,ANOMALY,true,-0.220886,0.721
2026-09-08T17:54:49.274Z,POLAR-001,2026-09-08T17:54:49.274Z,NORMAL,-13.63,25,50,1013.25,0,0,1,0,0,0,31.3,7.89,35.61,95,1.92,-60.011717,20.021967,1.802,0,87.99,HIGH_FREQUENCY,HIGH_LOAD,HIGH,LOW,0,0,1,ANOMALY,true,-0.124719,0.625
2026-09-08T17:54:49.995Z,POLAR-001,2026-09-08T17:54:49.995Z,NORMAL,-13.63,25,50,1013.25,0,0,1,0,0,0,30.6,7.64,35.61,95,1.84,-60.01162,20.021967,1.813,0,87.91,HIGH_FREQUENCY,HIGH_LOAD,HIGH,LOW,0,0,1,ANOMALY,true,-0.124719,0.625
2026-09-08T17:54:54.996Z,POLAR-001,2026-09-08T17:54:54.996Z,NORMAL,-13.63,25,50,1013.25,0,0,1,0,0,0,29.9,7.39,35.61,95,1.76,-60.011528,20.021967,1.823,0,87.83,HIGH_FREQUENCY,HIGH_LOAD,HIGH,LOW,0,0,1,ANOMALY,true,-0.124719,0.625
2026-09-08T17:55:00.000Z,POLAR-001,2026-09-08T17:55:00.000Z,NORMAL,-13.63,25,50,1013.25,0,0,1,0,0,0,29.2,7.14,35.61,95,1.68,-60.011439,20.021967,1.833,0,87.75,HIGH_FREQUENCY,HIGH_LOAD,HIGH,LOW,0,0,1,ANOMALY,true,-0.124719,0.625
2026-09-08T17:55:05.005Z,POLAR-001,2026-09-08T17:55:05.005Z,NORMAL,-13.63,25,50,1013.25,0,0,1,0,0,0,28.5,6.89,35.61,95,1.6,-60.011355,20.021967,1.842,0,87.67,HIGH_FREQUENCY,HIGH_LOAD,HIGH,LOW,0,0,1,ANOMALY,true,-0.124719,0.625
2026-09-08T17:55:10.006Z,POLAR-001,2026-09-08T17:55:10.006Z,NORMAL,-13.63,25,50,1013.25,0,0,1,0,0,0,27.8,6.64,35.61,95,1.52,-60.011274,20.021967,1.851,0,87.59,HIGH_FREQUENCY,HIGH_LOAD,HIGH,LOW,0,0,1,ANOMALY,true,-0.124719,0.625
2026-09-08T17:55:15.012Z,POLAR-001,2026-09-08T17:55:15.012Z,NORMAL,-13.63,25,50,1013.25,0,0,1,0,0,0,27.1,6.39,35.61,95,1.44,-60.011198,20.021967,1.86,0,87.51,HIGH_FREQUENCY,HIGH_LOAD,HIGH,LOW,0,0,1,ANOMALY,true,-0.124719,0.625
2026-09-08T17:55:20.018Z,POLAR-001,2026-09-08T17:55:20.018Z,NORMAL,-13.63,25,50,1013.25,0,0,1,0,0,0,26.4,6.14,35.61,95,1.36,-60.011126,20.021967,1.868,0,87.43,HIGH_FREQUENCY,HIGH_LOAD,HIGH,LOW,0,0,1,ANOMALY,true,-0.124719,0.625
2026-09-08T17:55:25.018Z,POLAR-001,2026-09-08T17:55:25.018Z,NORMAL,-13.63,25,50,1013.25,0,0,1,0,0,0,25.7,5.89,35.61,95,1.28,-60.011057,20.021967,1.875,0,87.35,HIGH_FREQUENCY,HIGH_LOAD,HIGH,LOW,0,0,1,ANOMALY,true,-0.124719,0.625
2026-09-08T17:55:30.023Z,POLAR-001,2026-09-08T17:55:30.023Z,NORMAL,-13.63,25,50,1013.25,0,0,1,0,0,0,25,5.64,35.61,95,1.2,-60.010993,20.021967,1.882,0,87.27,HIGH_FREQUENCY,HIGH_LOAD,HIGH,LOW,0,0,1,ANOMALY,true,-0.124719,0.625
2026-09-08T17:55:35.030Z,POLAR-001,2026-09-08T17:55:35.030Z,NORMAL,-13.63,25,50,1013.25,0,0,1,0,0,0,24.3,5.39,35.61,95,1.12,-60.010933,20.021967,1.889,0,87.19,HIGH_FREQUENCY,HIGH_LOAD,HIGH,LOW,0,0,1,ANOMALY,true,-0.124719,0.625
2026-09-08T17:55:40.035Z,POLAR-001,2026-09-08T17:55:40.035Z,NORMAL,-13.63,25,50,1013.25,0,0,1,0,0,0,23.6,5.14,35.61,95,1.04,-60.010877,20.021967,1.895,0,87.11,HIGH_FREQUENCY,HIGH_LOAD,HIGH,LOW,0,0,1,ANOMALY,true,-0.124719,0.625
2026-09-08T17:55:45.035Z,POLAR-001,2026-09-08T17:55:45.035Z,NORMAL,-13.63,25,50,1013.25,0,0,1,0,0,0,22.9,4.89,35.61,95,0.96,-60.010825,20.021967,1.901,0,87.03,HIGH_FREQUENCY,HIGH_LOAD,HIGH,LOW,0,0,1,ANOMALY,true,-0.124719,0.625
2026-09-08T17:55:50.041Z,POLAR-001,2026-09-08T17:55:50.041Z,NORMAL,-13.63,25,50,1013.25,0,0,1,0,0,0,22.2,4.64,35.61,95,0.88,-60.010777,20.021967,1.906,0,86.95,HIGH_FREQUENCY,HIGH_LOAD,HIGH,LOW,0,0,1,ANOMALY,true,-0.124719,0.625
2026-09-08T17:55:55.040Z,POLAR-001,2026-09-08T17:55:55.040Z,NORMAL,-13.63,25,50,1013.25,0,0,1,0,0,0,21.5,4.39,35.61,95,0.8,-60.010733,20.021967,1.911,0,86.87,HIGH_FREQUENCY,HIGH_LOAD,HIGH,LOW,0,0,1,ANOMALY,true,-0.124719,0.625
2026-09-08T17:56:00.045Z,POLAR-001,2026-09-08T17:56:00.045Z,NORMAL,-13.63,25,50,1013.25,0,0,1,0,0,0,20.8,4.14,35.61,95,0.72,-60.010693,20.021967,1.916,0,86.79,HIGH_FREQUENCY,HIGH_LOAD,HIGH,LOW,0,0,1,ANOMALY,true,-0.124719,0.625
2026-09-08T17:56:05.045Z,POLAR-001,2026-09-08T17:56:05.045Z,NORMAL,-13.63,25,50,1013.25,0,0,1,0,0,0,20.1,3.89,35.61,95,0.64,-60.010657,20.021967,1.92,0,86.71,HIGH_FREQUENCY,HIGH_LOAD,HIGH,LOW,0,0,1,ANOMALY,true,-0.124719,0.625
2026-09-08T17:56:10.045Z,POLAR-001,2026-09-08T17:56:10.045Z,NORMAL,-13.63,25,50,1013.25,0,0,1,0,0,0,19.4,3.64,35.61,95,0.56,-60.010625,20.021967,1.923,0,86.63,HIGH_FREQUENCY,HIGH_LOAD,HIGH,LOW,0,0,1,ANOMALY,true,-0.124719,0.625
2026-09-08T17:56:15.051Z,POLAR-001,2026-09-08T17:56:15.051Z,NORMAL,-13.63,25,50,1013.25,0,0,1,0,0,0,18.7,3.39,35.61,95,0.48,-60.010598,20.021967,1.926,0,86.55,HIGH_FREQUENCY,HIGH_LOAD,HIGH,LOW,0,0,1,ANOMALY,true,-0.124719,0.625
2026-09-08T17:56:20.057Z,POLAR-001,2026-09-08T17:56:20.057Z,NORMAL,-13.63,25,50,1013.25,0,0,1,0,0,0,18,3.14,35.61,95,0.4,-60.010574,20.021967,1.929,0,86.47,HIGH_FREQUENCY,HIGH_LOAD,HIGH,LOW,0,0,1,ANOMALY,true,-0.124719,0.625
2026-09-08T17:56:25.063Z,POLAR-001,2026-09-08T17:56:25.063Z,NORMAL,-13.63,25,50,1013.25,0,0,1,0,0,0,17.3,2.89,35.61,95,0.32,-60.010554,20.021967,1.931,0,86.43,ADAPTIVE,BALANCED,MEDIUM,LOW,0,0,1,ANOMALY,true,-0.124719,0.625
2026-09-08T17:56:30.069Z,POLAR-001,2026-09-08T17:56:30.069Z,NORMAL,-13.63,25,50,1013.25,0,0,1,0,0,0,16.6,2.64,35.61,95,0.3,-60.010536,20.021967,1.933,0,86.4,ADAPTIVE,BALANCED,MEDIUM,LOW,0,0,1,ANOMALY,true,-0.124719,0.625
2026-09-08T17:56:35.069Z,POLAR-001,2026-09-08T17:56:35.069Z,NORMAL,-13.63,25,50,1013.25,0,0,1,0,0,0,15.9,2.39,35.61,95,0.3,-60.010518,20.021967,1.935,0,86.36,ADAPTIVE,BALANCED,MEDIUM,LOW,0,0,1,ANOMALY,true,-0.124719,0.625
2026-09-08T17:56:40.075Z,POLAR-001,2026-09-08T17:56:40.075Z,NORMAL,-13.63,25,50,1013.25,0,0,1,0,0,0,15.2,2.14,35.61,95,0.3,-60.010501,20.021967,1.937,0,86.33,ADAPTIVE,BALANCED,MEDIUM,LOW,0,0,1,ANOMALY,true,-0.124719,0.625
2026-09-08T17:56:45.082Z,POLAR-001,2026-09-08T17:56:45.082Z,NORMAL,-13.63,25,50,1013.25,0,0,1,0,0,0,14.5,1.89,35.61,95,0.3,-60.010484,20.021967,1.939,0,86.29,ADAPTIVE,BALANCED,MEDIUM,LOW,0,0,1,ANOMALY,true,-0.124719,0.625
2026-09-08T17:56:50.085Z,POLAR-001,2026-09-08T17:56:50.085Z,NORMAL,-13.63,25,50,1013.25,0,0,1,0,0,0,13.8,1.76,35.61,95,0.3,-60.010467,20.021967,1.941,0,86.26,ADAPTIVE,BALANCED,MEDIUM,LOW,0,0,1,ANOMALY,true,-0.124719,0.625
2026-09-08T17:56:55.091Z,POLAR-001,2026-09-08T17:56:55.091Z,NORMAL,-13.63,25,50,1013.25,0,0,1,0,0,0,13.1,1.76,35.61,95,0.3,-60.010451,20.021967,1.942,0,86.22,ADAPTIVE,BALANCED,MEDIUM,LOW,0,0,1,ANOMALY,true,-0.124719,0.625
2026-09-08T17:57:00.091Z,POLAR-001,2026-09-08T17:57:00.091Z,NORMAL,-13.63,25,50,1013.25,0,0,1,0,0,0,12.4,1.76,35.61,95,0.3,-60.010434,20.021967,1.944,0,86.19,ADAPTIVE,BALANCED,MEDIUM,LOW,0,0,1,ANOMALY,true,-0.124719,0.625
2026-09-08T17:57:05.097Z,POLAR-001,2026-09-08T17:57:05.097Z,NORMAL,-13.63,25,50,1013.25,0,0,1,0,0,0,11.7,1.76,35.61,95,0.3,-60.010417,20.021967,1.946,0,86.15,ADAPTIVE,BALANCED,MEDIUM,LOW,0,0,1,ANOMALY,true,-0.124719,0.625
2026-09-08T17:57:10.098Z,POLAR-001,2026-09-08T17:57:10.098Z,NORMAL,-13.63,25,50,1013.25,0,0,1,0,0,0,11,1.76,35.61,95,0.3,-60.010401,20.021967,1.948,0,86.12,ADAPTIVE,BALANCED,MEDIUM,LOW,0,0,1,ANOMALY,true,-0.124719,0.625
2026-09-08T17:57:15.103Z,POLAR-001,2026-09-08T17:57:15.103Z,NORMAL,-13.63,25,50,1013.25,0,0,1,0,0,0,10.3,1.76,35.61,95,0.3,-60.010384,20.021967,1.95,0,86.08,ADAPTIVE,BALANCED,MEDIUM,LOW,0,0,1,ANOMALY,true,-0.124719,0.625
2026-09-08T17:57:20.103Z,POLAR-001,2026-09-08T17:57:20.103Z,NORMAL,-13.63,25,50,1013.25,0,0,1,0,0,0,9.6,1.76,35.61,95,0.3,-60.010367,20.021967,1.952,0,86.05,ADAPTIVE,BALANCED,MEDIUM,LOW,0,0,1,ANOMALY,true,-0.124719,0.625
2026-09-08T17:57:25.109Z,POLAR-001,2026-09-08T17:57:25.109Z,NORMAL,-13.63,25,50,1013.25,0,0,1,0,0,0,8.9,1.76,35.61,95,0.3,-60.010351,20.021967,1.954,0,86.01,ADAPTIVE,BALANCED,MEDIUM,LOW,0,0,1,ANOMALY,true,-0.124719,0.625
2026-09-08T17:57:30.116Z,POLAR-001,2026-09-08T17:57:30.116Z,NORMAL,-13.63,25,50,1013.25,0,0,1,0,0,0,8.2,1.76,35.61,95,0.3,-60.010334,20.021967,1.955,0,85.98,ADAPTIVE,BALANCED,MEDIUM,LOW,0,0,1,ANOMALY,true,-0.124719,0.625
2026-09-08T17:57:35.121Z,POLAR-001,2026-09-08T17:57:35.121Z,NORMAL,-13.63,25,50,1013.25,0,0,1,0,0,0,8,1.76,35.61,95,0.3,-60.010317,20.021967,1.957,0,85.94,ADAPTIVE,BALANCED,MEDIUM,LOW,0,0,1,ANOMALY,true,-0.124719,0.625
2026-09-08T17:57:40.121Z,POLAR-001,2026-09-08T17:57:40.121Z,NORMAL,-13.63,25,50,1013.25,0,0,1,0,0,0,8,1.76,35.61,95,0.3,-60.0103,20.021967,1.959,0,85.91,ADAPTIVE,BALANCED,MEDIUM,LOW,0,0,1,ANOMALY,true,-0.124719,0.625
2026-09-08T17:57:45.127Z,POLAR-001,2026-09-08T17:57:45.127Z,NORMAL,-13.63,25,50,1013.25,0,0,1,0,0,0,8,1.76,35.61,95,0.3,-60.010284,20.021967,1.961,0,85.87,ADAPTIVE,BALANCED,MEDIUM,LOW,0,0,1,ANOMALY,true,-0.124719,0.625
2026-09-08T17:57:50.133Z,POLAR-001,2026-09-08T17:57:50.133Z,NORMAL,-13.63,25,50,1013.25,0,0,1,0,0,0,8,1.76,35.61,95,0.3,-60.010267,20.021967,1.963,0,85.84,ADAPTIVE,BALANCED,MEDIUM,LOW,0,0,1,ANOMALY,true,-0.124719,0.625
2026-09-08T17:57:55.139Z,POLAR-001,2026-09-08T17:57:55.139Z,NORMAL,-13.63,25,50,1013.25,0,0,1,0,0,0,8,1.76,35.61,95,0.3,-60.01025,20.021967,1.965,0,85.8,ADAPTIVE,BALANCED,MEDIUM,LOW,0,0,1,ANOMALY,true,-0.124719,0.625
2026-09-08T17:58:00.145Z,POLAR-001,2026-09-08T17:58:00.145Z,NORMAL,-13.63,25,50,1013.25,0,0,1,0,0,0,8,1.76,35.61,95,0.3,-60.010234,20.021967,1.967,0,85.77,ADAPTIVE,BALANCED,MEDIUM,LOW,0,0,1,ANOMALY,true,-0.124719,0.625
2026-09-08T17:58:05.152Z,POLAR-001,2026-09-08T17:58:05.152Z,NORMAL,-13.63,25,50,1013.25,0,0,1,0,0,0,8,1.76,35.61,95,0.3,-60.010217,20.021967,1.968,0,85.73,ADAPTIVE,BALANCED,MEDIUM,LOW,0,0,1,ANOMALY,true,-0.124719,0.625
2026-09-08T17:58:10.154Z,POLAR-001,2026-09-08T17:58:10.154Z,NORMAL,-13.63,25,50,1013.25,0,0,1,0,0,0,8,1.76,35.61,95,0.3,-60.0102,20.021967,1.97,0,85.7,ADAPTIVE,BALANCED,MEDIUM,LOW,0,0,1,ANOMALY,true,-0.124719,0.625
2026-09-08T17:58:15.156Z,POLAR-001,2026-09-08T17:58:15.156Z,NORMAL,-13.63,25,50,1013.25,0,0,1,0,0,0,8,1.76,35.61,95,0.3,-60.010184,20.021967,1.972,0,85.66,ADAPTIVE,BALANCED,MEDIUM,LOW,0,0,1,ANOMALY,true,-0.124719,0.625
2026-09-08T17:58:20.162Z,POLAR-001,2026-09-08T17:58:20.163Z,NORMAL,-13.63,25,50,1013.25,0,0,1,0,0,0,8,1.76,35.61,95,0.3,-60.010167,20.021967,1.974,0,85.63,ADAPTIVE,BALANCED,MEDIUM,LOW,0,0,1,ANOMALY,true,-0.124719,0.625
2026-09-08T17:58:25.162Z,POLAR-001,2026-09-08T17:58:25.162Z,NORMAL,-13.63,25,50,1013.25,0,0,1,0,0,0,8,1.76,35.61,95,0.3,-60.01015,20.021967,1.976,0,85.59,ADAPTIVE,BALANCED,MEDIUM,LOW,0,0,1,ANOMALY,true,-0.124719,0.625
2026-09-08T17:58:30.163Z,POLAR-001,2026-09-08T17:58:30.163Z,NORMAL,-13.63,25,50,1013.25,0,0,1,0,0,0,8,1.76,35.61,95,0.3,-60.010134,20.021967,1.978,0,85.56,ADAPTIVE,BALANCED,MEDIUM,LOW,0,0,1,ANOMALY,true,-0.124719,0.625
2026-09-08T17:58:35.166Z,POLAR-001,2026-09-08T17:58:35.166Z,NORMAL,-13.63,25,50,1013.25,0,0,1,0,0,0,8,1.76,35.61,95,0.3,-60.010117,20.021967,1.98,0,85.52,ADAPTIVE,BALANCED,MEDIUM,LOW,0,0,1,ANOMALY,true,-0.124719,0.625
2026-09-08T17:58:40.166Z,POLAR-001,2026-09-08T17:58:40.166Z,NORMAL,-13.63,25,50,1013.25,0,0,1,0,0,0,8,1.76,35.61,95,0.3,-60.0101,20.021967,1.981,0,85.49,ADAPTIVE,BALANCED,MEDIUM,LOW,0,0,1,ANOMALY,true,-0.124719,0.625
2026-09-08T17:58:45.172Z,POLAR-001,2026-09-08T17:58:45.172Z,NORMAL,-13.63,25,50,1013.25,0,0,1,0,0,0,8,1.76,35.61,95,0.3,-60.010084,20.021967,1.983,0,85.45,ADAPTIVE,BALANCED,MEDIUM,LOW,0,0,1,ANOMALY,true,-0.124719,0.625
2026-09-08T17:58:50.172Z,POLAR-001,2026-09-08T17:58:50.172Z,NORMAL,-13.63,25,50,1013.25,0,0,1,0,0,0,8,1.76,35.61,95,0.3,-60.010067,20.021967,1.985,0,85.42,ADAPTIVE,BALANCED,MEDIUM,LOW,0,0,1,ANOMALY,true,-0.124719,0.625
2026-09-08T17:58:55.177Z,POLAR-001,2026-09-08T17:58:55.177Z,NORMAL,-13.63,25,50,1013.25,0,0,1,0,0,0,8,1.76,35.61,95,0.3,-60.01005,20.021967,1.987,0,85.38,ADAPTIVE,BALANCED,MEDIUM,LOW,0,0,1,ANOMALY,true,-0.124719,0.625
2026-09-08T17:59:00.190Z,POLAR-001,2026-09-08T17:59:00.190Z,NORMAL,-13.63,25,50,1013.25,0,0,1,0,0,0,8,1.76,35.61,95,0.3,-60.010034,20.021967,1.989,0,85.35,ADAPTIVE,BALANCED,MEDIUM,LOW,0,0,1,ANOMALY,true,-0.124719,0.625
2026-09-08T17:59:05.190Z,POLAR-001,2026-09-08T17:59:05.190Z,NORMAL,-13.63,25,50,1013.25,0,0,1,0,0,0,8,1.76,35.61,95,0.3,-60.010017,20.021967,1.991,0,85.31,ADAPTIVE,BALANCED,MEDIUM,LOW,0,0,1,ANOMALY,true,-0.124719,0.625
2026-09-08T17:59:10.195Z,POLAR-001,2026-09-08T17:59:10.195Z,NORMAL,-13.63,25,50,1013.25,0,0,1,0,0,0,8,1.76,35.61,95,0.3,-60.01,20.021967,1.992,0,85.28,ADAPTIVE,BALANCED,MEDIUM,LOW,0,0,1,ANOMALY,true,-0.124719,0.625
2026-09-08T17:59:15.202Z,POLAR-001,2026-09-08T17:59:15.202Z,NORMAL,-13.63,25,50,1013.25,0,0,1,0,0,0,8,1.76,35.61,95,0.3,-60.009983,20.021967,1.994,0,85.24,ADAPTIVE,BALANCED,MEDIUM,LOW,0,0,1,ANOMALY,true,-0.124719,0.625
2026-09-08T17:59:20.208Z,POLAR-001,2026-09-08T17:59:20.208Z,NORMAL,-13.63,25,50,1013.25,0,0,1,0,0,0,8,1.76,35.61,95,0.3,-60.009967,20.021967,1.996,0,85.21,ADAPTIVE,BALANCED,MEDIUM,LOW,0,0,1,ANOMALY,true,-0.124719,0.625
2026-09-08T17:59:25.214Z,POLAR-001,2026-09-08T17:59:25.214Z,NORMAL,-13.63,25,50,1013.25,0,0,1,0,0,0,8,1.76,35.61,95,0.3,-60.00995,20.021967,1.998,0,85.17,ADAPTIVE,BALANCED,MEDIUM,LOW,0,0,1,ANOMALY,true,-0.124719,0.625
2026-09-08T17:59:30.220Z,POLAR-001,2026-09-08T17:59:30.220Z,NORMAL,-13.63,25,50,1013.25,0,0,1,0,0,0,8,1.76,35.61,95,0.3,-60.009933,20.021967,2,0,85.14,ADAPTIVE,BALANCED,MEDIUM,LOW,0,0,1,ANOMALY,true,-0.124719,0.625
2026-09-08T17:59:35.220Z,POLAR-001,2026-09-08T17:59:35.220Z,NORMAL,-13.63,25,50,1013.25,0,0,1,0,0,0,8,1.76,35.61,95,0.3,-60.009917,20.021967,2.002,0,85.1,ADAPTIVE,BALANCED,MEDIUM,LOW,0,0,1,ANOMALY,true,-0.124719,0.625
2026-09-08T17:59:40.226Z,POLAR-001,2026-09-08T17:59:40.226Z,NORMAL,-13.63,25,50,1013.25,0,0,1,0,0,0,8,1.76,35.61,95,0.3,-60.0099,20.021967,2.004,0,85.07,ADAPTIVE,BALANCED,MEDIUM,LOW,0,0,1,ANOMALY,true,-0.124719,0.625
2026-09-08T17:59:45.232Z,POLAR-001,2026-09-08T17:59:45.232Z,NORMAL,-13.63,25,50,1013.25,0,0,1,0,0,0,8,1.76,35.61,95,0.3,-60.009883,20.021967,2.005,0,85.03,ADAPTIVE,BALANCED,MEDIUM,LOW,0,0,1,ANOMALY,true,-0.124719,0.625
2026-09-08T17:59:50.235Z,POLAR-001,2026-09-08T17:59:50.235Z,NORMAL,-13.63,25,50,1013.25,0,0,1,0,0,0,8,1.76,35.61,95,0.3,-60.009867,20.021967,2.007,0,85,ADAPTIVE,BALANCED,MEDIUM,LOW,0,0,1,ANOMALY,true,-0.124719,0.625
2026-09-08T17:59:55.236Z,POLAR-001,2026-09-08T17:59:55.237Z,NORMAL,-13.63,25,50,1013.25,0,0,1,0,0,0,8,1.76,35.61,95,0.3,-60.00985,20.021967,2.009,0,84.96,ADAPTIVE,BALANCED,MEDIUM,LOW,0,0,1,ANOMALY,true,-0.124719,0.625
2026-09-08T18:00:00.251Z,POLAR-001,2026-09-08T18:00:00.251Z,NORMAL,-13.63,25,50,1013.25,0,0,1,0,0,0,8,1.76,35.61,95,0.3,-60.009833,20.021967,2.011,0,84.93,ADAPTIVE,BALANCED,MEDIUM,LOW,0,0,1,ANOMALY,true,-0.124719,0.625
2026-09-08T18:00:05.255Z,POLAR-001,2026-09-08T18:00:05.255Z,NORMAL,-13.63,25,50,1013.25,0,0,1,0,0,0,8,1.76,35.61,95,0.3,-60.009817,20.021967,2.013,0,84.89,ADAPTIVE,BALANCED,MEDIUM,LOW,0,0,1,ANOMALY,true,-0.124719,0.625
2026-09-08T18:00:10.256Z,POLAR-001,2026-09-08T18:00:10.256Z,NORMAL,-13.63,25,50,1013.25,0,0,1,0,0,0,8,1.76,35.61,95,0.3,-60.0098,20.021967,2.015,0,84.86,ADAPTIVE,BALANCED,MEDIUM,LOW,0,0,1,ANOMALY,true,-0.124719,0.625
2026-09-08T18:00:15.262Z,POLAR-001,2026-09-08T18:00:15.262Z,NORMAL,-13.63,25,50,1013.25,0,0,1,0,0,0,8,1.76,35.61,95,0.3,-60.009783,20.021967,2.017,0,84.82,ADAPTIVE,BALANCED,MEDIUM,LOW,0,0,1,ANOMALY,true,-0.124719,0.625
2026-09-08T18:00:20.268Z,POLAR-001,2026-09-08T18:00:20.268Z,NORMAL,-13.63,25,50,1013.25,0,0,1,0,0,0,8,1.76,35.61,95,0.3,-60.009767,20.021967,2.018,0,84.79,ADAPTIVE,BALANCED,MEDIUM,LOW,0,0,1,ANOMALY,true,-0.124719,0.625
2026-09-08T18:00:25.268Z,POLAR-001,2026-09-08T18:00:25.268Z,NORMAL,-13.63,25,50,1013.25,0,0,1,0,0,0,8,1.76,35.61,95,0.3,-60.00975,20.021967,2.02,0,84.75,ADAPTIVE,BALANCED,MEDIUM,LOW,0,0,1,ANOMALY,true,-0.124719,0.625
2026-09-08T18:00:30.273Z,POLAR-001,2026-09-08T18:00:30.273Z,NORMAL,-13.63,25,50,1013.25,0,0,1,0,0,0,8,1.76,35.61,95,0.3,-60.009733,20.021967,2.022,0,84.72,ADAPTIVE,BALANCED,MEDIUM,LOW,0,0,1,ANOMALY,true,-0.124719,0.625
2026-09-08T18:00:35.279Z,POLAR-001,2026-09-08T18:00:35.279Z,NORMAL,-13.63,25,50,1013.25,0,0,1,0,0,0,8,1.76,35.61,95,0.3,-60.009716,20.021967,2.024,0,84.68,ADAPTIVE,BALANCED,MEDIUM,LOW,0,0,1,ANOMALY,true,-0.124719,0.625
2026-09-08T18:00:40.292Z,POLAR-001,2026-09-08T18:00:40.292Z,NORMAL,-13.63,25,50,1013.25,0,0,1,0,0,0,8,1.76,35.61,95,0.3,-60.0097,20.021967,2.026,0,84.65,ADAPTIVE,BALANCED,MEDIUM,LOW,0,0,1,ANOMALY,true,-0.124719,0.625
2026-09-08T18:00:45.297Z,POLAR-001,2026-09-08T18:00:45.297Z,NORMAL,-13.63,25,50,1013.25,0,0,1,0,0,0,8,1.76,35.61,95,0.3,-60.009683,20.021967,2.028,0,84.61,ADAPTIVE,BALANCED,MEDIUM,LOW,0,0,1,ANOMALY,true,-0.124719,0.625
2026-09-08T18:00:50.302Z,POLAR-001,2026-09-08T18:00:50.302Z,NORMAL,-13.63,25,50,1013.25,0,0,1,0,0,0,8,1.76,35.61,95,0.3,-60.009666,20.021967,2.03,0,84.58,ADAPTIVE,BALANCED,MEDIUM,LOW,0,0,1,ANOMALY,true,-0.124719,0.625
2026-09-08T18:00:55.308Z,POLAR-001,2026-09-08T18:00:55.308Z,NORMAL,-13.63,25,50,1013.25,0,0,1,0,0,0,8,1.76,35.61,95,0.3,-60.00965,20.021967,2.031,0,84.54,ADAPTIVE,BALANCED,MEDIUM,LOW,0,0,1,ANOMALY,true,-0.124719,0.625
2026-09-08T18:01:00.309Z,POLAR-001,2026-09-08T18:01:00.309Z,STORM,-13.63,25,50,1013.25,0,0,1,0,0,0,8.7,2.01,35.61,95,0.3,-60.009633,20.021967,2.033,0,84.51,ADAPTIVE,BALANCED,MEDIUM,LOW,0,0,1,ANOMALY,true,-0.124719,0.625
2026-09-08T18:01:05.312Z,POLAR-001,2026-09-08T18:01:05.312Z,STORM,-13.63,25,50,1013.25,0,0,1,0,0,0,9.4,2.26,35.61,95,0.3,-60.009615,20.021967,2.035,0,84.47,ADAPTIVE,BALANCED,MEDIUM,LOW,0,0,1,ANOMALY,true,-0.124719,0.625
2026-09-08T18:01:10.315Z,POLAR-001,2026-09-08T18:01:10.315Z,STORM,-13.63,25,50,1013.25,0,0,1,0,0,0,10.1,2.51,35.61,95,0.3,-60.009597,20.021967,2.037,0,84.44,ADAPTIVE,BALANCED,MEDIUM,LOW,0,0,1,ANOMALY,true,-0.124719,0.625
2026-09-08T18:01:15.322Z,POLAR-001,2026-09-08T18:01:15.322Z,STORM,-13.63,25,50,1013.25,0,0,1,0,0,0,10.8,2.76,35.61,95,0.3,-60.009579,20.021967,2.039,0,84.4,ADAPTIVE,BALANCED,MEDIUM,LOW,0,0,1,ANOMALY,true,-0.124719,0.625
2026-09-08T18:01:20.328Z,POLAR-001,2026-09-08T18:01:20.328Z,STORM,-13.63,25,50,1013.25,0,0,1,0,0,0,11.5,3.01,35.61,95,0.3,-60.00956,20.021967,2.041,0,84.37,ADAPTIVE,BALANCED,MEDIUM,LOW,0,0,1,ANOMALY,true,-0.124719,0.625
2026-09-08T18:01:25.335Z,POLAR-001,2026-09-08T18:01:25.335Z,STORM,-13.63,25,50,1013.25,0,0,1,0,0,0,12.2,3.26,35.61,95,0.3,-60.00954,20.021967,2.044,0,84.33,ADAPTIVE,BALANCED,MEDIUM,LOW,0,0,1,ANOMALY,true,-0.124719,0.625
2026-09-08T18:01:30.341Z,POLAR-001,2026-09-08T18:01:30.341Z,STORM,-13.63,25,50,1013.25,0,0,1,0,0,0,12.9,3.51,35.61,95,0.3,-60.00952,20.021967,2.046,0,84.3,ADAPTIVE,BALANCED,MEDIUM,LOW,0,0,1,ANOMALY,true,-0.124719,0.625
2026-09-08T18:01:35.347Z,POLAR-001,2026-09-08T18:01:35.347Z,STORM,-13.63,25,50,1013.25,0,0,1,0,0,0,13.6,3.76,35.61,95,0.3,-60.0095,20.021967,2.048,0,84.26,ADAPTIVE,BALANCED,MEDIUM,LOW,0,0,1,ANOMALY,true,-0.124719,0.625
2026-09-08T18:01:40.353Z,POLAR-001,2026-09-08T18:01:40.353Z,STORM,-13.63,25,50,1013.25,0,0,1,0,0,0,14.3,4.01,35.61,95,0.3,-60.009479,20.021967,2.05,0,84.18,HIGH_FREQUENCY,HIGH_LOAD,HIGH,LOW,0,0,1,ANOMALY,true,-0.124719,0.625
2026-09-08T18:01:45.359Z,POLAR-001,2026-09-08T18:01:45.359Z,STORM,-13.63,25,50,1013.25,0,0,1,0,0,0,15,4.26,35.61,95,0.3,-60.009458,20.021967,2.053,0,84.1,HIGH_FREQUENCY,HIGH_LOAD,HIGH,LOW,0,0,1,ANOMALY,true,-0.124719,0.625
2026-09-08T18:01:50.359Z,POLAR-001,2026-09-08T18:01:50.359Z,STORM,-13.63,25,50,1013.25,0,0,1,0,0,0,15.7,4.51,35.61,95,0.3,-60.009436,20.021967,2.055,0,84.02,HIGH_FREQUENCY,HIGH_LOAD,HIGH,LOW,0,0,1,ANOMALY,true,-0.124719,0.625
2026-09-08T18:01:55.365Z,POLAR-001,2026-09-08T18:01:55.365Z,STORM,-13.63,25,50,1013.25,0,0,1,0,0,0,16.4,4.76,35.61,95,0.3,-60.009414,20.021967,2.057,0,83.94,HIGH_FREQUENCY,HIGH_LOAD,HIGH,LOW,0,0,1,ANOMALY,true,-0.124719,0.625
2026-09-08T18:02:00.370Z,POLAR-001,2026-09-08T18:02:00.371Z,STORM,-13.63,25,50,1013.25,0,0,1,0,0,0,17.1,5.01,35.61,95,0.3,-60.009392,20.021967,2.06,0,83.86,HIGH_FREQUENCY,HIGH_LOAD,HIGH,LOW,0,0,1,ANOMALY,true,-0.124719,0.625
2026-09-08T18:02:05.376Z,POLAR-001,2026-09-08T18:02:05.376Z,STORM,-13.63,25,50,1013.25,0,0,1,0,0,0,17.8,5.26,35.61,95,0.3,-60.009369,20.021967,2.063,0,83.78,HIGH_FREQUENCY,HIGH_LOAD,HIGH,LOW,0,0,1,ANOMALY,true,-0.124719,0.625
2026-09-08T18:02:10.376Z,POLAR-001,2026-09-08T18:02:10.376Z,STORM,-13.63,25,50,1013.25,0,0,1,0,0,0,18.5,5.51,35.61,95,0.3,-60.009345,20.021967,2.065,0,83.7,HIGH_FREQUENCY,HIGH_LOAD,HIGH,LOW,0,0,1,ANOMALY,true,-0.124719,0.625
2026-09-08T18:02:15.381Z,POLAR-001,2026-09-08T18:02:15.381Z,STORM,-13.63,25,50,1013.25,0,0,1,0,0,0,19.2,5.76,35.61,95,0.3,-60.009322,20.021967,2.068,0,83.63,HIGH_FREQUENCY,HIGH_LOAD,HIGH,LOW,0,0,1,ANOMALY,true,-0.124719,0.625
2026-09-08T18:02:20.383Z,POLAR-001,2026-09-08T18:02:20.383Z,STORM,-13.63,25,50,1013.25,0,0,1,0,0,0,19.9,6,35.61,95,0.3,-60.009297,20.021967,2.07,0,83.55,HIGH_FREQUENCY,HIGH_LOAD,HIGH,LOW,0,0,1,ANOMALY,true,-0.124719,0.625
2026-09-08T18:02:25.388Z,POLAR-001,2026-09-08T18:02:25.388Z,STORM,-13.63,25,50,1013.25,0,0,1,0,0,0,20.6,6,35.61,95,0.3,-60.009273,20.021967,2.073,0,83.47,HIGH_FREQUENCY,HIGH_LOAD,HIGH,LOW,0,0,1,ANOMALY,true,-0.124719,0.625
2026-09-08T18:02:30.393Z,POLAR-001,2026-09-08T18:02:30.393Z,STORM,-13.63,25,50,1013.25,0,0,1,0,0,0,21.3,6,35.61,95,0.3,-60.009249,20.021967,2.076,0,83.39,HIGH_FREQUENCY,HIGH_LOAD,HIGH,LOW,0,0,1,ANOMALY,true,-0.124719,0.625
2026-09-08T18:02:35.393Z,POLAR-001,2026-09-08T18:02:35.393Z,STORM,-13.63,25,50,1013.25,0,0,1,0,0,0,22,6,35.61,95,0.3,-60.009224,20.021967,2.079,0,83.31,HIGH_FREQUENCY,HIGH_LOAD,HIGH,LOW,0,0,1,ANOMALY,true,-0.124719,0.625
2026-09-08T18:02:40.399Z,POLAR-001,2026-09-08T18:02:40.399Z,STORM,-13.63,25,50,1013.25,0,0,1,0,0,0,22.7,6,35.61,95,0.3,-60.0092,20.021967,2.081,0,83.23,HIGH_FREQUENCY,HIGH_LOAD,HIGH,LOW,0,0,1,ANOMALY,true,-0.124719,0.625
2026-09-08T18:02:45.405Z,POLAR-001,2026-09-08T18:02:45.405Z,STORM,-13.63,25,50,1013.25,0,0,1,0,0,0,23.4,6,35.61,95,0.3,-60.009176,20.021967,2.084,0,83.15,HIGH_FREQUENCY,HIGH_LOAD,HIGH,LOW,0,0,1,ANOMALY,true,-0.124719,0.625
2026-09-08T18:02:50.411Z,POLAR-001,2026-09-08T18:02:50.411Z,STORM,-13.63,25,50,1013.25,0,0,1,0,0,0,24.1,6,35.61,95,0.3,-60.009151,20.021967,2.087,0,83.07,HIGH_FREQUENCY,HIGH_LOAD,HIGH,LOW,0,0,1,ANOMALY,true,-0.124719,0.625
2026-09-08T18:02:55.415Z,POLAR-001,2026-09-08T18:02:55.415Z,STORM,-13.63,25,50,1013.25,0,0,1,0,0,0,24.5,6,35.61,95,0.3,-60.009127,20.021967,2.089,0,82.99,HIGH_FREQUENCY,HIGH_LOAD,HIGH,LOW,0,0,1,ANOMALY,true,-0.124719,0.625
2026-09-08T18:03:00.416Z,POLAR-001,2026-09-08T18:03:00.416Z,STORM,-13.63,25,50,1013.25,0,0,1,0,0,0,24.5,6,35.61,95,0.3,-60.009103,20.021967,2.092,0,82.91,HIGH_FREQUENCY,HIGH_LOAD,HIGH,LOW,0,0,1,ANOMALY,true,-0.124719,0.625
2026-09-08T18:03:05.421Z,POLAR-001,2026-09-08T18:03:05.421Z,STORM,-13.63,25,50,1013.25,0,0,1,0,0,0,24.5,6,35.61,95,0.3,-60.009078,20.021967,2.095,0,82.83,HIGH_FREQUENCY,HIGH_LOAD,HIGH,LOW,0,0,1,ANOMALY,true,-0.124719,0.625
2026-09-08T18:03:10.436Z,POLAR-001,2026-09-08T18:03:10.436Z,STORM,-13.63,25,50,1013.25,0,0,1,0,0,0,24.5,6,35.61,95,0.3,-60.009054,20.021967,2.097,0,82.75,HIGH_FREQUENCY,HIGH_LOAD,HIGH,LOW,0,0,1,ANOMALY,true,-0.124719,0.625
2026-09-08T18:03:15.441Z,POLAR-001,2026-09-08T18:03:15.441Z,STORM,-13.63,25,50,1013.25,0,0,1,0,0,0,24.5,6,35.61,95,0.3,-60.00903,20.021967,2.1,0,82.67,HIGH_FREQUENCY,HIGH_LOAD,HIGH,LOW,0,0,1,ANOMALY,true,-0.124719,0.625
2026-09-08T18:03:20.448Z,POLAR-001,2026-09-08T18:03:20.448Z,STORM,-13.63,25,50,1013.25,0,0,1,0,0,0,24.5,6,35.61,95,0.3,-60.009005,20.021967,2.103,0,82.59,HIGH_FREQUENCY,HIGH_LOAD,HIGH,LOW,0,0,1,ANOMALY,true,-0.124719,0.625
2026-09-08T18:03:25.454Z,POLAR-001,2026-09-08T18:03:25.454Z,STORM,-13.63,25,50,1013.25,0,0,1,0,0,0,24.5,6,35.61,95,0.3,-60.008981,20.021967,2.106,0,82.51,HIGH_FREQUENCY,HIGH_LOAD,HIGH,LOW,0,0,1,ANOMALY,true,-0.124719,0.625
2026-09-08T18:03:30.460Z,POLAR-001,2026-09-08T18:03:30.460Z,STORM,-13.63,25,50,1013.25,0,0,1,0,0,0,24.5,6,35.61,95,0.3,-60.008957,20.021967,2.108,0,82.43,HIGH_FREQUENCY,HIGH_LOAD,HIGH,LOW,0,0,1,ANOMALY,true,-0.124719,0.625
2026-09-08T18:03:35.461Z,POLAR-001,2026-09-08T18:03:35.461Z,STORM,-13.63,25,50,1013.25,0,0,1,0,0,0,24.5,6,35.61,95,0.3,-60.008932,20.021967,2.111,0,82.35,HIGH_FREQUENCY,HIGH_LOAD,HIGH,LOW,0,0,1,ANOMALY,true,-0.124719,0.625
2026-09-08T18:03:40.464Z,POLAR-001,2026-09-08T18:03:40.464Z,STORM,-13.63,25,50,1013.25,0,0,1,0,0,0,24.5,6,35.61,95,0.3,-60.008908,20.021967,2.114,0,82.27,HIGH_FREQUENCY,HIGH_LOAD,HIGH,LOW,0,0,1,ANOMALY,true,-0.124719,0.625
2026-09-08T18:03:45.465Z,POLAR-001,2026-09-08T18:03:45.465Z,STORM,-13.63,25,50,1013.25,0,0,1,0,0,0,24.5,6,35.61,95,0.3,-60.008884,20.021967,2.116,0,82.19,HIGH_FREQUENCY,HIGH_LOAD,HIGH,LOW,0,0,1,ANOMALY,true,-0.124719,0.625
2026-09-08T18:03:50.471Z,POLAR-001,2026-09-08T18:03:50.471Z,STORM,-13.63,25,50,1013.25,0,0,1,0,0,0,24.5,6,35.61,95,0.3,-60.008859,20.021967,2.119,0,82.11,HIGH_FREQUENCY,HIGH_LOAD,HIGH,LOW,0,0,1,ANOMALY,true,-0.124719,0.625
2026-09-08T18:03:55.475Z,POLAR-001,2026-09-08T18:03:55.475Z,STORM,-13.63,25,50,1013.25,0,0,1,0,0,0,24.5,6,35.61,95,0.3,-60.008835,20.021967,2.122,0,82.03,HIGH_FREQUENCY,HIGH_LOAD,HIGH,LOW,0,0,1,ANOMALY,true,-0.124719,0.625
2026-09-08T18:04:00.482Z,POLAR-001,2026-09-08T18:04:00.482Z,STORM,-13.63,25,50,1013.25,0,0,1,0,0,0,24.5,6,35.61,95,0.3,-60.008811,20.021967,2.124,0,81.95,HIGH_FREQUENCY,HIGH_LOAD,HIGH,LOW,0,0,1,ANOMALY,true,-0.124719,0.625
2026-09-08T18:04:05.488Z,POLAR-001,2026-09-08T18:04:05.488Z,NORMAL,-13.63,25,50,1013.25,0,0,1,0,0,0,23.8,5.75,35.61,95,0.3,-60.008787,20.021967,2.127,0,81.87,HIGH_FREQUENCY,HIGH_LOAD,HIGH,LOW,0,0,1,ANOMALY,true,-0.124719,0.625
2026-09-08T18:04:10.494Z,POLAR-001,2026-09-08T18:04:10.494Z,NORMAL,-13.63,25,50,1013.25,0,0,1,0,0,0,23.1,5.5,35.61,95,0.3,-60.008763,20.021967,2.13,0,81.79,HIGH_FREQUENCY,HIGH_LOAD,HIGH,LOW,0,0,1,ANOMALY,true,-0.124719,0.625
2026-09-08T18:04:15.500Z,POLAR-001,2026-09-08T18:04:15.500Z,NORMAL,-13.63,25,50,1013.25,0,0,1,0,0,0,22.4,5.25,35.61,95,0.3,-60.00874,20.021967,2.132,0,81.71,HIGH_FREQUENCY,HIGH_LOAD,HIGH,LOW,0,0,1,ANOMALY,true,-0.124719,0.625
2026-09-08T18:04:20.511Z,POLAR-001,2026-09-08T18:04:20.511Z,NORMAL,-13.63,25,50,1013.25,0,0,1,0,0,0,21.7,5,35.61,95,0.3,-60.008718,20.021967,2.135,0,81.63,HIGH_FREQUENCY,HIGH_LOAD,HIGH,LOW,0,0,1,ANOMALY,true,-0.124719,0.625
2026-09-08T18:04:25.519Z,POLAR-001,2026-09-08T18:04:25.519Z,NORMAL,-13.63,25,50,1013.25,0,0,1,0,0,0,21,4.75,35.61,95,0.3,-60.008696,20.021967,2.137,0,81.55,HIGH_FREQUENCY,HIGH_LOAD,HIGH,LOW,0,0,1,ANOMALY,true,-0.124719,0.625
2026-09-08T18:04:30.533Z,POLAR-001,2026-09-08T18:04:30.533Z,NORMAL,-13.63,25,50,1013.25,0,0,1,0,0,0,20.3,4.5,35.61,95,0.3,-60.008674,20.021967,2.14,0,81.47,HIGH_FREQUENCY,HIGH_LOAD,HIGH,LOW,0,0,1,ANOMALY,true,-0.124719,0.625
2026-09-08T18:04:35.538Z,POLAR-001,2026-09-08T18:04:35.538Z,NORMAL,-13.63,25,50,1013.25,0,0,1,0,0,0,19.6,4.25,35.61,95,0.3,-60.008653,20.021967,2.142,0,81.39,HIGH_FREQUENCY,HIGH_LOAD,HIGH,LOW,0,0,1,ANOMALY,true,-0.124719,0.625
2026-09-08T18:04:40.545Z,POLAR-001,2026-09-08T18:04:40.545Z,NORMAL,-13.63,25,50,1013.25,0,0,1,0,0,0,18.9,4,35.61,95,0.3,-60.008632,20.021967,2.144,0,81.31,HIGH_FREQUENCY,HIGH_LOAD,HIGH,LOW,0,0,1,ANOMALY,true,-0.124719,0.625
2026-09-08T18:04:45.551Z,POLAR-001,2026-09-08T18:04:45.551Z,NORMAL,-13.63,25,50,1013.25,0,0,1,0,0,0,18.2,3.75,35.61,95,0.3,-60.008612,20.021967,2.147,0,81.23,HIGH_FREQUENCY,HIGH_LOAD,HIGH,LOW,0,0,1,ANOMALY,true,-0.124719,0.625
2026-09-08T18:04:50.550Z,POLAR-001,2026-09-08T18:04:50.550Z,NORMAL,-13.63,25,50,1013.25,0,0,1,0,0,0,17.5,3.5,35.61,95,0.3,-60.008592,20.021967,2.149,0,81.19,ADAPTIVE,BALANCED,MEDIUM,LOW,0,0,1,ANOMALY,true,-0.124719,0.625
2026-09-08T18:04:55.556Z,POLAR-001,2026-09-08T18:04:55.556Z,NORMAL,-13.63,25,50,1013.25,0,0,1,0,0,0,16.8,3.25,35.61,95,0.3,-60.008573,20.021967,2.151,0,81.16,ADAPTIVE,BALANCED,MEDIUM,LOW,0,0,1,ANOMALY,true,-0.124719,0.625
2026-09-08T18:05:00.557Z,POLAR-001,2026-09-08T18:05:00.557Z,NORMAL,-13.63,25,50,1013.25,0,0,1,0,0,0,16.1,3,35.61,95,0.3,-60.008554,20.021967,2.153,0,81.12,ADAPTIVE,BALANCED,MEDIUM,LOW,0,0,1,ANOMALY,true,-0.124719,0.625
2026-09-08T18:05:05.562Z,POLAR-001,2026-09-08T18:05:05.562Z,NORMAL,-13.63,25,50,1013.25,0,0,1,0,0,0,15.4,2.75,35.61,95,0.3,-60.008536,20.021967,2.155,0,81.09,ADAPTIVE,BALANCED,MEDIUM,LOW,0,0,1,ANOMALY,true,-0.124719,0.625
2026-09-08T18:05:10.568Z,POLAR-001,2026-09-08T18:05:10.568Z,NORMAL,-13.63,25,50,1013.25,0,0,1,0,0,0,14.7,2.5,35.61,95,0.3,-60.008517,20.021967,2.157,0,81.05,ADAPTIVE,BALANCED,MEDIUM,LOW,0,0,1,ANOMALY,true,-0.124719,0.625
2026-09-08T18:05:15.574Z,POLAR-001,2026-09-08T18:05:15.574Z,NORMAL,-13.63,25,50,1013.25,0,0,1,0,0,0,14,2.25,35.61,95,0.3,-60.0085,20.021967,2.159,0,81.02,ADAPTIVE,BALANCED,MEDIUM,LOW,0,0,1,ANOMALY,true,-0.124719,0.625
2026-09-08T18:05:20.580Z,POLAR-001,2026-09-08T18:05:20.580Z,NORMAL,-13.63,25,50,1013.25,0,0,1,0,0,0,13.3,2,35.61,95,0.3,-60.008483,20.021967,2.161,0,80.98,ADAPTIVE,BALANCED,MEDIUM,LOW,0,0,1,ANOMALY,true,-0.124719,0.625
2026-09-08T18:05:25.586Z,POLAR-001,2026-09-08T18:05:25.586Z,NORMAL,-13.63,25,50,1013.25,0,0,1,0,0,0,12.6,1.76,35.61,95,0.3,-60.008466,20.021967,2.163,0,80.95,ADAPTIVE,BALANCED,MEDIUM,LOW,0,0,1,ANOMALY,true,-0.124719,0.625
2026-09-08T18:05:30.602Z,POLAR-001,2026-09-08T18:05:30.602Z,NORMAL,-13.63,25,50,1013.25,0,0,1,0,0,0,11.9,1.76,35.61,95,0.3,-60.008449,20.021967,2.165,0,80.91,ADAPTIVE,BALANCED,MEDIUM,LOW,0,0,1,ANOMALY,true,-0.124719,0.625
2026-09-08T18:05:35.605Z,POLAR-001,2026-09-08T18:05:35.605Z,NORMAL,-13.63,25,50,1013.25,0,0,1,0,0,0,11.2,1.76,35.61,95,0.3,-60.008433,20.021967,2.166,0,80.88,ADAPTIVE,BALANCED,MEDIUM,LOW,0,0,1,ANOMALY,true,-0.124719,0.625
2026-09-08T18:05:40.614Z,POLAR-001,2026-09-08T18:05:40.614Z,NORMAL,-13.63,25,50,1013.25,0,0,1,0,0,0,10.5,1.76,35.61,95,0.3,-60.008416,20.021967,2.168,0,80.84,ADAPTIVE,BALANCED,MEDIUM,LOW,0,0,1,ANOMALY,true,-0.124719,0.625
2026-09-08T18:05:45.618Z,POLAR-001,2026-09-08T18:05:45.618Z,NORMAL,-13.63,25,50,1013.25,0,0,1,0,0,0,9.8,1.76,35.61,95,0.3,-60.008399,20.021967,2.17,0,80.81,ADAPTIVE,BALANCED,MEDIUM,LOW,0,0,1,ANOMALY,true,-0.124719,0.625
2026-09-08T18:05:50.625Z,POLAR-001,2026-09-08T18:05:50.625Z,NORMAL,-13.63,25,50,1013.25,0,0,1,0,0,0,9.1,1.76,35.61,95,0.3,-60.008383,20.021967,2.172,0,80.77,ADAPTIVE,BALANCED,MEDIUM,LOW,0,0,1,ANOMALY,true,-0.124719,0.625
2026-09-08T18:05:55.630Z,POLAR-001,2026-09-08T18:05:55.630Z,NORMAL,-13.63,25,50,1013.25,0,0,1,0,0,0,8.4,1.76,35.61,95,0.3,-60.008366,20.021967,2.174,0,80.74,ADAPTIVE,BALANCED,MEDIUM,LOW,0,0,1,ANOMALY,true,-0.124719,0.625
2026-09-08T18:06:00.633Z,POLAR-001,2026-09-08T18:06:00.633Z,NORMAL,-13.63,25,50,1013.25,0,0,1,0,0,0,8,1.76,35.61,95,0.3,-60.008349,20.021967,2.176,0,80.7,ADAPTIVE,BALANCED,MEDIUM,LOW,0,0,1,ANOMALY,true,-0.124719,0.625
2026-09-08T18:06:05.635Z,POLAR-001,2026-09-08T18:06:05.635Z,NORMAL,-13.63,25,50,1013.25,0,0,1,0,0,0,8,1.76,35.61,95,0.3,-59.999983,20,0.002,0,94.97,ADAPTIVE,BALANCED,MEDIUM,LOW,0,0,1,ANOMALY,true,-0.124719,0.625
2026-09-08T18:06:10.645Z,POLAR-001,2026-09-08T18:06:10.645Z,NORMAL,-13.63,25,50,1013.25,0,0,1,0,0,0,8,1.76,35.61,95,0.3,-59.999967,20,0.004,0,94.93,ADAPTIVE,BALANCED,MEDIUM,LOW,0,0,1,ANOMALY,true,-0.124719,0.625
2026-09-08T18:06:15.649Z,POLAR-001,2026-09-08T18:06:15.649Z,NORMAL,-13.63,25,50,1013.25,0,0,1,0,0,0,8,1.76,35.61,95,0.3,-59.99995,20,0.006,0,94.9,ADAPTIVE,BALANCED,MEDIUM,LOW,0,0,1,ANOMALY,true,-0.124719,0.625
2026-09-08T18:06:20.654Z,POLAR-001,2026-09-08T18:06:20.654Z,NORMAL,-13.63,25,50,1013.25,0,0,1,0,0,0,8,1.76,35.61,95,0.3,-59.999933,20,0.007,0,94.86,ADAPTIVE,BALANCED,MEDIUM,LOW,0,0,1,ANOMALY,true,-0.124719,0.625
2026-09-08T18:06:25.660Z,POLAR-001,2026-09-08T18:06:25.660Z,NORMAL,-13.63,25,50,1013.25,0,0,1,0,0,0,8,1.76,35.61,95,0.3,-59.999917,20,0.009,0,94.83,ADAPTIVE,BALANCED,MEDIUM,LOW,0,0,1,ANOMALY,true,-0.124719,0.625
2026-09-08T18:06:30.667Z,POLAR-001,2026-09-08T18:06:30.667Z,NORMAL,-13.63,25,50,1013.25,0,0,1,0,0,0,8,1.76,35.61,95,0.3,-59.9999,20,0.011,0,94.79,ADAPTIVE,BALANCED,MEDIUM,LOW,0,0,1,ANOMALY,true,-0.124719,0.625
2026-09-08T18:06:35.666Z,POLAR-001,2026-09-08T18:06:35.666Z,NORMAL,-13.63,25,50,1013.25,0,0,1,0,0,0,8,1.76,35.61,95,0.3,-59.999883,20,0.013,0,94.76,ADAPTIVE,BALANCED,MEDIUM,LOW,0,0,1,ANOMALY,true,-0.124719,0.625
2026-09-08T18:06:40.672Z,POLAR-001,2026-09-08T18:06:40.673Z,NORMAL,-13.63,25,50,1013.25,0,0,1,0,0,0,8,1.76,35.61,95,0.3,-59.999867,20,0.015,0,94.72,ADAPTIVE,BALANCED,MEDIUM,LOW,0,0,1,ANOMALY,true,-0.124719,0.625
2026-09-08T18:06:45.678Z,POLAR-001,2026-09-08T18:06:45.678Z,NORMAL,-13.63,25,50,1013.25,0,0,1,0,0,0,8,1.76,35.61,95,0.3,-59.99985,20,0.017,0,94.69,ADAPTIVE,BALANCED,MEDIUM,LOW,0,0,1,ANOMALY,true,-0.124719,0.625
2026-09-08T18:06:50.685Z,POLAR-001,2026-09-08T18:06:50.685Z,NORMAL,-13.63,25,50,1013.25,0,0,1,0,0,0,8,1.76,35.61,95,0.3,-59.999833,20,0.019,0,94.65,ADAPTIVE,BALANCED,MEDIUM,LOW,0,0,1,ANOMALY,true,-0.124719,0.625
2026-09-08T18:06:55.691Z,POLAR-001,2026-09-08T18:06:55.691Z,NORMAL,-13.63,25,50,1013.25,0,0,1,0,0,0,8,1.76,35.61,95,0.3,-59.999816,20,0.02,0,94.62,ADAPTIVE,BALANCED,MEDIUM,LOW,0,0,1,ANOMALY,true,-0.124719,0.625
2026-09-08T18:07:00.697Z,POLAR-001,2026-09-08T18:07:00.697Z,NORMAL,-13.63,25,50,1013.25,0,0,1,0,0,0,8,1.76,35.61,95,0.3,-59.9998,20,0.022,0,94.58,ADAPTIVE,BALANCED,MEDIUM,LOW,0,0,1,ANOMALY,true,-0.124719,0.625
2026-09-08T18:07:05.704Z,POLAR-001,2026-09-08T18:07:05.704Z,NORMAL,-13.63,25,50,1013.25,0,0,1,0,0,0,8,1.76,35.61,95,0.3,-59.999783,20,0.024,0,94.55,ADAPTIVE,BALANCED,MEDIUM,LOW,0,0,1,ANOMALY,true,-0.124719,0.625
2026-09-08T18:07:10.710Z,POLAR-001,2026-09-08T18:07:10.710Z,NORMAL,-13.63,25,50,1013.25,0,0,1,0,0,0,8,1.76,35.61,95,0.3,-59.999766,20,0.026,0,94.51,ADAPTIVE,BALANCED,MEDIUM,LOW,0,0,1,ANOMALY,true,-0.124719,0.625
2026-09-08T18:07:15.716Z,POLAR-001,2026-09-08T18:07:15.716Z,NORMAL,-13.63,25,50,1013.25,0,0,1,0,0,0,8,1.76,35.61,95,0.3,-59.99975,20,0.028,0,94.48,ADAPTIVE,BALANCED,MEDIUM,LOW,0,0,1,ANOMALY,true,-0.124719,0.625
2026-09-08T18:07:20.723Z,POLAR-001,2026-09-08T18:07:20.723Z,NORMAL,-13.63,25,50,1013.25,0,0,1,0,0,0,8,1.76,35.61,95,0.3,-59.999733,20,0.03,0,94.44,ADAPTIVE,BALANCED,MEDIUM,LOW,0,0,1,ANOMALY,true,-0.124719,0.625
2026-09-08T18:07:25.728Z,POLAR-001,2026-09-08T18:07:25.728Z,NORMAL,-13.63,25,50,1013.25,0,0,1,0,0,0,8,1.76,35.61,95,0.3,-59.999716,20,0.031,0,94.41,ADAPTIVE,BALANCED,MEDIUM,LOW,0,0,1,ANOMALY,true,-0.124719,0.625
2026-09-08T18:07:30.735Z,POLAR-001,2026-09-08T18:07:30.735Z,NORMAL,-13.63,25,50,1013.25,0,0,1,0,0,0,8,1.76,35.61,95,0.3,-59.9997,20,0.033,0,94.37,ADAPTIVE,BALANCED,MEDIUM,LOW,0,0,1,ANOMALY,true,-0.124719,0.625
2026-09-08T18:07:35.741Z,POLAR-001,2026-09-08T18:07:35.741Z,NORMAL,-13.63,25,50,1013.25,0,0,1,0,0,0,8,1.76,35.61,95,0.3,-59.999683,20,0.035,0,94.34,ADAPTIVE,BALANCED,MEDIUM,LOW,0,0,1,ANOMALY,true,-0.124719,0.625
2026-09-08T18:07:40.740Z,POLAR-001,2026-09-08T18:07:40.740Z,NORMAL,-13.63,25,50,1013.25,0,0,1,0,0,0,8,1.76,35.61,95,0.3,-59.999666,20,0.037,0,94.3,ADAPTIVE,BALANCED,MEDIUM,LOW,0,0,1,ANOMALY,true,-0.124719,0.625
2026-09-08T18:07:45.746Z,POLAR-001,2026-09-08T18:07:45.746Z,NORMAL,-13.63,25,50,1013.25,0,0,1,0,0,0,8,1.76,35.61,95,0.3,-59.99965,20,0.039,0,94.27,ADAPTIVE,BALANCED,MEDIUM,LOW,0,0,1,ANOMALY,true,-0.124719,0.625
2026-09-08T18:07:50.753Z,POLAR-001,2026-09-08T18:07:50.753Z,NORMAL,-13.63,25,50,1013.25,0,0,1,0,0,0,8,1.76,35.61,95,0.3,-59.999633,20,0.041,0,94.23,ADAPTIVE,BALANCED,MEDIUM,LOW,0,0,1,ANOMALY,true,-0.124719,0.625
2026-09-08T18:07:55.756Z,POLAR-001,2026-09-08T18:07:55.756Z,NORMAL,-13.63,25,50,1013.25,0,0,1,0,0,0,8,1.76,35.61,95,0.3,-59.999616,20,0.043,0,94.2,ADAPTIVE,BALANCED,MEDIUM,LOW,0,0,1,ANOMALY,true,-0.124719,0.625
2026-09-08T18:08:00.764Z,POLAR-001,2026-09-08T18:08:00.764Z,NORMAL,-13.63,25,50,1013.25,0,0,1,0,0,0,8,1.76,35.61,95,0.3,-59.9996,20,0.044,0,94.16,ADAPTIVE,BALANCED,MEDIUM,LOW,0,0,1,ANOMALY,true,-0.124719,0.625
2026-09-08T18:08:05.768Z,POLAR-001,2026-09-08T18:08:05.768Z,NORMAL,-13.63,25,50,1013.25,0,0,1,0,0,0,8,1.76,35.61,95,0.3,-59.999583,20,0.046,0,94.13,ADAPTIVE,BALANCED,MEDIUM,LOW,0,0,1,ANOMALY,true,-0.124719,0.625
2026-09-08T18:08:10.781Z,POLAR-001,2026-09-08T18:08:10.781Z,NORMAL,-13.63,25,50,1013.25,0,0,1,0,0,0,8,1.76,35.61,95,0.3,-59.999566,20,0.048,0,94.09,ADAPTIVE,BALANCED,MEDIUM,LOW,0,0,1,ANOMALY,true,-0.124719,0.625
2026-09-08T18:08:15.789Z,POLAR-001,2026-09-08T18:08:15.789Z,NORMAL,-13.63,25,50,1013.25,0,0,1,0,0,0,8,1.76,35.61,95,0.3,-59.99955,20,0.05,0,94.06,ADAPTIVE,BALANCED,MEDIUM,LOW,0,0,1,ANOMALY,true,-0.124719,0.625
2026-09-08T18:08:20.796Z,POLAR-001,2026-09-08T18:08:20.796Z,NORMAL,-13.63,25,50,1013.25,0,0,1,0,0,0,8,1.76,35.61,95,0.3,-59.999533,20,0.052,0,94.02,ADAPTIVE,BALANCED,MEDIUM,LOW,0,0,1,ANOMALY,true,-0.124719,0.625
2026-09-08T18:08:25.802Z,POLAR-001,2026-09-08T18:08:25.802Z,NORMAL,-13.63,25,50,1013.25,0,0,1,0,0,0,8,1.76,35.61,95,0.3,-59.999516,20,0.054,0,93.99,ADAPTIVE,BALANCED,MEDIUM,LOW,0,0,1,ANOMALY,true,-0.124719,0.625
2026-09-08T18:08:30.806Z,POLAR-001,2026-09-08T18:08:30.806Z,NORMAL,-13.63,25,50,1013.25,0,0,1,0,0,0,8,1.76,35.61,95,0.3,-59.999499,20,0.056,0,93.95,ADAPTIVE,BALANCED,MEDIUM,LOW,0,0,1,ANOMALY,true,-0.124719,0.625
2026-09-08T18:08:35.818Z,POLAR-001,2026-09-08T18:08:35.818Z,NORMAL,-13.63,25,50,1013.25,0,0,1,0,0,0,8,1.76,35.61,95,0.3,-59.999483,20,0.057,0,93.92,ADAPTIVE,BALANCED,MEDIUM,LOW,0,0,1,ANOMALY,true,-0.124719,0.625
2026-09-08T18:08:40.820Z,POLAR-001,2026-09-08T18:08:40.820Z,NORMAL,-13.63,25,50,1013.25,0,0,1,0,0,0,8,1.76,35.61,95,0.3,-59.999466,20,0.059,0,93.88,ADAPTIVE,BALANCED,MEDIUM,LOW,0,0,1,ANOMALY,true,-0.124719,0.625
2026-09-08T18:08:45.819Z,POLAR-001,2026-09-08T18:08:45.820Z,NORMAL,-13.63,25,50,1013.25,0,0,1,0,0,0,8,1.76,35.61,95,0.3,-59.999449,20,0.061,0,93.85,ADAPTIVE,BALANCED,MEDIUM,LOW,0,0,1,ANOMALY,true,-0.124719,0.625
2026-09-08T18:08:50.825Z,POLAR-001,2026-09-08T18:08:50.825Z,NORMAL,-13.63,25,50,1013.25,0,0,1,0,0,0,8,1.76,35.61,95,0.3,-59.999433,20,0.063,0,93.81,ADAPTIVE,BALANCED,MEDIUM,LOW,0,0,1,ANOMALY,true,-0.124719,0.625
2026-09-08T18:08:55.825Z,POLAR-001,2026-09-08T18:08:55.825Z,NORMAL,-13.63,25,50,1013.25,0,0,1,0,0,0,8,1.76,35.61,95,0.3,-59.999416,20,0.065,0,93.78,ADAPTIVE,BALANCED,MEDIUM,LOW,0,0,1,ANOMALY,true,-0.124719,0.625
2026-09-08T18:09:00.831Z,POLAR-001,2026-09-08T18:09:00.831Z,NORMAL,-13.63,25,50,1013.25,0,0,1,0,0,0,8,1.76,35.61,95,0.3,-59.999399,20,0.067,0,93.74,ADAPTIVE,BALANCED,MEDIUM,LOW,0,0,1,ANOMALY,true,-0.124719,0.625
2026-09-08T18:09:05.837Z,POLAR-001,2026-09-08T18:09:05.837Z,NORMAL,-13.63,25,50,1013.25,0,0,1,0,0,0,8,1.76,35.61,95,0.3,-59.999383,20,0.069,0,93.71,ADAPTIVE,BALANCED,MEDIUM,LOW,0,0,1,ANOMALY,true,-0.124719,0.625
2026-09-08T18:09:10.842Z,POLAR-001,2026-09-08T18:09:10.842Z,NORMAL,-13.63,25,50,1013.25,0,0,1,0,0,0,8,1.76,35.61,95,0.3,-59.999366,20,0.07,0,93.67,ADAPTIVE,BALANCED,MEDIUM,LOW,0,0,1,ANOMALY,true,-0.124719,0.625
2026-09-08T18:09:15.844Z,POLAR-001,2026-09-08T18:09:15.844Z,NORMAL,-13.63,25,50,1013.25,0,0,1,0,0,0,8,1.76,35.61,95,0.3,-59.999349,20,0.072,0,93.64,ADAPTIVE,BALANCED,MEDIUM,LOW,0,0,1,ANOMALY,true,-0.124719,0.625
2026-09-08T18:09:20.849Z,POLAR-001,2026-09-08T18:09:20.849Z,NORMAL,-13.63,25,50,1013.25,0,0,1,0,0,0,8,1.76,35.61,95,0.3,-59.999333,20,0.074,0,93.6,ADAPTIVE,BALANCED,MEDIUM,LOW,0,0,1,ANOMALY,true,-0.124719,0.625
2026-09-08T18:09:25.849Z,POLAR-001,2026-09-08T18:09:25.849Z,NORMAL,-13.63,25,50,1013.25,0,0,1,0,0,0,8,1.76,35.61,95,0.3,-59.999316,20,0.076,0,93.57,ADAPTIVE,BALANCED,MEDIUM,LOW,0,0,1,ANOMALY,true,-0.124719,0.625
2026-09-08T18:09:30.854Z,POLAR-001,2026-09-08T18:09:30.854Z,NORMAL,-13.63,25,50,1013.25,0,0,1,0,0,0,8,1.76,35.61,95,0.3,-59.999299,20,0.078,0,93.53,ADAPTIVE,BALANCED,MEDIUM,LOW,0,0,1,ANOMALY,true,-0.124719,0.625
2026-09-08T18:09:35.860Z,POLAR-001,2026-09-08T18:09:35.860Z,NORMAL,-13.63,25,50,1013.25,0,0,1,0,0,0,8,1.76,35.61,95,0.3,-59.999283,20,0.08,0,93.5,ADAPTIVE,BALANCED,MEDIUM,LOW,0,0,1,ANOMALY,true,-0.124719,0.625
2026-09-08T18:09:40.867Z,POLAR-001,2026-09-08T18:09:40.867Z,NORMAL,-13.63,25,50,1013.25,0,0,1,0,0,0,8,1.76,35.61,95,0.3,-59.999266,20,0.081,0,93.46,ADAPTIVE,BALANCED,MEDIUM,LOW,0,0,1,ANOMALY,true,-0.124719,0.625
2026-09-08T18:09:45.866Z,POLAR-001,2026-09-08T18:09:45.866Z,NORMAL,-13.63,25,50,1013.25,0,0,1,0,0,0,8,1.76,35.61,95,0.3,-59.999249,20,0.083,0,93.43,ADAPTIVE,BALANCED,MEDIUM,LOW,0,0,1,ANOMALY,true,-0.124719,0.625
2026-09-08T18:09:50.873Z,POLAR-001,2026-09-08T18:09:50.873Z,NORMAL,-13.63,25,50,1013.25,0,0,1,0,0,0,8,1.76,35.61,95,0.3,-59.999233,20,0.085,0,93.39,ADAPTIVE,BALANCED,MEDIUM,LOW,0,0,1,ANOMALY,true,-0.124719,0.625
2026-09-08T18:09:55.879Z,POLAR-001,2026-09-08T18:09:55.879Z,NORMAL,-13.63,25,50,1013.25,0,0,1,0,0,0,8,1.76,35.61,95,0.3,-59.999216,20,0.087,0,93.36,ADAPTIVE,BALANCED,MEDIUM,LOW,0,0,1,ANOMALY,true,-0.124719,0.625
2026-09-08T18:10:00.884Z,POLAR-001,2026-09-08T18:10:00.884Z,NORMAL,-13.63,25,50,1013.25,0,0,1,0,0,0,8,1.76,35.61,95,0.3,-59.999199,20,0.089,0,93.32,ADAPTIVE,BALANCED,MEDIUM,LOW,0,0,1,ANOMALY,true,-0.124719,0.625
2026-09-08T18:10:05.891Z,POLAR-001,2026-09-08T18:10:05.891Z,NORMAL,-13.63,25,50,1013.25,0,0,1,0,0,0,8,1.76,35.61,95,0.3,-59.999182,20,0.091,0,93.29,ADAPTIVE,BALANCED,MEDIUM,LOW,0,0,1,ANOMALY,true,-0.124719,0.625
2026-09-08T18:10:10.897Z,POLAR-001,2026-09-08T18:10:10.897Z,NORMAL,-13.63,25,50,1013.25,0,0,1,0,0,0,8,1.76,35.61,95,0.3,-59.999166,20,0.093,0,93.25,ADAPTIVE,BALANCED,MEDIUM,LOW,0,0,1,ANOMALY,true,-0.124719,0.625
2026-09-08T18:10:15.896Z,POLAR-001,2026-09-08T18:10:15.896Z,NORMAL,-13.63,25,50,1013.25,0,0,1,0,0,0,8,1.76,35.61,95,0.3,-59.999149,20,0.094,0,93.22,ADAPTIVE,BALANCED,MEDIUM,LOW,0,0,1,ANOMALY,true,-0.124719,0.625
2026-09-08T18:10:20.902Z,POLAR-001,2026-09-08T18:10:20.902Z,NORMAL,-13.63,25,50,1013.25,0,0,1,0,0,0,8,1.76,35.61,95,0.3,-59.999132,20,0.096,0,93.18,ADAPTIVE,BALANCED,MEDIUM,LOW,0,0,1,ANOMALY,true,-0.124719,0.625
2026-09-08T18:10:25.904Z,POLAR-001,2026-09-08T18:10:25.904Z,NORMAL,-13.63,25,50,1013.25,0,0,1,0,0,0,8,1.76,35.61,95,0.3,-59.999116,20,0.098,0,93.15,ADAPTIVE,BALANCED,MEDIUM,LOW,0,0,1,ANOMALY,true,-0.124719,0.625
2026-09-08T18:10:30.906Z,POLAR-001,2026-09-08T18:10:30.907Z,NORMAL,-13.63,25,50,1013.25,0,0,1,0,0,0,8,1.76,35.61,95,0.3,-59.999099,20,0.1,0,93.11,ADAPTIVE,BALANCED,MEDIUM,LOW,0,0,1,ANOMALY,true,-0.124719,0.625
2026-09-08T18:10:35.907Z,POLAR-001,2026-09-08T18:10:35.907Z,NORMAL,-13.63,25,50,1013.25,0,0,1,0,0,0,8,1.76,35.61,95,0.3,-59.999082,20,0.102,0,93.08,ADAPTIVE,BALANCED,MEDIUM,LOW,0,0,1,ANOMALY,true,-0.124719,0.625
2026-09-08T18:10:40.913Z,POLAR-001,2026-09-08T18:10:40.913Z,NORMAL,-13.63,25,50,1013.25,0,0,1,0,0,0,8,1.76,35.61,95,0.3,-59.999066,20,0.104,0,93.04,ADAPTIVE,BALANCED,MEDIUM,LOW,0,0,1,ANOMALY,true,-0.124719,0.625
2026-09-08T18:10:45.919Z,POLAR-001,2026-09-08T18:10:45.919Z,NORMAL,-13.63,25,50,1013.25,0,0,1,0,0,0,8,1.76,35.61,95,0.3,-59.999049,20,0.106,0,93.01,ADAPTIVE,BALANCED,MEDIUM,LOW,0,0,1,ANOMALY,true,-0.124719,0.625
2026-09-08T18:10:50.926Z,POLAR-001,2026-09-08T18:10:50.926Z,NORMAL,-13.63,25,50,1013.25,0,0,1,0,0,0,8,1.76,35.61,95,0.3,-59.999032,20,0.107,0,92.97,ADAPTIVE,BALANCED,MEDIUM,LOW,0,0,1,ANOMALY,true,-0.124719,0.625
2026-09-08T18:10:55.931Z,POLAR-001,2026-09-08T18:10:55.931Z,NORMAL,-13.63,25,50,1013.25,0,0,1,0,0,0,8,1.76,35.61,95,0.3,-59.999016,20,0.109,0,92.94,ADAPTIVE,BALANCED,MEDIUM,LOW,0,0,1,ANOMALY,true,-0.124719,0.625
2026-09-08T18:11:00.936Z,POLAR-001,2026-09-08T18:11:00.936Z,NORMAL,-13.63,25,50,1013.25,0,0,1,0,0,0,8,1.76,35.61,95,0.3,-59.998999,20,0.111,0,92.9,ADAPTIVE,BALANCED,MEDIUM,LOW,0,0,1,ANOMALY,true,-0.124719,0.625
2026-09-08T18:11:05.937Z,POLAR-001,2026-09-08T18:11:05.937Z,NORMAL,-13.63,25,50,1013.25,0,0,1,0,0,0,8,1.76,35.61,95,0.3,-59.998982,20,0.113,0,92.87,ADAPTIVE,BALANCED,MEDIUM,LOW,0,0,1,ANOMALY,true,-0.124719,0.625
2026-09-08T18:11:10.941Z,POLAR-001,2026-09-08T18:11:10.941Z,NORMAL,-13.63,25,50,1013.25,0,0,1,0,0,0,8,1.76,35.61,95,0.3,-59.998966,20,0.115,0,92.83,ADAPTIVE,BALANCED,MEDIUM,LOW,0,0,1,ANOMALY,true,-0.124719,0.625
2026-09-08T18:11:15.943Z,POLAR-001,2026-09-08T18:11:15.943Z,NORMAL,-13.63,25,50,1013.25,0,0,1,0,0,0,8,1.76,35.61,95,0.3,-59.998949,20,0.117,0,92.8,ADAPTIVE,BALANCED,MEDIUM,LOW,0,0,1,ANOMALY,true,-0.124719,0.625
2026-09-08T18:11:20.948Z,POLAR-001,2026-09-08T18:11:20.948Z,NORMAL,-13.63,25,50,1013.25,0,0,1,0,0,0,8,1.76,35.61,95,0.3,-59.998932,20,0.119,0,92.76,ADAPTIVE,BALANCED,MEDIUM,LOW,0,0,1,ANOMALY,true,-0.124719,0.625
2026-09-08T18:11:25.954Z,POLAR-001,2026-09-08T18:11:25.954Z,NORMAL,-13.63,25,50,1013.25,0,0,1,0,0,0,8,1.76,35.61,95,0.3,-59.998915,20,0.12,0,92.73,ADAPTIVE,BALANCED,MEDIUM,LOW,0,0,1,ANOMALY,true,-0.124719,0.625
2026-09-08T18:11:30.959Z,POLAR-001,2026-09-08T18:11:30.959Z,NORMAL,-13.63,25,50,1013.25,0,0,1,0,0,0,8,1.76,35.61,95,0.3,-59.998899,20,0.122,0,92.69,ADAPTIVE,BALANCED,MEDIUM,LOW,0,0,1,ANOMALY,true,-0.124719,0.625
2026-09-08T18:11:35.966Z,POLAR-001,2026-09-08T18:11:35.966Z,NORMAL,-13.63,25,50,1013.25,0,0,1,0,0,0,8,1.76,35.61,95,0.3,-59.998882,20,0.124,0,92.66,ADAPTIVE,BALANCED,MEDIUM,LOW,0,0,1,ANOMALY,true,-0.124719,0.625
2026-09-08T18:11:40.966Z,POLAR-001,2026-09-08T18:11:40.966Z,NORMAL,-13.63,25,50,1013.25,0,0,1,0,0,0,8,1.76,35.61,95,0.3,-59.998865,20,0.126,0,92.62,ADAPTIVE,BALANCED,MEDIUM,LOW,0,0,1,ANOMALY,true,-0.124719,0.625
2026-09-08T18:11:45.972Z,POLAR-001,2026-09-08T18:11:45.972Z,NORMAL,-13.63,25,50,1013.25,0,0,1,0,0,0,8,1.76,35.61,95,0.3,-59.998849,20,0.128,0,92.59,ADAPTIVE,BALANCED,MEDIUM,LOW,0,0,1,ANOMALY,true,-0.124719,0.625
2026-09-08T18:11:50.978Z,POLAR-001,2026-09-08T18:11:50.978Z,NORMAL,-13.63,25,50,1013.25,0,0,1,0,0,0,8,1.76,35.61,95,0.3,-59.998832,20,0.13,0,92.55,ADAPTIVE,BALANCED,MEDIUM,LOW,0,0,1,ANOMALY,true,-0.124719,0.625
2026-09-08T18:11:55.977Z,POLAR-001,2026-09-08T18:11:55.977Z,NORMAL,-13.63,25,50,1013.25,0,0,1,0,0,0,8,1.76,35.61,95,0.3,-59.998815,20,0.131,0,92.52,ADAPTIVE,BALANCED,MEDIUM,LOW,0,0,1,ANOMALY,true,-0.124719,0.625
2026-09-08T18:12:00.982Z,POLAR-001,2026-09-08T18:12:00.982Z,NORMAL,-13.63,25,50,1013.25,0,0,1,0,0,0,8,1.76,35.61,95,0.3,-59.998799,20,0.133,0,92.48,ADAPTIVE,BALANCED,MEDIUM,LOW,0,0,1,ANOMALY,true,-0.124719,0.625
2026-09-08T18:12:05.982Z,POLAR-001,2026-09-08T18:12:05.982Z,NORMAL,-13.63,25,50,1013.25,0,0,1,0,0,0,8,1.76,35.61,95,0.3,-59.998782,20,0.135,0,92.45,ADAPTIVE,BALANCED,MEDIUM,LOW,0,0,1,ANOMALY,true,-0.124719,0.625
2026-09-08T18:12:10.988Z,POLAR-001,2026-09-08T18:12:10.988Z,NORMAL,-13.63,25,50,1013.25,0,0,1,0,0,0,8,1.76,35.61,95,0.3,-59.998765,20,0.137,0,92.41,ADAPTIVE,BALANCED,MEDIUM,LOW,0,0,1,ANOMALY,true,-0.124719,0.625
2026-09-08T18:12:15.995Z,POLAR-001,2026-09-08T18:12:15.995Z,NORMAL,-13.63,25,50,1013.25,0,0,1,0,0,0,8,1.76,35.61,95,0.3,-59.998749,20,0.139,0,92.38,ADAPTIVE,BALANCED,MEDIUM,LOW,0,0,1,ANOMALY,true,-0.124719,0.625
2026-09-08T18:12:21.001Z,POLAR-001,2026-09-08T18:12:21.001Z,NORMAL,-13.63,25,50,1013.25,0,0,1,0,0,0,8,1.76,35.61,95,0.3,-59.998732,20,0.141,0,92.34,ADAPTIVE,BALANCED,MEDIUM,LOW,0,0,1,ANOMALY,true,-0.124719,0.625
2026-09-08T18:12:26.006Z,POLAR-001,2026-09-08T18:12:26.006Z,NORMAL,-13.63,25,50,1013.25,0,0,1,0,0,0,8,1.76,35.61,95,0.3,-59.998715,20,0.143,0,92.31,ADAPTIVE,BALANCED,MEDIUM,LOW,0,0,1,ANOMALY,true,-0.124719,0.625
2026-09-08T18:12:31.006Z,POLAR-001,2026-09-08T18:12:31.006Z,NORMAL,-13.63,25,50,1013.25,0,0,1,0,0,0,8,1.76,35.61,95,0.3,-59.998699,20,0.144,0,92.27,ADAPTIVE,BALANCED,MEDIUM,LOW,0,0,1,ANOMALY,true,-0.124719,0.625
2026-09-08T18:12:36.006Z,POLAR-001,2026-09-08T18:12:36.006Z,NORMAL,-13.63,25,50,1013.25,0,0,1,0,0,0,8,1.76,35.61,95,0.3,-59.998682,20,0.146,0,92.24,ADAPTIVE,BALANCED,MEDIUM,LOW,0,0,1,ANOMALY,true,-0.124719,0.625
2026-09-08T18:12:41.007Z,POLAR-001,2026-09-08T18:12:41.007Z,NORMAL,-13.63,25,50,1013.25,0,0,1,0,0,0,8,1.76,35.61,95,0.3,-59.998665,20,0.148,0,92.2,ADAPTIVE,BALANCED,MEDIUM,LOW,0,0,1,ANOMALY,true,-0.124719,0.625
2026-09-08T18:12:46.011Z,POLAR-001,2026-09-08T18:12:46.011Z,NORMAL,-13.63,25,50,1013.25,0,0,1,0,0,0,8,1.76,35.61,95,0.3,-59.998649,20,0.15,0,92.17,ADAPTIVE,BALANCED,MEDIUM,LOW,0,0,1,ANOMALY,true,-0.124719,0.625
2026-09-08T18:12:51.017Z,POLAR-001,2026-09-08T18:12:51.017Z,NORMAL,-13.63,25,50,1013.25,0,0,1,0,0,0,8,1.76,35.61,95,0.3,-59.998632,20,0.152,0,92.13,ADAPTIVE,BALANCED,MEDIUM,LOW,0,0,1,ANOMALY,true,-0.124719,0.625
2026-09-08T18:12:56.023Z,POLAR-001,2026-09-08T18:12:56.023Z,NORMAL,-13.63,25,50,1013.25,0,0,1,0,0,0,8,1.76,35.61,95,0.3,-59.998615,20,0.154,0,92.1,ADAPTIVE,BALANCED,MEDIUM,LOW,0,0,1,ANOMALY,true,-0.124719,0.625
2026-09-08T18:13:01.029Z,POLAR-001,2026-09-08T18:13:01.029Z,NORMAL,-13.63,25,50,1013.25,0,0,1,0,0,0,8,1.76,35.61,95,0.3,-59.998598,20,0.156,0,92.06,ADAPTIVE,BALANCED,MEDIUM,LOW,0,0,1,ANOMALY,true,-0.124719,0.625
2026-09-08T18:13:06.029Z,POLAR-001,2026-09-08T18:13:06.029Z,NORMAL,-13.63,25,50,1013.25,0,0,1,0,0,0,8,1.76,35.61,95,0.3,-59.998582,20,0.157,0,92.03,ADAPTIVE,BALANCED,MEDIUM,LOW,0,0,1,ANOMALY,true,-0.124719,0.625
2026-09-08T18:13:11.035Z,POLAR-001,2026-09-08T18:13:11.035Z,NORMAL,-13.63,25,50,1013.25,0,0,1,0,0,0,8,1.76,35.61,95,0.3,-59.998565,20,0.159,0,91.99,ADAPTIVE,BALANCED,MEDIUM,LOW,0,0,1,ANOMALY,true,-0.124719,0.625
2026-09-08T18:13:16.034Z,POLAR-001,2026-09-08T18:13:16.034Z,NORMAL,-13.63,25,50,1013.25,0,0,1,0,0,0,8,1.76,35.61,95,0.3,-59.998548,20,0.161,0,91.96,ADAPTIVE,BALANCED,MEDIUM,LOW,0,0,1,ANOMALY,true,-0.124719,0.625
2026-09-08T18:13:21.039Z,POLAR-001,2026-09-08T18:13:21.039Z,NORMAL,-13.63,25,50,1013.25,0,0,1,0,0,0,8,1.76,35.61,95,0.3,-59.998532,20,0.163,0,91.92,ADAPTIVE,BALANCED,MEDIUM,LOW,0,0,1,ANOMALY,true,-0.124719,0.625
2026-09-08T18:13:26.039Z,POLAR-001,2026-09-08T18:13:26.039Z,NORMAL,-13.63,25,50,1013.25,0,0,1,0,0,0,8,1.76,35.61,95,0.3,-59.998515,20,0.165,0,91.89,ADAPTIVE,BALANCED,MEDIUM,LOW,0,0,1,ANOMALY,true,-0.124719,0.625
2026-09-08T18:13:31.044Z,POLAR-001,2026-09-08T18:13:31.044Z,NORMAL,-13.63,25,50,1013.25,0,0,1,0,0,0,8,1.76,35.61,95,0.3,-59.998498,20,0.167,0,91.85,ADAPTIVE,BALANCED,MEDIUM,LOW,0,0,1,ANOMALY,true,-0.124719,0.625
2026-09-08T18:13:36.045Z,POLAR-001,2026-09-08T18:13:36.045Z,NORMAL,-13.63,25,50,1013.25,0,0,1,0,0,0,8,1.76,35.61,95,0.3,-59.998482,20,0.169,0,91.82,ADAPTIVE,BALANCED,MEDIUM,LOW,0,0,1,ANOMALY,true,-0.124719,0.625
2026-09-08T18:13:41.050Z,POLAR-001,2026-09-08T18:13:41.050Z,NORMAL,-13.63,25,50,1013.25,0,0,1,0,0,0,8,1.76,35.61,95,0.3,-59.998465,20,0.17,0,91.78,ADAPTIVE,BALANCED,MEDIUM,LOW,0,0,1,ANOMALY,true,-0.124719,0.625
2026-09-08T18:13:46.057Z,POLAR-001,2026-09-08T18:13:46.057Z,NORMAL,-13.63,25,50,1013.25,0,0,1,0,0,0,8,1.76,35.61,95,0.3,-59.998448,20,0.172,0,91.75,ADAPTIVE,BALANCED,MEDIUM,LOW,0,0,1,ANOMALY,true,-0.124719,0.625
2026-09-08T18:13:51.063Z,POLAR-001,2026-09-08T18:13:51.063Z,NORMAL,-13.63,25,50,1013.25,0,0,1,0,0,0,8,1.76,35.61,95,0.3,-59.998432,20,0.174,0,91.71,ADAPTIVE,BALANCED,MEDIUM,LOW,0,0,1,ANOMALY,true,-0.124719,0.625
2026-09-08T18:13:56.063Z,POLAR-001,2026-09-08T18:13:56.063Z,NORMAL,-13.63,25,50,1013.25,0,0,1,0,0,0,8,1.76,35.61,95,0.3,-59.998415,20,0.176,0,91.68,ADAPTIVE,BALANCED,MEDIUM,LOW,0,0,1,ANOMALY,true,-0.124719,0.625
2026-09-08T18:14:01.076Z,POLAR-001,2026-09-08T18:14:01.076Z,NORMAL,-13.63,25,50,1013.25,0,0,1,0,0,0,8,1.76,35.61,95,0.3,-59.998398,20,0.178,0,91.64,ADAPTIVE,BALANCED,MEDIUM,LOW,0,0,1,ANOMALY,true,-0.124719,0.625
2026-09-08T18:14:06.082Z,POLAR-001,2026-09-08T18:14:06.082Z,NORMAL,-13.63,25,50,1013.25,0,0,1,0,0,0,8,1.76,35.61,95,0.3,-59.998382,20,0.18,0,91.61,ADAPTIVE,BALANCED,MEDIUM,LOW,0,0,1,ANOMALY,true,-0.124719,0.625
2026-09-08T18:14:11.088Z,POLAR-001,2026-09-08T18:14:11.088Z,NORMAL,-13.63,25,50,1013.25,0,0,1,0,0,0,8,1.76,35.61,95,0.3,-59.998365,20,0.181,0,91.57,ADAPTIVE,BALANCED,MEDIUM,LOW,0,0,1,ANOMALY,true,-0.124719,0.625
2026-09-08T18:14:16.094Z,POLAR-001,2026-09-08T18:14:16.094Z,NORMAL,-13.63,25,50,1013.25,0,0,1,0,0,0,8,1.76,35.61,95,0.3,-59.998348,20,0.183,0,91.54,ADAPTIVE,BALANCED,MEDIUM,LOW,0,0,1,ANOMALY,true,-0.124719,0.625
2026-09-08T18:14:21.104Z,POLAR-001,2026-09-08T18:14:21.104Z,NORMAL,-13.63,25,50,1013.25,0,0,1,0,0,0,8,1.76,35.61,95,0.3,-59.998332,20,0.185,0,91.5,ADAPTIVE,BALANCED,MEDIUM,LOW,0,0,1,ANOMALY,true,-0.124719,0.625
2026-09-08T18:14:26.106Z,POLAR-001,2026-09-08T18:14:26.106Z,NORMAL,-13.63,25,50,1013.25,0,0,1,0,0,0,8,1.76,35.61,95,0.3,-59.998315,20,0.187,0,91.47,ADAPTIVE,BALANCED,MEDIUM,LOW,0,0,1,ANOMALY,true,-0.124719,0.625
2026-09-08T18:14:31.112Z,POLAR-001,2026-09-08T18:14:31.112Z,NORMAL,-13.63,25,50,1013.25,0,0,1,0,0,0,8,1.76,35.61,95,0.3,-59.998298,20,0.189,0,91.43,ADAPTIVE,BALANCED,MEDIUM,LOW,0,0,1,ANOMALY,true,-0.124719,0.625
2026-09-08T18:14:36.118Z,POLAR-001,2026-09-08T18:14:36.118Z,NORMAL,-13.63,25,50,1013.25,0,0,1,0,0,0,8,1.76,35.61,95,0.3,-59.998281,20,0.191,0,91.4,ADAPTIVE,BALANCED,MEDIUM,LOW,0,0,1,ANOMALY,true,-0.124719,0.625
2026-09-08T18:14:41.124Z,POLAR-001,2026-09-08T18:14:41.125Z,NORMAL,-13.63,25,50,1013.25,0,0,1,0,0,0,8,1.76,35.61,95,0.3,-59.998265,20,0.193,0,91.36,ADAPTIVE,BALANCED,MEDIUM,LOW,0,0,1,ANOMALY,true,-0.124719,0.625
2026-09-08T18:14:46.131Z,POLAR-001,2026-09-08T18:14:46.131Z,NORMAL,-13.63,25,50,1013.25,0,0,1,0,0,0,8,1.76,35.61,95,0.3,-59.998248,20,0.194,0,91.33,ADAPTIVE,BALANCED,MEDIUM,LOW,0,0,1,ANOMALY,true,-0.124719,0.625
2026-09-08T18:14:51.137Z,POLAR-001,2026-09-08T18:14:51.137Z,NORMAL,-13.63,25,50,1013.25,0,0,1,0,0,0,8,1.76,35.61,95,0.3,-59.998231,20,0.196,0,91.29,ADAPTIVE,BALANCED,MEDIUM,LOW,0,0,1,ANOMALY,true,-0.124719,0.625
2026-09-08T18:14:56.141Z,POLAR-001,2026-09-08T18:14:56.141Z,NORMAL,-13.63,25,50,1013.25,0,0,1,0,0,0,8,1.76,35.61,95,0.3,-59.998215,20,0.198,0,91.26,ADAPTIVE,BALANCED,MEDIUM,LOW,0,0,1,ANOMALY,true,-0.124719,0.625
2026-09-08T18:15:01.143Z,POLAR-001,2026-09-08T18:15:01.143Z,NORMAL,-13.63,25,50,1013.25,0,0,1,0,0,0,8,1.76,35.61,95,0.3,-59.998198,20,0.2,0,91.22,ADAPTIVE,BALANCED,MEDIUM,LOW,0,0,1,ANOMALY,true,-0.124719,0.625
2026-09-08T18:15:06.147Z,POLAR-001,2026-09-08T18:15:06.147Z,NORMAL,-13.63,25,50,1013.25,0,0,1,0,0,0,8,1.76,35.61,95,0.3,-59.998181,20,0.202,0,91.19,ADAPTIVE,BALANCED,MEDIUM,LOW,0,0,1,ANOMALY,true,-0.124719,0.625
2026-09-08T18:15:11.154Z,POLAR-001,2026-09-08T18:15:11.154Z,NORMAL,-13.63,25,50,1013.25,0,0,1,0,0,0,8,1.76,35.61,95,0.3,-59.998165,20,0.204,0,91.15,ADAPTIVE,BALANCED,MEDIUM,LOW,0,0,1,ANOMALY,true,-0.124719,0.625
2026-09-08T18:15:16.154Z,POLAR-001,2026-09-08T18:15:16.154Z,NORMAL,-13.63,25,50,1013.25,0,0,1,0,0,0,8,1.76,35.61,95,0.3,-59.998148,20,0.206,0,91.12,ADAPTIVE,BALANCED,MEDIUM,LOW,0,0,1,ANOMALY,true,-0.124719,0.625
2026-09-08T18:15:21.160Z,POLAR-001,2026-09-08T18:15:21.160Z,NORMAL,-13.63,25,50,1013.25,0,0,1,0,0,0,8,1.76,35.61,95,0.3,-59.998131,20,0.207,0,91.08,ADAPTIVE,BALANCED,MEDIUM,LOW,0,0,1,ANOMALY,true,-0.124719,0.625
2026-09-08T18:15:26.166Z,POLAR-001,2026-09-08T18:15:26.166Z,NORMAL,-13.63,25,50,1013.25,0,0,1,0,0,0,8,1.76,35.61,95,0.3,-59.998115,20,0.209,0,91.05,ADAPTIVE,BALANCED,MEDIUM,LOW,0,0,1,ANOMALY,true,-0.124719,0.625
2026-09-08T18:15:31.171Z,POLAR-001,2026-09-08T18:15:31.171Z,NORMAL,-13.63,25,50,1013.25,0,0,1,0,0,0,8,1.76,35.61,95,0.3,-59.998098,20,0.211,0,91.01,ADAPTIVE,BALANCED,MEDIUM,LOW,0,0,1,ANOMALY,true,-0.124719,0.625
2026-09-08T18:15:36.172Z,POLAR-001,2026-09-08T18:15:36.172Z,NORMAL,-13.63,25,50,1013.25,0,0,1,0,0,0,8,1.76,35.61,95,0.3,-59.998081,20,0.213,0,90.98,ADAPTIVE,BALANCED,MEDIUM,LOW,0,0,1,ANOMALY,true,-0.124719,0.625
2026-09-08T18:15:41.177Z,POLAR-001,2026-09-08T18:15:41.178Z,NORMAL,-13.63,25,50,1013.25,0,0,1,0,0,0,8,1.76,35.61,95,0.3,-59.998065,20,0.215,0,90.94,ADAPTIVE,BALANCED,MEDIUM,LOW,0,0,1,ANOMALY,true,-0.124719,0.625
2026-09-08T18:15:46.184Z,POLAR-001,2026-09-08T18:15:46.184Z,NORMAL,-13.63,25,50,1013.25,0,0,1,0,0,0,8,1.76,35.61,95,0.3,-59.998048,20,0.217,0,90.91,ADAPTIVE,BALANCED,MEDIUM,LOW,0,0,1,ANOMALY,true,-0.124719,0.625
2026-09-08T18:15:51.190Z,POLAR-001,2026-09-08T18:15:51.190Z,NORMAL,-13.63,25,50,1013.25,0,0,1,0,0,0,8,1.76,35.61,95,0.3,-59.998031,20,0.219,0,90.87,ADAPTIVE,BALANCED,MEDIUM,LOW,0,0,1,ANOMALY,true,-0.124719,0.625
2026-09-08T18:15:56.196Z,POLAR-001,2026-09-08T18:15:56.196Z,NORMAL,-13.63,25,50,1013.25,0,0,1,0,0,0,8,1.76,35.61,95,0.3,-59.998015,20,0.22,0,90.84,ADAPTIVE,BALANCED,MEDIUM,LOW,0,0,1,ANOMALY,true,-0.124719,0.625
2026-09-08T18:16:01.197Z,POLAR-001,2026-09-08T18:16:01.197Z,NORMAL,-13.63,25,50,1013.25,0,0,1,0,0,0,8,1.76,35.61,95,0.3,-59.997998,20,0.222,0,90.8,ADAPTIVE,BALANCED,MEDIUM,LOW,0,0,1,ANOMALY,true,-0.124719,0.625
2026-09-08T18:16:06.200Z,POLAR-001,2026-09-08T18:16:06.200Z,NORMAL,-13.63,25,50,1013.25,0,0,1,0,0,0,8,1.76,35.61,95,0.3,-59.997981,20,0.224,0,90.77,ADAPTIVE,BALANCED,MEDIUM,LOW,0,0,1,ANOMALY,true,-0.124719,0.625
2026-09-08T18:16:11.200Z,POLAR-001,2026-09-08T18:16:11.200Z,NORMAL,-13.63,25,50,1013.25,0,0,1,0,0,0,8,1.76,35.61,95,0.3,-59.997964,20,0.226,0,90.73,ADAPTIVE,BALANCED,MEDIUM,LOW,0,0,1,ANOMALY,true,-0.124719,0.625
2026-09-08T18:16:16.200Z,POLAR-001,2026-09-08T18:16:16.200Z,NORMAL,-13.63,25,50,1013.25,0,0,1,0,0,0,8,1.76,35.61,95,0.3,-59.997948,20,0.228,0,90.7,ADAPTIVE,BALANCED,MEDIUM,LOW,0,0,1,ANOMALY,true,-0.124719,0.625
2026-09-08T18:16:21.206Z,POLAR-001,2026-09-08T18:16:21.206Z,NORMAL,-13.63,25,50,1013.25,0,0,1,0,0,0,8,1.76,35.61,95,0.3,-59.997931,20,0.23,0,90.66,ADAPTIVE,BALANCED,MEDIUM,LOW,0,0,1,ANOMALY,true,-0.124719,0.625
2026-09-08T18:16:26.213Z,POLAR-001,2026-09-08T18:16:26.213Z,NORMAL,-13.63,25,50,1013.25,0,0,1,0,0,0,8,1.76,35.61,95,0.3,-59.997914,20,0.231,0,90.63,ADAPTIVE,BALANCED,MEDIUM,LOW,0,0,1,ANOMALY,true,-0.124719,0.625
2026-09-08T18:16:31.218Z,POLAR-001,2026-09-08T18:16:31.218Z,NORMAL,-13.63,25,50,1013.25,0,0,1,0,0,0,8,1.76,35.61,95,0.3,-59.997898,20,0.233,0,90.59,ADAPTIVE,BALANCED,MEDIUM,LOW,0,0,1,ANOMALY,true,-0.124719,0.625
2026-09-08T18:16:36.223Z,POLAR-001,2026-09-08T18:16:36.223Z,NORMAL,-13.63,25,50,1013.25,0,0,1,0,0,0,8,1.76,35.61,95,0.3,-59.997881,20,0.235,0,90.56,ADAPTIVE,BALANCED,MEDIUM,LOW,0,0,1,ANOMALY,true,-0.124719,0.625
2026-09-08T18:16:41.223Z,POLAR-001,2026-09-08T18:16:41.223Z,NORMAL,-13.63,25,50,1013.25,0,0,1,0,0,0,8,1.76,35.61,95,0.3,-59.997864,20,0.237,0,90.52,ADAPTIVE,BALANCED,MEDIUM,LOW,0,0,1,ANOMALY,true,-0.124719,0.625
2026-09-08T18:16:46.230Z,POLAR-001,2026-09-08T18:16:46.230Z,NORMAL,-13.63,25,50,1013.25,0,0,1,0,0,0,8,1.76,35.61,95,0.3,-59.997848,20,0.239,0,90.49,ADAPTIVE,BALANCED,MEDIUM,LOW,0,0,1,ANOMALY,true,-0.124719,0.625
2026-09-08T18:16:51.236Z,POLAR-001,2026-09-08T18:16:51.236Z,NORMAL,-13.63,25,50,1013.25,0,0,1,0,0,0,8,1.76,35.61,95,0.3,-59.997831,20,0.241,0,90.45,ADAPTIVE,BALANCED,MEDIUM,LOW,0,0,1,ANOMALY,true,-0.124719,0.625
2026-09-08T18:16:56.241Z,POLAR-001,2026-09-08T18:16:56.241Z,NORMAL,-13.63,25,50,1013.25,0,0,1,0,0,0,8,1.76,35.61,95,0.3,-59.997814,20,0.243,0,90.42,ADAPTIVE,BALANCED,MEDIUM,LOW,0,0,1,ANOMALY,true,-0.124719,0.625
2026-09-08T18:17:01.248Z,POLAR-001,2026-09-08T18:17:01.248Z,NORMAL,-13.63,25,50,1013.25,0,0,1,0,0,0,8,1.76,35.61,95,0.3,-59.997798,20,0.244,0,90.38,ADAPTIVE,BALANCED,MEDIUM,LOW,0,0,1,ANOMALY,true,-0.124719,0.625
2026-09-08T18:17:06.248Z,POLAR-001,2026-09-08T18:17:06.248Z,NORMAL,-13.63,25,50,1013.25,0,0,1,0,0,0,8,1.76,35.61,95,0.3,-59.997781,20,0.246,0,90.35,ADAPTIVE,BALANCED,MEDIUM,LOW,0,0,1,ANOMALY,true,-0.124719,0.625
2026-09-08T18:17:11.253Z,POLAR-001,2026-09-08T18:17:11.253Z,NORMAL,-13.63,25,50,1013.25,0,0,1,0,0,0,8,1.76,35.61,95,0.3,-59.997764,20,0.248,0,90.31,ADAPTIVE,BALANCED,MEDIUM,LOW,0,0,1,ANOMALY,true,-0.124719,0.625
2026-09-08T18:17:16.253Z,POLAR-001,2026-09-08T18:17:16.253Z,NORMAL,-13.63,25,50,1013.25,0,0,1,0,0,0,8,1.76,35.61,95,0.3,-59.997748,20,0.25,0,90.28,ADAPTIVE,BALANCED,MEDIUM,LOW,0,0,1,ANOMALY,true,-0.124719,0.625
2026-09-08T18:17:21.258Z,POLAR-001,2026-09-08T18:17:21.258Z,NORMAL,-13.63,25,50,1013.25,0,0,1,0,0,0,8,1.76,35.61,95,0.3,-59.997731,20,0.252,0,90.24,ADAPTIVE,BALANCED,MEDIUM,LOW,0,0,1,ANOMALY,true,-0.124719,0.625
2026-09-08T18:17:26.265Z,POLAR-001,2026-09-08T18:17:26.265Z,NORMAL,-13.63,25,50,1013.25,0,0,1,0,0,0,8,1.76,35.61,95,0.3,-59.997714,20,0.254,0,90.21,ADAPTIVE,BALANCED,MEDIUM,LOW,0,0,1,ANOMALY,true,-0.124719,0.625
2026-09-08T18:17:31.271Z,POLAR-001,2026-09-08T18:17:31.271Z,NORMAL,-13.63,25,50,1013.25,0,0,1,0,0,0,8,1.76,35.61,95,0.3,-59.997698,20,0.256,0,90.17,ADAPTIVE,BALANCED,MEDIUM,LOW,0,0,1,ANOMALY,true,-0.124719,0.625
2026-09-08T18:17:36.277Z,POLAR-001,2026-09-08T18:17:36.277Z,NORMAL,-13.63,25,50,1013.25,0,0,1,0,0,0,8,1.76,35.61,95,0.3,-59.997681,20,0.257,0,90.14,ADAPTIVE,BALANCED,MEDIUM,LOW,0,0,1,ANOMALY,true,-0.124719,0.625
2026-09-08T18:17:41.283Z,POLAR-001,2026-09-08T18:17:41.283Z,NORMAL,-13.63,25,50,1013.25,0,0,1,0,0,0,8,1.76,35.61,95,0.3,-59.997664,20,0.259,0,90.1,ADAPTIVE,BALANCED,MEDIUM,LOW,0,0,1,ANOMALY,true,-0.124719,0.625
2026-09-08T18:17:46.290Z,POLAR-001,2026-09-08T18:17:46.290Z,NORMAL,-13.63,25,50,1013.25,0,0,1,0,0,0,8,1.76,35.61,95,0.3,-59.997647,20,0.261,0,90.07,ADAPTIVE,BALANCED,MEDIUM,LOW,0,0,1,ANOMALY,true,-0.124719,0.625
2026-09-08T18:17:51.296Z,POLAR-001,2026-09-08T18:17:51.296Z,NORMAL,-13.63,25,50,1013.25,0,0,1,0,0,0,8,1.76,35.61,95,0.3,-59.997631,20,0.263,0,90.03,ADAPTIVE,BALANCED,MEDIUM,LOW,0,0,1,ANOMALY,true,-0.124719,0.625
2026-09-08T18:17:56.300Z,POLAR-001,2026-09-08T18:17:56.300Z,NORMAL,-13.63,25,50,1013.25,0,0,1,0,0,0,8,1.76,35.61,95,0.3,-59.997614,20,0.265,0,90,ADAPTIVE,BALANCED,MEDIUM,LOW,0,0,1,ANOMALY,true,-0.124719,0.625
2026-09-08T18:18:01.300Z,POLAR-001,2026-09-08T18:18:01.300Z,NORMAL,-13.63,25,50,1013.25,0,0,1,0,0,0,8,1.76,35.61,95,0.3,-59.997597,20,0.267,0,89.96,ADAPTIVE,BALANCED,MEDIUM,LOW,0,0,1,ANOMALY,true,-0.124719,0.625
2026-09-08T18:18:06.300Z,POLAR-001,2026-09-08T18:18:06.300Z,NORMAL,-13.63,25,50,1013.25,0,0,1,0,0,0,8,1.76,35.61,95,0.3,-59.997581,20,0.269,0,89.93,ADAPTIVE,BALANCED,MEDIUM,LOW,0,0,1,ANOMALY,true,-0.124719,0.625
2026-09-08T18:18:11.307Z,POLAR-001,2026-09-08T18:18:11.307Z,NORMAL,-13.63,25,50,1013.25,0,0,1,0,0,0,8,1.76,35.61,95,0.3,-59.997564,20,0.27,0,89.89,ADAPTIVE,BALANCED,MEDIUM,LOW,0,0,1,ANOMALY,true,-0.124719,0.625
2026-09-08T18:18:16.312Z,POLAR-001,2026-09-08T18:18:16.312Z,NORMAL,-13.63,25,50,1013.25,0,0,1,0,0,0,8,1.76,35.61,95,0.3,-59.997547,20,0.272,0,89.86,ADAPTIVE,BALANCED,MEDIUM,LOW,0,0,1,ANOMALY,true,-0.124719,0.625
2026-09-08T18:18:21.319Z,POLAR-001,2026-09-08T18:18:21.319Z,NORMAL,-13.63,25,50,1013.25,0,0,1,0,0,0,8,1.76,35.61,95,0.3,-59.997531,20,0.274,0,89.82,ADAPTIVE,BALANCED,MEDIUM,LOW,0,0,1,ANOMALY,true,-0.124719,0.625
2026-09-08T18:18:26.325Z,POLAR-001,2026-09-08T18:18:26.325Z,NORMAL,-13.63,25,50,1013.25,0,0,1,0,0,0,8,1.76,35.61,95,0.3,-59.997514,20,0.276,0,89.79,ADAPTIVE,BALANCED,MEDIUM,LOW,0,0,1,ANOMALY,true,-0.124719,0.625
2026-09-08T18:18:31.330Z,POLAR-001,2026-09-08T18:18:31.330Z,NORMAL,-13.63,25,50,1013.25,0,0,1,0,0,0,8,1.76,35.61,95,0.3,-59.997497,20,0.278,0,89.75,ADAPTIVE,BALANCED,MEDIUM,LOW,0,0,1,ANOMALY,true,-0.124719,0.625
2026-09-08T18:18:36.336Z,POLAR-001,2026-09-08T18:18:36.336Z,NORMAL,-13.63,25,50,1013.25,0,0,1,0,0,0,8,1.76,35.61,95,0.3,-59.997481,20,0.28,0,89.72,ADAPTIVE,BALANCED,MEDIUM,LOW,0,0,1,ANOMALY,true,-0.124719,0.625
2026-09-08T18:18:41.346Z,POLAR-001,2026-09-08T18:18:41.346Z,NORMAL,-13.63,25,50,1013.25,0,0,1,0,0,0,8,1.76,35.61,95,0.3,-59.997464,20,0.282,0,89.68,ADAPTIVE,BALANCED,MEDIUM,LOW,0,0,1,ANOMALY,true,-0.124719,0.625
2026-09-08T18:18:46.348Z,POLAR-001,2026-09-08T18:18:46.348Z,NORMAL,-13.63,25,50,1013.25,0,0,1,0,0,0,8,1.76,35.61,95,0.3,-59.997447,20,0.283,0,89.65,ADAPTIVE,BALANCED,MEDIUM,LOW,0,0,1,ANOMALY,true,-0.124719,0.625
2026-09-08T18:18:51.354Z,POLAR-001,2026-09-08T18:18:51.354Z,NORMAL,-13.63,25,50,1013.25,0,0,1,0,0,0,8,1.76,35.61,95,0.3,-59.997431,20,0.285,0,89.61,ADAPTIVE,BALANCED,MEDIUM,LOW,0,0,1,ANOMALY,true,-0.124719,0.625
2026-09-08T18:18:56.366Z,POLAR-001,2026-09-08T18:18:56.366Z,NORMAL,-13.63,25,50,1013.25,0,0,1,0,0,0,8,1.76,35.61,95,0.3,-59.997414,20,0.287,0,89.58,ADAPTIVE,BALANCED,MEDIUM,LOW,0,0,1,ANOMALY,true,-0.124719,0.625
2026-09-08T18:19:01.376Z,POLAR-001,2026-09-08T18:19:01.376Z,NORMAL,-13.63,25,50,1013.25,0,0,1,0,0,0,8,1.76,35.61,95,0.3,-59.997397,20,0.289,0,89.54,ADAPTIVE,BALANCED,MEDIUM,LOW,0,0,1,ANOMALY,true,-0.124719,0.625
2026-09-08T18:19:06.385Z,POLAR-001,2026-09-08T18:19:06.385Z,NORMAL,-13.63,25,50,1013.25,0,0,1,0,0,0,8,1.76,35.61,95,0.3,-59.997381,20,0.291,0,89.51,ADAPTIVE,BALANCED,MEDIUM,LOW,0,0,1,ANOMALY,true,-0.124719,0.625
2026-09-08T18:19:11.387Z,POLAR-001,2026-09-08T18:19:11.387Z,NORMAL,-13.63,25,50,1013.25,0,0,1,0,0,0,8,1.76,35.61,95,0.3,-59.997364,20,0.293,0,89.47,ADAPTIVE,BALANCED,MEDIUM,LOW,0,0,1,ANOMALY,true,-0.124719,0.625
2026-09-08T18:19:16.393Z,POLAR-001,2026-09-08T18:19:16.393Z,NORMAL,-13.63,25,50,1013.25,0,0,1,0,0,0,8,1.76,35.61,95,0.3,-59.997347,20,0.294,0,89.44,ADAPTIVE,BALANCED,MEDIUM,LOW,0,0,1,ANOMALY,true,-0.124719,0.625
2026-09-08T18:19:21.402Z,POLAR-001,2026-09-08T18:19:21.402Z,NORMAL,-13.63,25,50,1013.25,0,0,1,0,0,0,8,1.76,35.61,95,0.3,-59.99733,20,0.296,0,89.4,ADAPTIVE,BALANCED,MEDIUM,LOW,0,0,1,ANOMALY,true,-0.124719,0.625
2026-09-08T18:19:26.404Z,POLAR-001,2026-09-08T18:19:26.404Z,NORMAL,-13.63,25,50,1013.25,0,0,1,0,0,0,8,1.76,35.61,95,0.3,-59.997314,20,0.298,0,89.37,ADAPTIVE,BALANCED,MEDIUM,LOW,0,0,1,ANOMALY,true,-0.124719,0.625
2026-09-08T18:19:31.414Z,POLAR-001,2026-09-08T18:19:31.414Z,NORMAL,-13.63,25,50,1013.25,0,0,1,0,0,0,8,1.76,35.61,95,0.3,-59.997297,20,0.3,0,89.33,ADAPTIVE,BALANCED,MEDIUM,LOW,0,0,1,ANOMALY,true,-0.124719,0.625
2026-09-08T18:19:36.420Z,POLAR-001,2026-09-08T18:19:36.420Z,NORMAL,-13.63,25,50,1013.25,0,0,1,0,0,0,8,1.76,35.61,95,0.3,-59.99728,20,0.302,0,89.3,ADAPTIVE,BALANCED,MEDIUM,LOW,0,0,1,ANOMALY,true,-0.124719,0.625
2026-09-08T18:19:41.423Z,POLAR-001,2026-09-08T18:19:41.423Z,NORMAL,-13.63,25,50,1013.25,0,0,1,0,0,0,8,1.76,35.61,95,0.3,-59.997264,20,0.304,0,89.26,ADAPTIVE,BALANCED,MEDIUM,LOW,0,0,1,ANOMALY,true,-0.124719,0.625
2026-09-08T18:19:46.430Z,POLAR-001,2026-09-08T18:19:46.430Z,NORMAL,-13.63,25,50,1013.25,0,0,1,0,0,0,8,1.76,35.61,95,0.3,-59.997247,20,0.306,0,89.23,ADAPTIVE,BALANCED,MEDIUM,LOW,0,0,1,ANOMALY,true,-0.124719,0.625
2026-09-08T18:19:51.436Z,POLAR-001,2026-09-08T18:19:51.436Z,NORMAL,-13.63,25,50,1013.25,0,0,1,0,0,0,8,1.76,35.61,95,0.3,-59.99723,20,0.307,0,89.19,ADAPTIVE,BALANCED,MEDIUM,LOW,0,0,1,ANOMALY,true,-0.124719,0.625
2026-09-08T18:19:56.443Z,POLAR-001,2026-09-08T18:19:56.443Z,NORMAL,-13.63,25,50,1013.25,0,0,1,0,0,0,8,1.76,35.61,95,0.3,-59.997214,20,0.309,0,89.16,ADAPTIVE,BALANCED,MEDIUM,LOW,0,0,1,ANOMALY,true,-0.124719,0.625
2026-09-08T18:20:01.447Z,POLAR-001,2026-09-08T18:20:01.447Z,NORMAL,-13.63,25,50,1013.25,0,0,1,0,0,0,8,1.76,35.61,95,0.3,-59.997197,20,0.311,0,89.12,ADAPTIVE,BALANCED,MEDIUM,LOW,0,0,1,ANOMALY,true,-0.124719,0.625
2026-09-08T18:20:06.448Z,POLAR-001,2026-09-08T18:20:06.448Z,NORMAL,-13.63,25,50,1013.25,0,0,1,0,0,0,8,1.76,35.61,95,0.3,-59.99718,20,0.313,0,89.09,ADAPTIVE,BALANCED,MEDIUM,LOW,0,0,1,ANOMALY,true,-0.124719,0.625
2026-09-08T18:20:11.454Z,POLAR-001,2026-09-08T18:20:11.454Z,NORMAL,-13.63,25,50,1013.25,0,0,1,0,0,0,8,1.76,35.61,95,0.3,-59.997164,20,0.315,0,89.05,ADAPTIVE,BALANCED,MEDIUM,LOW,0,0,1,ANOMALY,true,-0.124719,0.625
2026-09-08T18:20:16.453Z,POLAR-001,2026-09-08T18:20:16.453Z,NORMAL,-13.63,25,50,1013.25,0,0,1,0,0,0,8,1.76,35.61,95,0.3,-59.997147,20,0.317,0,89.02,ADAPTIVE,BALANCED,MEDIUM,LOW,0,0,1,ANOMALY,true,-0.124719,0.625
2026-09-08T18:20:21.465Z,POLAR-001,2026-09-08T18:20:21.465Z,NORMAL,-13.63,25,50,1013.25,0,0,1,0,0,0,8,1.76,35.61,95,0.3,-59.99713,20,0.319,0,88.98,ADAPTIVE,BALANCED,MEDIUM,LOW,0,0,1,ANOMALY,true,-0.124719,0.625
2026-09-08T18:20:26.471Z,POLAR-001,2026-09-08T18:20:26.471Z,NORMAL,-13.63,25,50,1013.25,0,0,1,0,0,0,8,1.76,35.61,95,0.3,-59.997114,20,0.32,0,88.95,ADAPTIVE,BALANCED,MEDIUM,LOW,0,0,1,ANOMALY,true,-0.124719,0.625
2026-09-08T18:20:31.473Z,POLAR-001,2026-09-08T18:20:31.473Z,NORMAL,-13.63,25,50,1013.25,0,0,1,0,0,0,8,1.76,35.61,95,0.3,-59.997097,20,0.322,0,88.91,ADAPTIVE,BALANCED,MEDIUM,LOW,0,0,1,ANOMALY,true,-0.124719,0.625
2026-09-08T18:20:36.481Z,POLAR-001,2026-09-08T18:20:36.481Z,NORMAL,-13.63,25,50,1013.25,0,0,1,0,0,0,8,1.76,35.61,95,0.3,-59.99708,20,0.324,0,88.88,ADAPTIVE,BALANCED,MEDIUM,LOW,0,0,1,ANOMALY,true,-0.124719,0.625
2026-09-08T18:20:41.496Z,POLAR-001,2026-09-08T18:20:41.497Z,NORMAL,-13.63,25,50,1013.25,0,0,1,0,0,0,8,1.76,35.61,95,0.3,-59.997063,20,0.326,0,88.84,ADAPTIVE,BALANCED,MEDIUM,LOW,0,0,1,ANOMALY,true,-0.124719,0.625
2026-09-08T18:20:46.510Z,POLAR-001,2026-09-08T18:20:46.510Z,NORMAL,-13.63,25,50,1013.25,0,0,1,0,0,0,8,1.76,35.61,95,0.3,-59.997047,20,0.328,0,88.81,ADAPTIVE,BALANCED,MEDIUM,LOW,0,0,1,ANOMALY,true,-0.124719,0.625
2026-09-08T18:20:51.522Z,POLAR-001,2026-09-08T18:20:51.522Z,NORMAL,-13.63,25,50,1013.25,0,0,1,0,0,0,8,1.76,35.61,95,0.3,-59.99703,20,0.33,0,88.77,ADAPTIVE,BALANCED,MEDIUM,LOW,0,0,1,ANOMALY,true,-0.124719,0.625
2026-09-08T18:20:56.526Z,POLAR-001,2026-09-08T18:20:56.526Z,NORMAL,-13.63,25,50,1013.25,0,0,1,0,0,0,8,1.76,35.61,95,0.3,-59.997013,20,0.332,0,88.74,ADAPTIVE,BALANCED,MEDIUM,LOW,0,0,1,ANOMALY,true,-0.124719,0.625
2026-09-08T18:21:01.526Z,POLAR-001,2026-09-08T18:21:01.526Z,NORMAL,-13.63,25,50,1013.25,0,0,1,0,0,0,8,1.76,35.61,95,0.3,-59.996997,20,0.333,0,88.7,ADAPTIVE,BALANCED,MEDIUM,LOW,0,0,1,ANOMALY,true,-0.124719,0.625
2026-09-08T18:21:06.532Z,POLAR-001,2026-09-08T18:21:06.532Z,NORMAL,-13.63,25,50,1013.25,0,0,1,0,0,0,8,1.76,35.61,95,0.3,-59.99698,20,0.335,0,88.67,ADAPTIVE,BALANCED,MEDIUM,LOW,0,0,1,ANOMALY,true,-0.124719,0.625
2026-09-08T18:21:11.537Z,POLAR-001,2026-09-08T18:21:11.537Z,NORMAL,-13.63,25,50,1013.25,0,0,1,0,0,0,8,1.76,35.61,95,0.3,-59.996963,20,0.337,0,88.63,ADAPTIVE,BALANCED,MEDIUM,LOW,0,0,1,ANOMALY,true,-0.124719,0.625
2026-09-08T18:21:16.540Z,POLAR-001,2026-09-08T18:21:16.541Z,NORMAL,-13.63,25,50,1013.25,0,0,1,0,0,0,8,1.76,35.61,95,0.3,-59.996947,20,0.339,0,88.6,ADAPTIVE,BALANCED,MEDIUM,LOW,0,0,1,ANOMALY,true,-0.124719,0.625
2026-09-08T18:21:21.547Z,POLAR-001,2026-09-08T18:21:21.547Z,NORMAL,-13.63,25,50,1013.25,0,0,1,0,0,0,8,1.76,35.61,95,0.3,-59.99693,20,0.341,0,88.56,ADAPTIVE,BALANCED,MEDIUM,LOW,0,0,1,ANOMALY,true,-0.124719,0.625
2026-09-08T18:21:26.559Z,POLAR-001,2026-09-08T18:21:26.559Z,NORMAL,-13.63,25,50,1013.25,0,0,1,0,0,0,8,1.76,35.61,95,0.3,-59.996913,20,0.343,0,88.53,ADAPTIVE,BALANCED,MEDIUM,LOW,0,0,1,ANOMALY,true,-0.124719,0.625
2026-09-08T18:21:31.563Z,POLAR-001,2026-09-08T18:21:31.563Z,NORMAL,-13.63,25,50,1013.25,0,0,1,0,0,0,8,1.76,35.61,95,0.3,-59.996897,20,0.344,0,88.49,ADAPTIVE,BALANCED,MEDIUM,LOW,0,0,1,ANOMALY,true,-0.124719,0.625
2026-09-08T18:21:36.573Z,POLAR-001,2026-09-08T18:21:36.573Z,NORMAL,-13.63,25,50,1013.25,0,0,1,0,0,0,8,1.76,35.61,95,0.3,-59.99688,20,0.346,0,88.46,ADAPTIVE,BALANCED,MEDIUM,LOW,0,0,1,ANOMALY,true,-0.124719,0.625
2026-09-08T18:21:41.574Z,POLAR-001,2026-09-08T18:21:41.574Z,NORMAL,-13.63,25,50,1013.25,0,0,1,0,0,0,8,1.76,35.61,95,0.3,-59.996863,20,0.348,0,88.42,ADAPTIVE,BALANCED,MEDIUM,LOW,0,0,1,ANOMALY,true,-0.124719,0.625
2026-09-08T18:21:46.574Z,POLAR-001,2026-09-08T18:21:46.574Z,NORMAL,-13.63,25,50,1013.25,0,0,1,0,0,0,8,1.76,35.61,95,0.3,-59.996847,20,0.35,0,88.39,ADAPTIVE,BALANCED,MEDIUM,LOW,0,0,1,ANOMALY,true,-0.124719,0.625
2026-09-08T18:21:51.587Z,POLAR-001,2026-09-08T18:21:51.587Z,NORMAL,-13.63,25,50,1013.25,0,0,1,0,0,0,8,1.76,35.61,95,0.3,-59.99683,20,0.352,0,88.35,ADAPTIVE,BALANCED,MEDIUM,LOW,0,0,1,ANOMALY,true,-0.124719,0.625
2026-09-08T18:21:56.588Z,POLAR-001,2026-09-08T18:21:56.588Z,NORMAL,-13.63,25,50,1013.25,0,0,1,0,0,0,8,1.76,35.61,95,0.3,-59.996813,20,0.354,0,88.32,ADAPTIVE,BALANCED,MEDIUM,LOW,0,0,1,ANOMALY,true,-0.124719,0.625
2026-09-08T18:22:01.601Z,POLAR-001,2026-09-08T18:22:01.601Z,NORMAL,-13.63,25,50,1013.25,0,0,1,0,0,0,8,1.76,35.61,95,0.3,-59.996797,20,0.356,0,88.28,ADAPTIVE,BALANCED,MEDIUM,LOW,0,0,1,ANOMALY,true,-0.124719,0.625
2026-09-08T18:22:06.603Z,POLAR-001,2026-09-08T18:22:06.603Z,NORMAL,-13.63,25,50,1013.25,0,0,1,0,0,0,8,1.76,35.61,95,0.3,-59.99678,20,0.357,0,88.25,ADAPTIVE,BALANCED,MEDIUM,LOW,0,0,1,ANOMALY,true,-0.124719,0.625
2026-09-08T18:22:11.611Z,POLAR-001,2026-09-08T18:22:11.611Z,NORMAL,-13.63,25,50,1013.25,0,0,1,0,0,0,8,1.76,35.61,95,0.3,-59.996763,20,0.359,0,88.21,ADAPTIVE,BALANCED,MEDIUM,LOW,0,0,1,ANOMALY,true,-0.124719,0.625
2026-09-08T18:22:16.611Z,POLAR-001,2026-09-08T18:22:16.611Z,NORMAL,-13.63,25,50,1013.25,0,0,1,0,0,0,8,1.76,35.61,95,0.3,-59.996746,20,0.361,0,88.18,ADAPTIVE,BALANCED,MEDIUM,LOW,0,0,1,ANOMALY,true,-0.124719,0.625
2026-09-08T18:22:21.623Z,POLAR-001,2026-09-08T18:22:21.623Z,NORMAL,-13.63,25,50,1013.25,0,0,1,0,0,0,8,1.76,35.61,95,0.3,-59.99673,20,0.363,0,88.14,ADAPTIVE,BALANCED,MEDIUM,LOW,0,0,1,ANOMALY,true,-0.124719,0.625
2026-09-08T18:22:26.630Z,POLAR-001,2026-09-08T18:22:26.630Z,NORMAL,-13.63,25,50,1013.25,0,0,1,0,0,0,8,1.76,35.61,95,0.3,-59.996713,20,0.365,0,88.11,ADAPTIVE,BALANCED,MEDIUM,LOW,0,0,1,ANOMALY,true,-0.124719,0.625
2026-09-08T18:22:31.634Z,POLAR-001,2026-09-08T18:22:31.634Z,NORMAL,-13.63,25,50,1013.25,0,0,1,0,0,0,8,1.76,35.61,95,0.3,-59.996696,20,0.367,0,88.07,ADAPTIVE,BALANCED,MEDIUM,LOW,0,0,1,ANOMALY,true,-0.124719,0.625
2026-09-08T18:22:36.641Z,POLAR-001,2026-09-08T18:22:36.641Z,NORMAL,-13.63,25,50,1013.25,0,0,1,0,0,0,8,1.76,35.61,95,0.3,-59.99668,20,0.369,0,88.04,ADAPTIVE,BALANCED,MEDIUM,LOW,0,0,1,ANOMALY,true,-0.124719,0.625
2026-09-08T18:22:41.656Z,POLAR-001,2026-09-08T18:22:41.656Z,NORMAL,-13.63,25,50,1013.25,0,0,1,0,0,0,8,1.76,35.61,95,0.3,-59.996663,20,0.37,0,88,ADAPTIVE,BALANCED,MEDIUM,LOW,0,0,1,ANOMALY,true,-0.124719,0.625
2026-09-08T18:22:46.667Z,POLAR-001,2026-09-08T18:22:46.667Z,NORMAL,-13.63,25,50,1013.25,0,0,1,0,0,0,8,1.76,35.61,95,0.3,-59.996646,20,0.372,0,87.97,ADAPTIVE,BALANCED,MEDIUM,LOW,0,0,1,ANOMALY,true,-0.124719,0.625
2026-09-08T18:22:51.673Z,POLAR-001,2026-09-08T18:22:51.673Z,NORMAL,-13.63,25,50,1013.25,0,0,1,0,0,0,8,1.76,35.61,95,0.3,-59.99663,20,0.374,0,87.93,ADAPTIVE,BALANCED,MEDIUM,LOW,0,0,1,ANOMALY,true,-0.124719,0.625
2026-09-08T18:22:56.683Z,POLAR-001,2026-09-08T18:22:56.683Z,NORMAL,-13.63,25,50,1013.25,0,0,1,0,0,0,8,1.76,35.61,95,0.3,-59.996613,20,0.376,0,87.9,ADAPTIVE,BALANCED,MEDIUM,LOW,0,0,1,ANOMALY,true,-0.124719,0.625
2026-09-08T18:23:01.691Z,POLAR-001,2026-09-08T18:23:01.691Z,NORMAL,-13.63,25,50,1013.25,0,0,1,0,0,0,8,1.76,35.61,95,0.3,-59.996596,20,0.378,0,87.86,ADAPTIVE,BALANCED,MEDIUM,LOW,0,0,1,ANOMALY,true,-0.124719,0.625
2026-09-08T18:23:06.691Z,POLAR-001,2026-09-08T18:23:06.691Z,NORMAL,-13.63,25,50,1013.25,0,0,1,0,0,0,8,1.76,35.61,95,0.3,-59.99658,20,0.38,0,87.83,ADAPTIVE,BALANCED,MEDIUM,LOW,0,0,1,ANOMALY,true,-0.124719,0.625
2026-09-08T18:23:11.700Z,POLAR-001,2026-09-08T18:23:11.700Z,NORMAL,-13.63,25,50,1013.25,0,0,1,0,0,0,8,1.76,35.61,95,0.3,-59.996563,20,0.382,0,87.79,ADAPTIVE,BALANCED,MEDIUM,LOW,0,0,1,ANOMALY,true,-0.124719,0.625
2026-09-08T18:23:16.714Z,POLAR-001,2026-09-08T18:23:16.714Z,NORMAL,-13.63,25,50,1013.25,0,0,1,0,0,0,8,1.76,35.61,95,0.3,-59.996546,20,0.383,0,87.76,ADAPTIVE,BALANCED,MEDIUM,LOW,0,0,1,ANOMALY,true,-0.124719,0.625
2026-09-08T18:23:21.727Z,POLAR-001,2026-09-08T18:23:21.727Z,NORMAL,-13.63,25,50,1013.25,0,0,1,0,0,0,8,1.76,35.61,95,0.3,-59.99653,20,0.385,0,87.72,ADAPTIVE,BALANCED,MEDIUM,LOW,0,0,1,ANOMALY,true,-0.124719,0.625
2026-09-08T18:23:26.741Z,POLAR-001,2026-09-08T18:23:26.741Z,NORMAL,-13.63,25,50,1013.25,0,0,1,0,0,0,8,1.76,35.61,95,0.3,-59.996513,20,0.387,0,87.69,ADAPTIVE,BALANCED,MEDIUM,LOW,0,0,1,ANOMALY,true,-0.124719,0.625
2026-09-08T18:23:31.754Z,POLAR-001,2026-09-08T18:23:31.754Z,NORMAL,-13.63,25,50,1013.25,0,0,1,0,0,0,8,1.76,35.61,95,0.3,-59.996496,20,0.389,0,87.65,ADAPTIVE,BALANCED,MEDIUM,LOW,0,0,1,ANOMALY,true,-0.124719,0.625
2026-09-08T18:23:36.765Z,POLAR-001,2026-09-08T18:23:36.765Z,NORMAL,-13.63,25,50,1013.25,0,0,1,0,0,0,8,1.76,35.61,95,0.3,-59.99648,20,0.391,0,87.62,ADAPTIVE,BALANCED,MEDIUM,LOW,0,0,1,ANOMALY,true,-0.124719,0.625
2026-09-08T18:23:41.776Z,POLAR-001,2026-09-08T18:23:41.776Z,NORMAL,-13.63,25,50,1013.25,0,0,1,0,0,0,8,1.76,35.61,95,0.3,-59.996463,20,0.393,0,87.58,ADAPTIVE,BALANCED,MEDIUM,LOW,0,0,1,ANOMALY,true,-0.124719,0.625
2026-09-08T18:23:46.784Z,POLAR-001,2026-09-08T18:23:46.784Z,NORMAL,-13.63,25,50,1013.25,0,0,1,0,0,0,8,1.76,35.61,95,0.3,-59.996446,20,0.394,0,87.55,ADAPTIVE,BALANCED,MEDIUM,LOW,0,0,1,ANOMALY,true,-0.124719,0.625
2026-09-08T18:23:51.798Z,POLAR-001,2026-09-08T18:23:51.798Z,NORMAL,-13.63,25,50,1013.25,0,0,1,0,0,0,8,1.76,35.61,95,0.3,-59.996429,20,0.396,0,87.51,ADAPTIVE,BALANCED,MEDIUM,LOW,0,0,1,ANOMALY,true,-0.124719,0.625
2026-09-08T18:23:56.808Z,POLAR-001,2026-09-08T18:23:56.808Z,NORMAL,-13.63,25,50,1013.25,0,0,1,0,0,0,8,1.76,35.61,95,0.3,-59.996413,20,0.398,0,87.48,ADAPTIVE,BALANCED,MEDIUM,LOW,0,0,1,ANOMALY,true,-0.124719,0.625
2026-09-08T18:24:01.809Z,POLAR-001,2026-09-08T18:24:01.809Z,NORMAL,-13.63,25,50,1013.25,0,0,1,0,0,0,8,1.76,35.61,95,0.3,-59.996396,20,0.4,0,87.44,ADAPTIVE,BALANCED,MEDIUM,LOW,0,0,1,ANOMALY,true,-0.124719,0.625
2026-09-08T18:24:06.823Z,POLAR-001,2026-09-08T18:24:06.823Z,NORMAL,-13.63,25,50,1013.25,0,0,1,0,0,0,8,1.76,35.61,95,0.3,-59.996379,20,0.402,0,87.41,ADAPTIVE,BALANCED,MEDIUM,LOW,0,0,1,ANOMALY,true,-0.124719,0.625
2026-09-08T18:24:11.825Z,POLAR-001,2026-09-08T18:24:11.825Z,NORMAL,-13.63,25,50,1013.25,0,0,1,0,0,0,8,1.76,35.61,95,0.3,-59.996363,20,0.404,0,87.37,ADAPTIVE,BALANCED,MEDIUM,LOW,0,0,1,ANOMALY,true,-0.124719,0.625
2026-09-08T18:24:16.835Z,POLAR-001,2026-09-08T18:24:16.835Z,NORMAL,-13.63,25,50,1013.25,0,0,1,0,0,0,8,1.76,35.61,95,0.3,-59.996346,20,0.406,0,87.34,ADAPTIVE,BALANCED,MEDIUM,LOW,0,0,1,ANOMALY,true,-0.124719,0.625
2026-09-08T18:24:21.845Z,POLAR-001,2026-09-08T18:24:21.845Z,NORMAL,-13.63,25,50,1013.25,0,0,1,0,0,0,8,1.76,35.61,95,0.3,-59.996329,20,0.407,0,87.3,ADAPTIVE,BALANCED,MEDIUM,LOW,0,0,1,ANOMALY,true,-0.124719,0.625
2026-09-08T18:24:26.844Z,POLAR-001,2026-09-08T18:24:26.844Z,NORMAL,-13.63,25,50,1013.25,0,0,1,0,0,0,8,1.76,35.61,95,0.3,-59.996313,20,0.409,0,87.27,ADAPTIVE,BALANCED,MEDIUM,LOW,0,0,1,ANOMALY,true,-0.124719,0.625
2026-09-08T18:24:31.857Z,POLAR-001,2026-09-08T18:24:31.857Z,NORMAL,-13.63,25,50,1013.25,0,0,1,0,0,0,8,1.76,35.61,95,0.3,-59.996296,20,0.411,0,87.23,ADAPTIVE,BALANCED,MEDIUM,LOW,0,0,1,ANOMALY,true,-0.124719,0.625
2026-09-08T18:24:36.869Z,POLAR-001,2026-09-08T18:24:36.869Z,NORMAL,-13.63,25,50,1013.25,0,0,1,0,0,0,8,1.76,35.61,95,0.3,-59.996279,20,0.413,0,87.2,ADAPTIVE,BALANCED,MEDIUM,LOW,0,0,1,ANOMALY,true,-0.124719,0.625
2026-09-08T18:24:41.878Z,POLAR-001,2026-09-08T18:24:41.878Z,NORMAL,-13.63,25,50,1013.25,0,0,1,0,0,0,8,1.76,35.61,95,0.3,-59.996263,20,0.415,0,87.16,ADAPTIVE,BALANCED,MEDIUM,LOW,0,0,1,ANOMALY,true,-0.124719,0.625
2026-09-08T18:24:46.883Z,POLAR-001,2026-09-08T18:24:46.883Z,NORMAL,-13.63,25,50,1013.25,0,0,1,0,0,0,8,1.76,35.61,95,0.3,-59.996246,20,0.417,0,87.13,ADAPTIVE,BALANCED,MEDIUM,LOW,0,0,1,ANOMALY,true,-0.124719,0.625
2026-09-08T18:24:51.887Z,POLAR-001,2026-09-08T18:24:51.887Z,NORMAL,-13.63,25,50,1013.25,0,0,1,0,0,0,8,1.76,35.61,95,0.3,-59.996229,20,0.419,0,87.09,ADAPTIVE,BALANCED,MEDIUM,LOW,0,0,1,ANOMALY,true,-0.124719,0.625
2026-09-08T18:24:56.901Z,POLAR-001,2026-09-08T18:24:56.901Z,NORMAL,-13.63,25,50,1013.25,0,0,1,0,0,0,8,1.76,35.61,95,0.3,-59.996213,20,0.42,0,87.06,ADAPTIVE,BALANCED,MEDIUM,LOW,0,0,1,ANOMALY,true,-0.124719,0.625
2026-09-08T18:25:01.906Z,POLAR-001,2026-09-08T18:25:01.906Z,NORMAL,-13.63,25,50,1013.25,0,0,1,0,0,0,8,1.76,35.61,95,0.3,-59.996196,20,0.422,0,87.02,ADAPTIVE,BALANCED,MEDIUM,LOW,0,0,1,ANOMALY,true,-0.124719,0.625
2026-09-08T18:25:06.916Z,POLAR-001,2026-09-08T18:25:06.916Z,NORMAL,-13.63,25,50,1013.25,0,0,1,0,0,0,8,1.76,35.61,95,0.3,-59.996179,20,0.424,0,86.99,ADAPTIVE,BALANCED,MEDIUM,LOW,0,0,1,ANOMALY,true,-0.124719,0.625
2026-09-08T18:25:11.922Z,POLAR-001,2026-09-08T18:25:11.922Z,NORMAL,-13.63,25,50,1013.25,0,0,1,0,0,0,8,1.76,35.61,95,0.3,-59.996163,20,0.426,0,86.95,ADAPTIVE,BALANCED,MEDIUM,LOW,0,0,1,ANOMALY,true,-0.124719,0.625
2026-09-08T18:25:16.926Z,POLAR-001,2026-09-08T18:25:16.926Z,NORMAL,-13.63,25,50,1013.25,0,0,1,0,0,0,8,1.76,35.61,95,0.3,-59.996146,20,0.428,0,86.92,ADAPTIVE,BALANCED,MEDIUM,LOW,0,0,1,ANOMALY,true,-0.124719,0.625
2026-09-08T18:25:21.934Z,POLAR-001,2026-09-08T18:25:21.934Z,NORMAL,-13.63,25,50,1013.25,0,0,1,0,0,0,8,1.76,35.61,95,0.3,-59.996129,20,0.43,0,86.88,ADAPTIVE,BALANCED,MEDIUM,LOW,0,0,1,ANOMALY,true,-0.124719,0.625
2026-09-08T18:25:26.935Z,POLAR-001,2026-09-08T18:25:26.935Z,NORMAL,-13.63,25,50,1013.25,0,0,1,0,0,0,8,1.76,35.61,95,0.3,-59.996112,20,0.432,0,86.85,ADAPTIVE,BALANCED,MEDIUM,LOW,0,0,1,ANOMALY,true,-0.124719,0.625
2026-09-08T18:25:31.936Z,POLAR-001,2026-09-08T18:25:31.936Z,NORMAL,-13.63,25,50,1013.25,0,0,1,0,0,0,8,1.76,35.61,95,0.3,-59.996096,20,0.433,0,86.81,ADAPTIVE,BALANCED,MEDIUM,LOW,0,0,1,ANOMALY,true,-0.124719,0.625
2026-09-08T18:25:36.951Z,POLAR-001,2026-09-08T18:25:36.951Z,NORMAL,-13.63,25,50,1013.25,0,0,1,0,0,0,8,1.76,35.61,95,0.3,-59.996079,20,0.435,0,86.78,ADAPTIVE,BALANCED,MEDIUM,LOW,0,0,1,ANOMALY,true,-0.124719,0.625
2026-09-08T18:25:41.955Z,POLAR-001,2026-09-08T18:25:41.955Z,NORMAL,-13.63,25,50,1013.25,0,0,1,0,0,0,8,1.76,35.61,95,0.3,-59.996062,20,0.437,0,86.74,ADAPTIVE,BALANCED,MEDIUM,LOW,0,0,1,ANOMALY,true,-0.124719,0.625
2026-09-08T18:25:46.963Z,POLAR-001,2026-09-08T18:25:46.963Z,NORMAL,-13.63,25,50,1013.25,0,0,1,0,0,0,8,1.76,35.61,95,0.3,-59.996046,20,0.439,0,86.71,ADAPTIVE,BALANCED,MEDIUM,LOW,0,0,1,ANOMALY,true,-0.124719,0.625
2026-09-08T18:25:51.963Z,POLAR-001,2026-09-08T18:25:51.963Z,NORMAL,-13.63,25,50,1013.25,0,0,1,0,0,0,8,1.76,35.61,95,0.3,-59.996029,20,0.441,0,86.67,ADAPTIVE,BALANCED,MEDIUM,LOW,0,0,1,ANOMALY,true,-0.124719,0.625
2026-09-08T18:25:56.972Z,POLAR-001,2026-09-08T18:25:56.972Z,NORMAL,-13.63,25,50,1013.25,0,0,1,0,0,0,8,1.76,35.61,95,0.3,-59.996012,20,0.443,0,86.64,ADAPTIVE,BALANCED,MEDIUM,LOW,0,0,1,ANOMALY,true,-0.124719,0.625
2026-09-08T18:26:01.975Z,POLAR-001,2026-09-08T18:26:01.975Z,NORMAL,-13.63,25,50,1013.25,0,0,1,0,0,0,8,1.76,35.61,95,0.3,-59.995996,20,0.444,0,86.6,ADAPTIVE,BALANCED,MEDIUM,LOW,0,0,1,ANOMALY,true,-0.124719,0.625
2026-09-08T18:26:06.979Z,POLAR-001,2026-09-08T18:26:06.979Z,NORMAL,-13.63,25,50,1013.25,0,0,1,0,0,0,8,1.76,35.61,95,0.3,-59.995979,20,0.446,0,86.57,ADAPTIVE,BALANCED,MEDIUM,LOW,0,0,1,ANOMALY,true,-0.124719,0.625
2026-09-08T18:26:11.981Z,POLAR-001,2026-09-08T18:26:11.981Z,NORMAL,-13.63,25,50,1013.25,0,0,1,0,0,0,8,1.76,35.61,95,0.3,-59.995962,20,0.448,0,86.53,ADAPTIVE,BALANCED,MEDIUM,LOW,0,0,1,ANOMALY,true,-0.124719,0.625
2026-09-08T18:26:16.990Z,POLAR-001,2026-09-08T18:26:16.990Z,NORMAL,-13.63,25,50,1013.25,0,0,1,0,0,0,8,1.76,35.61,95,0.3,-59.995946,20,0.45,0,86.5,ADAPTIVE,BALANCED,MEDIUM,LOW,0,0,1,ANOMALY,true,-0.124719,0.625
2026-09-08T18:26:21.991Z,POLAR-001,2026-09-08T18:26:21.991Z,NORMAL,-13.63,25,50,1013.25,0,0,1,0,0,0,8,1.76,35.61,95,0.3,-59.995929,20,0.452,0,86.46,ADAPTIVE,BALANCED,MEDIUM,LOW,0,0,1,ANOMALY,true,-0.124719,0.625
2026-09-08T18:26:26.992Z,POLAR-001,2026-09-08T18:26:26.992Z,NORMAL,-13.63,25,50,1013.25,0,0,1,0,0,0,8,1.76,35.61,95,0.3,-59.995912,20,0.454,0,86.43,ADAPTIVE,BALANCED,MEDIUM,LOW,0,0,1,ANOMALY,true,-0.124719,0.625
2026-09-08T18:26:32.000Z,POLAR-001,2026-09-08T18:26:32.000Z,NORMAL,-13.63,25,50,1013.25,0,0,1,0,0,0,8,1.76,35.61,95,0.3,-59.995896,20,0.456,0,86.39,ADAPTIVE,BALANCED,MEDIUM,LOW,0,0,1,ANOMALY,true,-0.124719,0.625
2026-09-08T18:26:37.011Z,POLAR-001,2026-09-08T18:26:37.011Z,NORMAL,-13.63,25,50,1013.25,0,0,1,0,0,0,8,1.76,35.61,95,0.3,-59.995879,20,0.457,0,86.36,ADAPTIVE,BALANCED,MEDIUM,LOW,0,0,1,ANOMALY,true,-0.124719,0.625
2026-09-08T18:26:42.020Z,POLAR-001,2026-09-08T18:26:42.020Z,NORMAL,-13.63,25,50,1013.25,0,0,1,0,0,0,8,1.76,35.61,95,0.3,-59.995862,20,0.459,0,86.32,ADAPTIVE,BALANCED,MEDIUM,LOW,0,0,1,ANOMALY,true,-0.124719,0.625
2026-09-08T18:26:47.023Z,POLAR-001,2026-09-08T18:26:47.023Z,NORMAL,-13.63,25,50,1013.25,0,0,1,0,0,0,8,1.76,35.61,95,0.3,-59.995846,20,0.461,0,86.29,ADAPTIVE,BALANCED,MEDIUM,LOW,0,0,1,ANOMALY,true,-0.124719,0.625
2026-09-08T18:26:52.031Z,POLAR-001,2026-09-08T18:26:52.031Z,NORMAL,-13.63,25,50,1013.25,0,0,1,0,0,0,8,1.76,35.61,95,0.3,-59.995829,20,0.463,0,86.25,ADAPTIVE,BALANCED,MEDIUM,LOW,0,0,1,ANOMALY,true,-0.124719,0.625
2026-09-08T18:26:57.036Z,POLAR-001,2026-09-08T18:26:57.036Z,NORMAL,-13.63,25,50,1013.25,0,0,1,0,0,0,8,1.76,35.61,95,0.3,-59.995812,20,0.465,0,86.22,ADAPTIVE,BALANCED,MEDIUM,LOW,0,0,1,ANOMALY,true,-0.124719,0.625
2026-09-08T18:27:02.040Z,POLAR-001,2026-09-08T18:27:02.040Z,NORMAL,-13.63,25,50,1013.25,0,0,1,0,0,0,8,1.76,35.61,95,0.3,-59.995795,20,0.467,0,86.18,ADAPTIVE,BALANCED,MEDIUM,LOW,0,0,1,ANOMALY,true,-0.124719,0.625
2026-09-08T18:27:07.051Z,POLAR-001,2026-09-08T18:27:07.051Z,NORMAL,-13.63,25,50,1013.25,0,0,1,0,0,0,8,1.76,35.61,95,0.3,-59.995779,20,0.469,0,86.15,ADAPTIVE,BALANCED,MEDIUM,LOW,0,0,1,ANOMALY,true,-0.124719,0.625
2026-09-08T18:27:12.056Z,POLAR-001,2026-09-08T18:27:12.056Z,NORMAL,-13.63,25,50,1013.25,0,0,1,0,0,0,8,1.76,35.61,95,0.3,-59.995762,20,0.47,0,86.11,ADAPTIVE,BALANCED,MEDIUM,LOW,0,0,1,ANOMALY,true,-0.124719,0.625
2026-09-08T18:27:17.066Z,POLAR-001,2026-09-08T18:27:17.066Z,NORMAL,-13.63,25,50,1013.25,0,0,1,0,0,0,8,1.76,35.61,95,0.3,-59.995745,20,0.472,0,86.08,ADAPTIVE,BALANCED,MEDIUM,LOW,0,0,1,ANOMALY,true,-0.124719,0.625
2026-09-08T18:27:22.066Z,POLAR-001,2026-09-08T18:27:22.066Z,NORMAL,-13.63,25,50,1013.25,0,0,1,0,0,0,8,1.76,35.61,95,0.3,-59.995729,20,0.474,0,86.04,ADAPTIVE,BALANCED,MEDIUM,LOW,0,0,1,ANOMALY,true,-0.124719,0.625
2026-09-08T18:27:27.080Z,POLAR-001,2026-09-08T18:27:27.080Z,NORMAL,-13.63,25,50,1013.25,0,0,1,0,0,0,8,1.76,35.61,95,0.3,-59.995712,20,0.476,0,86.01,ADAPTIVE,BALANCED,MEDIUM,LOW,0,0,1,ANOMALY,true,-0.124719,0.625
2026-09-08T18:27:32.092Z,POLAR-001,2026-09-08T18:27:32.092Z,NORMAL,-13.63,25,50,1013.25,0,0,1,0,0,0,8,1.76,35.61,95,0.3,-59.995695,20,0.478,0,85.97,ADAPTIVE,BALANCED,MEDIUM,LOW,0,0,1,ANOMALY,true,-0.124719,0.625
2026-09-08T18:27:37.106Z,POLAR-001,2026-09-08T18:27:37.106Z,NORMAL,-13.63,25,50,1013.25,0,0,1,0,0,0,8,1.76,35.61,95,0.3,-59.995679,20,0.48,0,85.94,ADAPTIVE,BALANCED,MEDIUM,LOW,0,0,1,ANOMALY,true,-0.124719,0.625
2026-09-08T18:27:42.113Z,POLAR-001,2026-09-08T18:27:42.113Z,NORMAL,-13.63,25,50,1013.25,0,0,1,0,0,0,8,1.76,35.61,95,0.3,-59.995662,20,0.482,0,85.9,ADAPTIVE,BALANCED,MEDIUM,LOW,0,0,1,ANOMALY,true,-0.124719,0.625
2026-09-08T18:27:47.120Z,POLAR-001,2026-09-08T18:27:47.120Z,NORMAL,-13.63,25,50,1013.25,0,0,1,0,0,0,8,1.76,35.61,95,0.3,-59.995645,20,0.483,0,85.87,ADAPTIVE,BALANCED,MEDIUM,LOW,0,0,1,ANOMALY,true,-0.124719,0.625
2026-09-08T18:27:52.130Z,POLAR-001,2026-09-08T18:27:52.130Z,NORMAL,-13.63,25,50,1013.25,0,0,1,0,0,0,8,1.76,35.61,95,0.3,-59.995629,20,0.485,0,85.83,ADAPTIVE,BALANCED,MEDIUM,LOW,0,0,1,ANOMALY,true,-0.124719,0.625
2026-09-08T18:27:57.145Z,POLAR-001,2026-09-08T18:27:57.145Z,NORMAL,-13.63,25,50,1013.25,0,0,1,0,0,0,8,1.76,35.61,95,0.3,-59.995612,20,0.487,0,85.8,ADAPTIVE,BALANCED,MEDIUM,LOW,0,0,1,ANOMALY,true,-0.124719,0.625
2026-09-08T18:28:02.156Z,POLAR-001,2026-09-08T18:28:02.156Z,NORMAL,-13.63,25,50,1013.25,0,0,1,0,0,0,8,1.76,35.61,95,0.3,-59.995595,20,0.489,0,85.76,ADAPTIVE,BALANCED,MEDIUM,LOW,0,0,1,ANOMALY,true,-0.124719,0.625
2026-09-08T18:28:07.168Z,POLAR-001,2026-09-08T18:28:07.168Z,NORMAL,-13.63,25,50,1013.25,0,0,1,0,0,0,8,1.76,35.61,95,0.3,-59.995579,20,0.491,0,85.73,ADAPTIVE,BALANCED,MEDIUM,LOW,0,0,1,ANOMALY,true,-0.124719,0.625
2026-09-08T18:28:12.172Z,POLAR-001,2026-09-08T18:28:12.172Z,NORMAL,-13.63,25,50,1013.25,0,0,1,0,0,0,8,1.76,35.61,95,0.3,-59.995562,20,0.493,0,85.69,ADAPTIVE,BALANCED,MEDIUM,LOW,0,0,1,ANOMALY,true,-0.124719,0.625
2026-09-08T18:28:17.180Z,POLAR-001,2026-09-08T18:28:17.180Z,NORMAL,-13.63,25,50,1013.25,0,0,1,0,0,0,8,1.76,35.61,95,0.3,-59.995545,20,0.494,0,85.66,ADAPTIVE,BALANCED,MEDIUM,LOW,0,0,1,ANOMALY,true,-0.124719,0.625
2026-09-08T18:28:22.184Z,POLAR-001,2026-09-08T18:28:22.184Z,NORMAL,-13.63,25,50,1013.25,0,0,1,0,0,0,8,1.76,35.61,95,0.3,-59.995529,20,0.496,0,85.62,ADAPTIVE,BALANCED,MEDIUM,LOW,0,0,1,ANOMALY,true,-0.124719,0.625
2026-09-08T18:28:27.196Z,POLAR-001,2026-09-08T18:28:27.196Z,NORMAL,-13.63,25,50,1013.25,0,0,1,0,0,0,8,1.76,35.61,95,0.3,-59.995512,20,0.498,0,85.59,ADAPTIVE,BALANCED,MEDIUM,LOW,0,0,1,ANOMALY,true,-0.124719,0.625
2026-09-08T18:28:32.209Z,POLAR-001,2026-09-08T18:28:32.209Z,NORMAL,-13.63,25,50,1013.25,0,0,1,0,0,0,8,1.76,35.61,95,0.3,-59.995495,20,0.5,0,85.55,ADAPTIVE,BALANCED,MEDIUM,LOW,0,0,1,ANOMALY,true,-0.124719,0.625
2026-09-08T18:28:37.218Z,POLAR-001,2026-09-08T18:28:37.218Z,NORMAL,-13.63,25,50,1013.25,0,0,1,0,0,0,8,1.76,35.61,95,0.3,-59.995478,20,0.502,0,85.52,ADAPTIVE,BALANCED,MEDIUM,LOW,0,0,1,ANOMALY,true,-0.124719,0.625
2026-09-08T18:28:42.229Z,POLAR-001,2026-09-08T18:28:42.229Z,NORMAL,-13.63,25,50,1013.25,0,0,1,0,0,0,8,1.76,35.61,95,0.3,-59.995462,20,0.504,0,85.48,ADAPTIVE,BALANCED,MEDIUM,LOW,0,0,1,ANOMALY,true,-0.124719,0.625
2026-09-08T18:28:47.239Z,POLAR-001,2026-09-08T18:28:47.239Z,NORMAL,-13.63,25,50,1013.25,0,0,1,0,0,0,8,1.76,35.61,95,0.3,-59.995445,20,0.506,0,85.45,ADAPTIVE,BALANCED,MEDIUM,LOW,0,0,1,ANOMALY,true,-0.124719,0.625
2026-09-08T18:28:52.243Z,POLAR-001,2026-09-08T18:28:52.243Z,NORMAL,-13.63,25,50,1013.25,0,0,1,0,0,0,8,1.76,35.61,95,0.3,-59.995428,20,0.507,0,85.41,ADAPTIVE,BALANCED,MEDIUM,LOW,0,0,1,ANOMALY,true,-0.124719,0.625
2026-09-08T18:28:57.256Z,POLAR-001,2026-09-08T18:28:57.256Z,NORMAL,-13.63,25,50,1013.25,0,0,1,0,0,0,8,1.76,35.61,95,0.3,-59.995412,20,0.509,0,85.38,ADAPTIVE,BALANCED,MEDIUM,LOW,0,0,1,ANOMALY,true,-0.124719,0.625
2026-09-08T18:29:02.258Z,POLAR-001,2026-09-08T18:29:02.259Z,NORMAL,-13.63,25,50,1013.25,0,0,1,0,0,0,8,1.76,35.61,95,0.3,-59.995395,20,0.511,0,85.34,ADAPTIVE,BALANCED,MEDIUM,LOW,0,0,1,ANOMALY,true,-0.124719,0.625
2026-09-08T18:29:07.261Z,POLAR-001,2026-09-08T18:29:07.261Z,NORMAL,-13.63,25,50,1013.25,0,0,1,0,0,0,8,1.76,35.61,95,0.3,-59.995378,20,0.513,0,85.31,ADAPTIVE,BALANCED,MEDIUM,LOW,0,0,1,ANOMALY,true,-0.124719,0.625
2026-09-08T18:29:12.270Z,POLAR-001,2026-09-08T18:29:12.270Z,NORMAL,-13.63,25,50,1013.25,0,0,1,0,0,0,8,1.76,35.61,95,0.3,-59.995362,20,0.515,0,85.27,ADAPTIVE,BALANCED,MEDIUM,LOW,0,0,1,ANOMALY,true,-0.124719,0.625
2026-09-08T18:29:17.272Z,POLAR-001,2026-09-08T18:29:17.272Z,NORMAL,-13.63,25,50,1013.25,0,0,1,0,0,0,8,1.76,35.61,95,0.3,-59.995345,20,0.517,0,85.24,ADAPTIVE,BALANCED,MEDIUM,LOW,0,0,1,ANOMALY,true,-0.124719,0.625
2026-09-08T18:29:22.273Z,POLAR-001,2026-09-08T18:29:22.273Z,NORMAL,-13.63,25,50,1013.25,0,0,1,0,0,0,8,1.76,35.61,95,0.3,-59.995328,20,0.519,0,85.2,ADAPTIVE,BALANCED,MEDIUM,LOW,0,0,1,ANOMALY,true,-0.124719,0.625
2026-09-08T18:29:27.274Z,POLAR-001,2026-09-08T18:29:27.275Z,NORMAL,-13.63,25,50,1013.25,0,0,1,0,0,0,8,1.76,35.61,95,0.3,-59.995312,20,0.52,0,85.17,ADAPTIVE,BALANCED,MEDIUM,LOW,0,0,1,ANOMALY,true,-0.124719,0.625
2026-09-08T18:29:32.275Z,POLAR-001,2026-09-08T18:29:32.275Z,NORMAL,-13.63,25,50,1013.25,0,0,1,0,0,0,8,1.76,35.61,95,0.3,-59.995295,20,0.522,0,85.13,ADAPTIVE,BALANCED,MEDIUM,LOW,0,0,1,ANOMALY,true,-0.124719,0.625
2026-09-08T18:37:11.931Z,POLAR-001,2026-09-08T18:37:11.931Z,NORMAL,-13.63,25,50,1013.25,0,0,1,0,0,0,9.3,1.76,33.58,61.5,0.72,-59.999964,20,0.004,0,94.98,NORMAL,POWER_SAVING,LOW,LOW,0,0,1,NORMAL,false,0.015068,0.485
2026-09-08T18:37:15.262Z,POLAR-001,2026-09-08T18:37:15.262Z,NORMAL,-13.63,25,50,1013.25,0,0,1,0,0,0,8.6,1.76,33.66,63,0.64,-59.999932,20,0.008,0,94.96,NORMAL,POWER_SAVING,LOW,LOW,0,0,1,NORMAL,false,0.015068,0.485
2026-09-08T18:37:20.273Z,POLAR-001,2026-09-08T18:37:20.273Z,NORMAL,-13.63,25,50,1013.25,0,0,1,0,0,0,8,1.76,33.74,64.5,0.56,-59.999904,20,0.011,0,94.94,NORMAL,POWER_SAVING,LOW,LOW,0,0,1,NORMAL,false,0.015068,0.485
2026-09-08T18:37:25.276Z,POLAR-001,2026-09-08T18:37:25.276Z,NORMAL,-13.63,25,50,1013.25,0,0,1,0,0,0,8,1.76,33.82,66,0.48,-59.999879,20,0.013,0,94.92,NORMAL,POWER_SAVING,LOW,LOW,0,0,1,NORMAL,false,0.015068,0.485
2026-09-08T18:37:30.276Z,POLAR-001,2026-09-08T18:37:30.276Z,NORMAL,-13.63,25,50,1013.25,0,0,1,0,0,0,8,1.76,33.9,67.5,0.4,-59.999858,20,0.016,0,94.9,NORMAL,POWER_SAVING,LOW,LOW,0,0,1,NORMAL,false,0.015068,0.485
2026-09-08T18:37:35.290Z,POLAR-001,2026-09-08T18:37:35.290Z,NORMAL,-13.63,25,50,1013.25,0,0,1,0,0,0,8,1.76,33.98,69,0.32,-59.99984,20,0.018,0,94.88,NORMAL,POWER_SAVING,LOW,LOW,0,0,1,NORMAL,false,0.015068,0.485
2026-09-08T18:37:40.305Z,POLAR-001,2026-09-08T18:37:40.305Z,NORMAL,-13.63,25,50,1013.25,0,0,1,0,0,0,8,1.76,34.06,70.5,0.3,-59.999824,20,0.02,0,94.86,NORMAL,POWER_SAVING,LOW,LOW,0,0,1,NORMAL,false,0.015068,0.485
2026-09-08T18:37:45.315Z,POLAR-001,2026-09-08T18:37:45.315Z,NORMAL,-13.63,25,50,1013.25,0,0,1,0,0,0,8,1.76,34.14,72,0.3,-59.999807,20,0.021,0,94.84,NORMAL,POWER_SAVING,LOW,LOW,0,0,1,NORMAL,false,0.015068,0.485
2026-09-08T18:37:50.327Z,POLAR-001,2026-09-08T18:37:50.327Z,NORMAL,-13.63,25,50,1013.25,0,0,1,0,0,0,8,1.76,34.22,73.5,0.3,-59.99979,20,0.023,0,94.82,NORMAL,POWER_SAVING,LOW,LOW,0,0,1,NORMAL,false,0.015068,0.485
2026-09-08T18:37:55.334Z,POLAR-001,2026-09-08T18:37:55.334Z,NORMAL,-13.63,25,50,1013.25,0,0,1,0,0,0,8,1.76,34.3,75,0.3,-59.999774,20,0.025,0,94.8,NORMAL,POWER_SAVING,LOW,LOW,0,0,1,NORMAL,false,0.015068,0.485
2026-09-08T18:38:00.346Z,POLAR-001,2026-09-08T18:38:00.346Z,NORMAL,-13.63,25,50,1013.25,0,0,1,0,0,0,8,1.76,34.38,76.5,0.3,-59.999757,20,0.027,0,94.78,NORMAL,POWER_SAVING,LOW,LOW,0,0,1,NORMAL,false,0.015068,0.485
2026-09-08T18:38:04.821Z,POLAR-001,2026-09-08T18:38:04.821Z,NORMAL,-13.63,25,50,1013.25,0,0,1,0,0,0,8,1.76,34.46,78,0.3,-59.99974,20,0.029,0,94.76,NORMAL,POWER_SAVING,LOW,LOW,0,0,1,ANOMALY,true,-0.037571,0.538
2026-09-08T18:38:05.355Z,POLAR-001,2026-09-08T18:38:05.355Z,NORMAL,-13.63,25,50,1013.25,0,0,1,0,0,0,8,1.76,34.54,79.5,0.3,-59.999724,20,0.031,0,94.74,NORMAL,POWER_SAVING,LOW,LOW,0,0,1,ANOMALY,true,-0.037571,0.538
2026-09-08T18:38:10.355Z,POLAR-001,2026-09-08T18:38:10.355Z,NORMAL,-13.63,25,50,1013.25,0,0,1,0,0,0,8,1.76,34.62,81,0.3,-59.999707,20,0.033,0,94.72,NORMAL,POWER_SAVING,LOW,LOW,0,0,1,ANOMALY,true,-0.037571,0.538
2026-09-08T18:38:15.368Z,POLAR-001,2026-09-08T18:38:15.368Z,NORMAL,-13.63,25,50,1013.25,0,0,1,0,0,0,8,1.76,34.7,82.5,0.3,-59.99969,20,0.034,0,94.7,NORMAL,POWER_SAVING,LOW,LOW,0,0,1,ANOMALY,true,-0.037571,0.538
2026-09-08T18:38:17.427Z,POLAR-001,2026-09-08T18:38:17.427Z,NORMAL,-13.63,-4.49,31.01,1013.25,0,0,1,0,0,0,8,1.76,34.78,84,0.3,-59.999674,20,0.036,0,94.68,NORMAL,POWER_SAVING,LOW,LOW,0,0,1,ANOMALY,true,-0.032838,0.533
2026-09-08T18:38:20.373Z,POLAR-001,2026-09-08T18:38:20.373Z,NORMAL,-13.63,-4.49,31.01,1013.25,0,0,1,0,0,0,8,1.76,34.86,85.5,0.3,-59.999657,20,0.038,0,94.65,ADAPTIVE,BALANCED,MEDIUM,LOW,0,0,1,ANOMALY,true,-0.032838,0.533
2026-09-08T18:38:25.382Z,POLAR-001,2026-09-08T18:38:25.382Z,NORMAL,-13.63,-4.49,31.01,1013.25,0,0,1,0,0,0,8,1.76,34.94,87,0.3,-59.99964,20,0.04,0,94.61,ADAPTIVE,BALANCED,MEDIUM,LOW,0,0,1,ANOMALY,true,-0.032838,0.533
2026-09-08T18:38:27.526Z,POLAR-001,2026-09-08T18:38:27.526Z,NORMAL,-4.08,-4.49,31.01,743.75,-0.91,-0.59,-0.65,105,-135,66,8.7,2.01,34.86,88.5,0.38,-59.999675,19.999955,0.045,213,94.52,HIGH_FREQUENCY,HIGH_LOAD,HIGH,HIGH,1,1,0.285,ANOMALY,true,-0.196976,0.697
2026-09-08T18:38:30.389Z,POLAR-001,2026-09-08T18:38:30.389Z,NORMAL,-4.08,-4.49,31.01,743.75,-0.91,-0.59,-0.65,105,-135,66,9.4,2.26,34.78,90,0.46,-59.999717,19.999901,0.05,213,94.43,HIGH_FREQUENCY,HIGH_LOAD,HIGH,HIGH,1,1,0.285,ANOMALY,true,-0.196976,0.697
2026-09-08T18:38:35.403Z,POLAR-001,2026-09-08T18:38:35.403Z,NORMAL,-4.08,-4.49,31.01,743.75,-0.91,-0.59,-0.65,105,-135,66,10.1,2.51,34.7,91.5,0.54,-59.999765,19.999838,0.056,213,94.34,HIGH_FREQUENCY,HIGH_LOAD,HIGH,HIGH,1,1,0.285,ANOMALY,true,-0.196976,0.697
2026-09-08T18:38:40.412Z,POLAR-001,2026-09-08T18:38:40.412Z,NORMAL,-4.08,-4.49,31.01,743.75,-0.91,-0.59,-0.65,105,-135,66,10.8,2.76,34.62,93,0.62,-59.99982,19.999766,0.064,213,94.25,HIGH_FREQUENCY,HIGH_LOAD,HIGH,HIGH,1,1,0.285,ANOMALY,true,-0.196976,0.697
2026-09-08T18:38:45.423Z,POLAR-001,2026-09-08T18:38:45.423Z,NORMAL,-4.08,-4.49,31.01,743.75,-0.91,-0.59,-0.65,105,-135,66,11.5,3.01,34.54,94.5,0.7,-59.999882,19.999686,0.072,213,94.16,HIGH_FREQUENCY,HIGH_LOAD,HIGH,HIGH,1,1,0.285,ANOMALY,true,-0.196976,0.697
2026-09-08T18:38:50.424Z,POLAR-001,2026-09-08T18:38:50.424Z,NORMAL,-4.08,-4.49,31.01,743.75,-0.91,-0.59,-0.65,105,-135,66,12.2,3.26,34.46,95,0.78,-59.999951,19.999596,0.081,213,94.07,HIGH_FREQUENCY,HIGH_LOAD,HIGH,HIGH,1,1,0.285,ANOMALY,true,-0.196976,0.697
2026-09-08T18:38:55.427Z,POLAR-001,2026-09-08T18:38:55.427Z,NORMAL,-4.08,-4.49,31.01,743.75,-0.91,-0.59,-0.65,105,-135,66,12.9,3.51,34.46,95,0.86,-60.000027,19.999498,0.091,213,93.98,HIGH_FREQUENCY,HIGH_LOAD,HIGH,HIGH,1,1,0.285,ANOMALY,true,-0.196976,0.697
2026-09-08T18:39:00.438Z,POLAR-001,2026-09-08T18:39:00.438Z,NORMAL,-4.08,-4.49,31.01,743.75,-0.91,-0.59,-0.65,105,-135,66,13.6,3.76,34.46,95,0.94,-60.000109,19.999391,0.102,213,93.89,HIGH_FREQUENCY,HIGH_LOAD,HIGH,HIGH,1,1,0.285,ANOMALY,true,-0.196976,0.697
2026-09-08T18:39:03.529Z,POLAR-001,2026-09-08T18:39:03.529Z,NORMAL,-4.08,-4.49,31.01,743.75,-0.91,-0.59,-0.65,105,-135,66,14.3,4.01,34.46,95,1.02,-60.000198,19.999275,0.114,213,93.8,HIGH_FREQUENCY,HIGH_LOAD,HIGH,HIGH,1,1,0.285,ANOMALY,true,-0.210226,0.71
2026-09-08T18:39:05.440Z,POLAR-001,2026-09-08T18:39:05.440Z,NORMAL,-4.08,-4.49,31.01,743.75,-0.91,-0.59,-0.65,105,-135,66,15,4.26,34.46,95,1.1,-60.000294,19.999151,0.126,213,93.71,HIGH_FREQUENCY,HIGH_LOAD,HIGH,HIGH,1,1,0.285,ANOMALY,true,-0.210226,0.71
2026-09-08T18:39:10.445Z,POLAR-001,2026-09-08T18:39:10.445Z,NORMAL,-4.08,-4.49,31.01,743.75,-0.91,-0.59,-0.65,105,-135,66,15.7,4.51,34.46,95,1.18,-60.000397,19.999017,0.14,213,93.62,HIGH_FREQUENCY,HIGH_LOAD,HIGH,HIGH,1,1,0.285,ANOMALY,true,-0.210226,0.71
2026-09-08T18:39:13.413Z,POLAR-001,2026-09-08T18:39:13.413Z,NORMAL,-4.08,-4.49,31.01,743.75,-0.91,-0.59,-0.65,105,-135,66,16.4,4.76,34.46,95,1.26,-60.000506,19.998875,0.155,213,93.53,HIGH_FREQUENCY,HIGH_LOAD,HIGH,HIGH,1,1,0.285,ANOMALY,true,-0.218678,0.719
2026-09-08T18:39:15.457Z,POLAR-001,2026-09-08T18:39:15.457Z,NORMAL,-4.08,-4.49,31.01,743.75,-0.91,-0.59,-0.65,105,-135,66,17.1,5.01,34.46,95,1.34,-60.000623,19.998724,0.17,213,93.44,HIGH_FREQUENCY,HIGH_LOAD,HIGH,HIGH,1,1,0.285,ANOMALY,true,-0.218678,0.719
2026-09-08T18:39:20.465Z,POLAR-001,2026-09-08T18:39:20.465Z,NORMAL,-4.08,-4.49,31.01,743.75,-0.91,-0.59,-0.65,105,-135,66,17.8,5.26,34.46,95,1.42,-60.000746,19.998564,0.186,213,93.35,HIGH_FREQUENCY,HIGH_LOAD,HIGH,HIGH,1,1,0.285,ANOMALY,true,-0.218678,0.719
2026-09-08T18:39:25.467Z,POLAR-001,2026-09-08T18:39:25.467Z,NORMAL,-4.08,-4.49,31.01,743.75,-0.91,-0.59,-0.65,105,-135,66,18.5,5.51,34.46,95,1.5,-60.000876,19.998395,0.203,213,93.26,HIGH_FREQUENCY,HIGH_LOAD,HIGH,HIGH,1,1,0.285,ANOMALY,true,-0.218678,0.719
2026-09-08T18:39:30.471Z,POLAR-001,2026-09-08T18:39:30.471Z,NORMAL,-4.08,-4.49,31.01,743.75,-0.91,-0.59,-0.65,105,-135,66,19.2,5.76,34.46,95,1.58,-60.001013,19.998217,0.222,213,93.17,HIGH_FREQUENCY,HIGH_LOAD,HIGH,HIGH,1,1,0.285,ANOMALY,true,-0.218678,0.719
2026-09-08T18:39:35.482Z,POLAR-001,2026-09-08T18:39:35.482Z,NORMAL,-4.08,-4.49,31.01,743.75,-0.91,-0.59,-0.65,105,-135,66,19.9,6.01,34.46,95,1.66,-60.001156,19.998031,0.241,213,93.08,HIGH_FREQUENCY,HIGH_LOAD,HIGH,HIGH,1,1,0.285,ANOMALY,true,-0.218678,0.719
2026-09-08T18:39:40.494Z,POLAR-001,2026-09-08T18:39:40.494Z,NORMAL,-4.08,-4.49,31.01,743.75,-0.91,-0.59,-0.65,105,-135,66,20.6,6.26,34.46,95,1.74,-60.001307,19.997835,0.261,213,92.99,HIGH_FREQUENCY,HIGH_LOAD,HIGH,HIGH,1,1,0.285,ANOMALY,true,-0.218678,0.719
2026-09-08T18:39:45.503Z,POLAR-001,2026-09-08T18:39:45.504Z,NORMAL,-4.08,-4.49,31.01,743.75,-0.91,-0.59,-0.65,105,-135,66,21.3,6.51,34.46,95,1.82,-60.001464,19.997631,0.281,213,92.9,HIGH_FREQUENCY,HIGH_LOAD,HIGH,HIGH,1,1,0.285,ANOMALY,true,-0.218678,0.719
2026-09-08T18:39:50.508Z,POLAR-001,2026-09-08T18:39:50.508Z,NORMAL,-4.08,-4.49,31.01,743.75,-0.91,-0.59,-0.65,105,-135,66,22,6.76,34.46,95,1.9,-60.001628,19.997418,0.303,213,92.81,HIGH_FREQUENCY,HIGH_LOAD,HIGH,HIGH,1,1,0.285,ANOMALY,true,-0.218678,0.719
2026-09-08T18:39:55.520Z,POLAR-001,2026-09-08T18:39:55.520Z,NORMAL,-4.08,-4.49,31.01,743.75,-0.91,-0.59,-0.65,105,-135,66,22.7,7.01,34.46,95,1.98,-60.001799,19.997196,0.326,213,92.72,HIGH_FREQUENCY,HIGH_LOAD,HIGH,HIGH,1,1,0.285,ANOMALY,true,-0.218678,0.719
2026-09-08T18:40:00.534Z,POLAR-001,2026-09-08T18:40:00.534Z,NORMAL,-4.08,-4.49,31.01,743.75,-0.91,-0.59,-0.65,105,-135,66,23.4,7.26,34.46,95,2,-60.001972,19.996972,0.349,213,92.63,HIGH_FREQUENCY,HIGH_LOAD,HIGH,HIGH,1,1,0.285,ANOMALY,true,-0.218678,0.719
2026-09-08T18:40:05.539Z,POLAR-001,2026-09-08T18:40:05.539Z,NORMAL,-4.08,-4.49,31.01,743.75,-0.91,-0.59,-0.65,105,-135,66,24.1,7.51,34.46,95,2,-60.002146,19.996746,0.372,213,92.54,HIGH_FREQUENCY,HIGH_LOAD,HIGH,HIGH,1,1,0.285,ANOMALY,true,-0.218678,0.719
2026-09-08T18:40:10.550Z,POLAR-001,2026-09-08T18:40:10.550Z,NORMAL,-4.08,-4.49,31.01,743.75,-0.91,-0.59,-0.65,105,-135,66,24.8,7.76,34.46,95,2,-60.00232,19.996519,0.395,213,92.45,HIGH_FREQUENCY,HIGH_LOAD,HIGH,HIGH,1,1,0.285,ANOMALY,true,-0.218678,0.719
2026-09-08T18:40:15.550Z,POLAR-001,2026-09-08T18:40:15.550Z,NORMAL,-4.08,-4.49,31.01,743.75,-0.91,-0.59,-0.65,105,-135,66,25.5,8.01,34.46,95,2,-60.002495,19.996291,0.418,213,92.36,HIGH_FREQUENCY,HIGH_LOAD,HIGH,HIGH,1,1,0.285,ANOMALY,true,-0.218678,0.719
2026-09-08T18:40:20.558Z,POLAR-001,2026-09-08T18:40:20.558Z,NORMAL,-4.08,-4.49,31.01,743.75,-0.91,-0.59,-0.65,105,-135,66,26.2,8.14,34.46,95,2,-60.002671,19.996063,0.441,213,92.27,HIGH_FREQUENCY,HIGH_LOAD,HIGH,HIGH,1,1,0.285,ANOMALY,true,-0.218678,0.719
2026-09-08T18:40:25.564Z,POLAR-001,2026-09-08T18:40:25.564Z,NORMAL,-4.08,-4.49,31.01,743.75,-0.91,-0.59,-0.65,105,-135,66,26.9,8.14,34.46,95,2,-60.002847,19.995835,0.464,213,92.18,HIGH_FREQUENCY,HIGH_LOAD,HIGH,HIGH,1,1,0.285,ANOMALY,true,-0.218678,0.719
2026-09-08T18:40:30.574Z,POLAR-001,2026-09-08T18:40:30.574Z,NORMAL,-4.08,-4.49,31.01,743.75,-0.91,-0.59,-0.65,105,-135,66,27.6,8.14,34.46,95,2,-60.003023,19.995607,0.488,213,92.09,HIGH_FREQUENCY,HIGH_LOAD,HIGH,HIGH,1,1,0.285,ANOMALY,true,-0.218678,0.719
2026-09-08T18:40:35.576Z,POLAR-001,2026-09-08T18:40:35.576Z,NORMAL,-4.08,-4.49,31.01,743.75,-0.91,-0.59,-0.65,105,-135,66,28.3,8.14,34.46,95,2,-60.003198,19.995378,0.511,213,92,HIGH_FREQUENCY,HIGH_LOAD,HIGH,HIGH,1,1,0.285,ANOMALY,true,-0.218678,0.719
2026-09-08T18:40:40.585Z,POLAR-001,2026-09-08T18:40:40.585Z,NORMAL,-4.08,-4.49,31.01,743.75,-0.91,-0.59,-0.65,105,-135,66,29,8.14,34.46,95,2,-60.003374,19.99515,0.534,213,91.91,HIGH_FREQUENCY,HIGH_LOAD,HIGH,HIGH,1,1,0.285,ANOMALY,true,-0.218678,0.719
2026-09-08T18:40:43.133Z,POLAR-001,2026-09-08T18:40:43.133Z,NORMAL,-4.08,-4.49,31.01,743.75,-0.91,-0.59,-0.65,105,-135,66,29.7,8.14,34.46,95,2,-60.00355,19.994922,0.557,213,91.82,HIGH_FREQUENCY,HIGH_LOAD,HIGH,HIGH,1,1,0.285,ANOMALY,true,-0.231705,0.732
2026-09-08T18:40:45.588Z,POLAR-001,2026-09-08T18:40:45.588Z,NORMAL,-4.08,-4.49,31.01,743.75,-0.91,-0.59,-0.65,105,-135,66,30.4,8.14,34.46,95,2,-60.003725,19.994694,0.581,213,91.73,HIGH_FREQUENCY,HIGH_LOAD,HIGH,HIGH,1,1,0.285,ANOMALY,true,-0.231705,0.732
2026-09-08T18:40:50.597Z,POLAR-001,2026-09-08T18:40:50.597Z,NORMAL,-4.08,-4.49,31.01,743.75,-0.91,-0.59,-0.65,105,-135,66,31.1,8.14,34.46,95,2,-60.003901,19.994466,0.604,213,91.64,HIGH_FREQUENCY,HIGH_LOAD,HIGH,HIGH,1,1,0.285,ANOMALY,true,-0.231705,0.732
2026-09-08T18:40:55.611Z,POLAR-001,2026-09-08T18:40:55.611Z,NORMAL,-4.08,-4.49,31.01,743.75,-0.91,-0.59,-0.65,105,-135,66,31.8,8.14,34.46,95,2,-60.004077,19.994237,0.627,213,91.55,HIGH_FREQUENCY,HIGH_LOAD,HIGH,HIGH,1,1,0.285,ANOMALY,true,-0.231705,0.732
2026-09-08T18:41:00.612Z,POLAR-001,2026-09-08T18:41:00.612Z,NORMAL,-4.08,-4.49,31.01,743.75,-0.91,-0.59,-0.65,105,-135,66,32,8.14,34.46,95,2,-60.004253,19.994009,0.65,213,91.46,HIGH_FREQUENCY,HIGH_LOAD,HIGH,HIGH,1,1,0.285,ANOMALY,true,-0.231705,0.732
2026-09-08T18:41:05.619Z,POLAR-001,2026-09-08T18:41:05.619Z,NORMAL,-4.08,-4.49,31.01,743.75,-0.91,-0.59,-0.65,105,-135,66,32,8.14,34.46,95,2,-60.004428,19.993781,0.674,213,91.37,HIGH_FREQUENCY,HIGH_LOAD,HIGH,HIGH,1,1,0.285,ANOMALY,true,-0.231705,0.732
2026-09-08T18:41:10.625Z,POLAR-001,2026-09-08T18:41:10.625Z,NORMAL,-4.08,-4.49,31.01,743.75,-0.91,-0.59,-0.65,105,-135,66,32,8.14,34.46,95,2,-60.004604,19.993553,0.697,213,91.28,HIGH_FREQUENCY,HIGH_LOAD,HIGH,HIGH,1,1,0.285,ANOMALY,true,-0.231705,0.732
2026-09-08T18:41:15.626Z,POLAR-001,2026-09-08T18:41:15.626Z,NORMAL,-4.08,-4.49,31.01,743.75,-0.91,-0.59,-0.65,105,-135,66,32,8.14,34.46,95,2,-60.00478,19.993324,0.72,213,91.19,HIGH_FREQUENCY,HIGH_LOAD,HIGH,HIGH,1,1,0.285,ANOMALY,true,-0.231705,0.732
2026-09-08T18:41:20.628Z,POLAR-001,2026-09-08T18:41:20.628Z,NORMAL,-4.08,-4.49,31.01,743.75,-0.91,-0.59,-0.65,105,-135,66,32,8.14,34.46,95,2,-60.004955,19.993096,0.743,213,91.1,HIGH_FREQUENCY,HIGH_LOAD,HIGH,HIGH,1,1,0.285,ANOMALY,true,-0.231705,0.732
2026-09-08T18:41:25.635Z,POLAR-001,2026-09-08T18:41:25.635Z,NORMAL,-4.08,-4.49,31.01,743.75,-0.91,-0.59,-0.65,105,-135,66,32,8.14,34.46,95,2,-60.005131,19.992868,0.767,213,91.01,HIGH_FREQUENCY,HIGH_LOAD,HIGH,HIGH,1,1,0.285,ANOMALY,true,-0.231705,0.732
2026-09-08T18:41:30.649Z,POLAR-001,2026-09-08T18:41:30.649Z,NORMAL,-4.08,-4.49,31.01,743.75,-0.91,-0.59,-0.65,105,-135,66,32,8.14,34.46,95,2,-60.005307,19.99264,0.79,213,90.92,HIGH_FREQUENCY,HIGH_LOAD,HIGH,HIGH,1,1,0.285,ANOMALY,true,-0.231705,0.732
2026-09-08T18:41:35.662Z,POLAR-001,2026-09-08T18:41:35.662Z,NORMAL,-4.08,-4.49,31.01,743.75,-0.91,-0.59,-0.65,105,-135,66,32,8.14,34.46,95,2,-60.005483,19.992411,0.813,213,90.83,HIGH_FREQUENCY,HIGH_LOAD,HIGH,HIGH,1,1,0.285,ANOMALY,true,-0.231705,0.732
2026-09-08T18:41:40.665Z,POLAR-001,2026-09-08T18:41:40.665Z,NORMAL,-4.08,-4.49,31.01,743.75,-0.91,-0.59,-0.65,105,-135,66,32,8.14,34.46,95,2,-60.005658,19.992183,0.836,213,90.74,HIGH_FREQUENCY,HIGH_LOAD,HIGH,HIGH,1,1,0.285,ANOMALY,true,-0.231705,0.732
2026-09-08T18:41:45.679Z,POLAR-001,2026-09-08T18:41:45.679Z,NORMAL,-4.08,-4.49,31.01,743.75,-0.91,-0.59,-0.65,105,-135,66,32,8.14,34.46,95,2,-60.005834,19.991955,0.86,213,90.65,HIGH_FREQUENCY,HIGH_LOAD,HIGH,HIGH,1,1,0.285,ANOMALY,true,-0.231705,0.732
2026-09-08T18:41:50.689Z,POLAR-001,2026-09-08T18:41:50.689Z,NORMAL,-4.08,-4.49,31.01,743.75,-0.91,-0.59,-0.65,105,-135,66,32,8.14,34.46,95,2,-60.00601,19.991726,0.883,213,90.56,HIGH_FREQUENCY,HIGH_LOAD,HIGH,HIGH,1,1,0.285,ANOMALY,true,-0.231705,0.732
2026-09-08T18:41:55.693Z,POLAR-001,2026-09-08T18:41:55.693Z,NORMAL,-4.08,-4.49,31.01,743.75,-0.91,-0.59,-0.65,105,-135,66,32,8.14,34.46,95,2,-60.006185,19.991498,0.906,213,90.47,HIGH_FREQUENCY,HIGH_LOAD,HIGH,HIGH,1,1,0.285,ANOMALY,true,-0.231705,0.732
2026-09-08T18:42:00.695Z,POLAR-001,2026-09-08T18:42:00.695Z,NORMAL,-4.08,-4.49,31.01,743.75,-0.91,-0.59,-0.65,105,-135,66,32,8.14,34.46,95,2,-60.006361,19.99127,0.929,213,90.38,HIGH_FREQUENCY,HIGH_LOAD,HIGH,HIGH,1,1,0.285,ANOMALY,true,-0.231705,0.732
2026-09-08T18:42:05.697Z,POLAR-001,2026-09-08T18:42:05.697Z,NORMAL,-4.08,-4.49,31.01,743.75,-0.91,-0.59,-0.65,105,-135,66,32,8.14,34.46,95,2,-60.006537,19.991042,0.953,213,90.29,HIGH_FREQUENCY,HIGH_LOAD,HIGH,HIGH,1,1,0.285,ANOMALY,true,-0.231705,0.732
2026-09-08T18:42:10.708Z,POLAR-001,2026-09-08T18:42:10.708Z,NORMAL,-4.08,-4.49,31.01,743.75,-0.91,-0.59,-0.65,105,-135,66,32,8.14,34.46,95,2,-60.006713,19.990813,0.976,213,90.2,HIGH_FREQUENCY,HIGH_LOAD,HIGH,HIGH,1,1,0.285,ANOMALY,true,-0.231705,0.732
2026-09-08T18:42:15.713Z,POLAR-001,2026-09-08T18:42:15.713Z,NORMAL,-4.08,-4.49,31.01,743.75,-0.91,-0.59,-0.65,105,-135,66,32,8.14,34.46,95,2,-60.006888,19.990585,0.999,213,90.11,HIGH_FREQUENCY,HIGH_LOAD,HIGH,HIGH,1,1,0.285,ANOMALY,true,-0.231705,0.732
2026-09-08T18:42:20.721Z,POLAR-001,2026-09-08T18:42:20.721Z,NORMAL,-4.08,-4.49,31.01,743.75,-0.91,-0.59,-0.65,105,-135,66,32,8.14,34.46,95,2,-60.007064,19.990357,1.022,213,90.02,HIGH_FREQUENCY,HIGH_LOAD,HIGH,HIGH,1,1,0.285,ANOMALY,true,-0.231705,0.732
2026-09-08T18:42:25.722Z,POLAR-001,2026-09-08T18:42:25.722Z,NORMAL,-4.08,-4.49,31.01,743.75,-0.91,-0.59,-0.65,105,-135,66,32,8.14,34.46,95,2,-60.00724,19.990129,1.046,213,89.93,HIGH_FREQUENCY,HIGH_LOAD,HIGH,HIGH,1,1,0.285,ANOMALY,true,-0.231705,0.732
2026-09-08T18:42:30.730Z,POLAR-001,2026-09-08T18:42:30.730Z,NORMAL,-4.08,-4.49,31.01,743.75,-0.91,-0.59,-0.65,105,-135,66,32,8.14,34.46,95,2,-60.007415,19.9899,1.069,213,89.84,HIGH_FREQUENCY,HIGH_LOAD,HIGH,HIGH,1,1,0.285,ANOMALY,true,-0.231705,0.732
2026-09-08T18:42:35.743Z,POLAR-001,2026-09-08T18:42:35.743Z,NORMAL,-4.08,-4.49,31.01,743.75,-0.91,-0.59,-0.65,105,-135,66,32,8.14,34.46,95,2,-60.007591,19.989672,1.092,213,89.75,HIGH_FREQUENCY,HIGH_LOAD,HIGH,HIGH,1,1,0.285,ANOMALY,true,-0.231705,0.732
2026-09-08T18:42:40.743Z,POLAR-001,2026-09-08T18:42:40.743Z,NORMAL,-4.08,-4.49,31.01,743.75,-0.91,-0.59,-0.65,105,-135,66,32,8.14,34.46,95,2,-60.007767,19.989444,1.116,213,89.66,HIGH_FREQUENCY,HIGH_LOAD,HIGH,HIGH,1,1,0.285,ANOMALY,true,-0.231705,0.732
2026-09-08T18:42:45.744Z,POLAR-001,2026-09-08T18:42:45.744Z,NORMAL,-4.08,-4.49,31.01,743.75,-0.91,-0.59,-0.65,105,-135,66,32,8.14,34.46,95,2,-60.007943,19.989216,1.139,213,89.57,HIGH_FREQUENCY,HIGH_LOAD,HIGH,HIGH,1,1,0.285,ANOMALY,true,-0.231705,0.732
2026-09-08T18:42:50.752Z,POLAR-001,2026-09-08T18:42:50.752Z,NORMAL,-4.08,-4.49,31.01,743.75,-0.91,-0.59,-0.65,105,-135,66,32,8.14,34.46,95,2,-60.008118,19.988987,1.162,213,89.48,HIGH_FREQUENCY,HIGH_LOAD,HIGH,HIGH,1,1,0.285,ANOMALY,true,-0.231705,0.732
2026-09-08T18:42:55.763Z,POLAR-001,2026-09-08T18:42:55.763Z,NORMAL,-4.08,-4.49,31.01,743.75,-0.91,-0.59,-0.65,105,-135,66,32,8.14,34.46,95,2,-60.008294,19.988759,1.185,213,89.39,HIGH_FREQUENCY,HIGH_LOAD,HIGH,HIGH,1,1,0.285,ANOMALY,true,-0.231705,0.732
2026-09-08T18:43:00.765Z,POLAR-001,2026-09-08T18:43:00.765Z,NORMAL,-4.08,-4.49,31.01,743.75,-0.91,-0.59,-0.65,105,-135,66,32,8.14,34.46,95,2,-60.00847,19.988531,1.209,213,89.3,HIGH_FREQUENCY,HIGH_LOAD,HIGH,HIGH,1,1,0.285,ANOMALY,true,-0.231705,0.732
2026-09-08T18:43:05.780Z,POLAR-001,2026-09-08T18:43:05.780Z,NORMAL,-4.08,-4.49,31.01,743.75,-0.91,-0.59,-0.65,105,-135,66,32,8.14,34.46,95,2,-60.008645,19.988302,1.232,213,89.21,HIGH_FREQUENCY,HIGH_LOAD,HIGH,HIGH,1,1,0.285,ANOMALY,true,-0.231705,0.732
2026-09-08T18:43:10.791Z,POLAR-001,2026-09-08T18:43:10.791Z,NORMAL,-4.08,-4.49,31.01,743.75,-0.91,-0.59,-0.65,105,-135,66,32,8.14,34.46,95,2,-60.008821,19.988074,1.255,213,89.12,HIGH_FREQUENCY,HIGH_LOAD,HIGH,HIGH,1,1,0.285,ANOMALY,true,-0.231705,0.732
2026-09-08T18:43:15.797Z,POLAR-001,2026-09-08T18:43:15.797Z,NORMAL,-4.08,-4.49,31.01,743.75,-0.91,-0.59,-0.65,105,-135,66,32,8.14,34.46,95,2,-60.008997,19.987846,1.278,213,89.03,HIGH_FREQUENCY,HIGH_LOAD,HIGH,HIGH,1,1,0.285,ANOMALY,true,-0.231705,0.732
2026-09-08T18:43:20.810Z,POLAR-001,2026-09-08T18:43:20.810Z,NORMAL,-4.08,-4.49,31.01,743.75,-0.91,-0.59,-0.65,105,-135,66,32,8.14,34.46,95,2,-60.009173,19.987618,1.302,213,88.94,HIGH_FREQUENCY,HIGH_LOAD,HIGH,HIGH,1,1,0.285,ANOMALY,true,-0.231705,0.732
2026-09-08T18:43:25.815Z,POLAR-001,2026-09-08T18:43:25.815Z,NORMAL,-4.08,-4.49,31.01,743.75,-0.91,-0.59,-0.65,105,-135,66,32,8.14,34.46,95,2,-60.009348,19.987389,1.325,213,88.85,HIGH_FREQUENCY,HIGH_LOAD,HIGH,HIGH,1,1,0.285,ANOMALY,true,-0.231705,0.732
2026-09-08T18:43:30.830Z,POLAR-001,2026-09-08T18:43:30.830Z,NORMAL,-4.08,-4.49,31.01,743.75,-0.91,-0.59,-0.65,105,-135,66,32,8.14,34.46,95,2,-60.009524,19.987161,1.348,213,88.76,HIGH_FREQUENCY,HIGH_LOAD,HIGH,HIGH,1,1,0.285,ANOMALY,true,-0.231705,0.732
2026-09-08T18:43:35.842Z,POLAR-001,2026-09-08T18:43:35.842Z,NORMAL,-4.08,-4.49,31.01,743.75,-0.91,-0.59,-0.65,105,-135,66,32,8.14,34.46,95,2,-60.0097,19.986933,1.371,213,88.67,HIGH_FREQUENCY,HIGH_LOAD,HIGH,HIGH,1,1,0.285,ANOMALY,true,-0.231705,0.732
2026-09-08T18:43:40.844Z,POLAR-001,2026-09-08T18:43:40.844Z,NORMAL,-4.08,-4.49,31.01,743.75,-0.91,-0.59,-0.65,105,-135,66,32,8.14,34.46,95,2,-60.009875,19.986704,1.395,213,88.58,HIGH_FREQUENCY,HIGH_LOAD,HIGH,HIGH,1,1,0.285,ANOMALY,true,-0.231705,0.732
2026-09-08T18:43:45.845Z,POLAR-001,2026-09-08T18:43:45.845Z,NORMAL,-4.08,-4.49,31.01,743.75,-0.91,-0.59,-0.65,105,-135,66,32,8.14,34.46,95,2,-60.010051,19.986476,1.418,213,88.49,HIGH_FREQUENCY,HIGH_LOAD,HIGH,HIGH,1,1,0.285,ANOMALY,true,-0.231705,0.732
2026-09-08T18:43:50.858Z,POLAR-001,2026-09-08T18:43:50.858Z,NORMAL,-4.08,-4.49,31.01,743.75,-0.91,-0.59,-0.65,105,-135,66,32,8.14,34.46,95,2,-60.010227,19.986248,1.441,213,88.4,HIGH_FREQUENCY,HIGH_LOAD,HIGH,HIGH,1,1,0.285,ANOMALY,true,-0.231705,0.732
2026-09-08T18:43:55.865Z,POLAR-001,2026-09-08T18:43:55.865Z,NORMAL,-4.08,-4.49,31.01,743.75,-0.91,-0.59,-0.65,105,-135,66,32,8.14,34.46,95,2,-60.010403,19.98602,1.464,213,88.31,HIGH_FREQUENCY,HIGH_LOAD,HIGH,HIGH,1,1,0.285,ANOMALY,true,-0.231705,0.732
2026-09-08T18:44:00.874Z,POLAR-001,2026-09-08T18:44:00.874Z,NORMAL,-4.08,-4.49,31.01,743.75,-0.91,-0.59,-0.65,105,-135,66,32,8.14,34.46,95,2,-60.010578,19.985791,1.488,213,88.22,HIGH_FREQUENCY,HIGH_LOAD,HIGH,HIGH,1,1,0.285,ANOMALY,true,-0.231705,0.732
2026-09-08T18:44:05.888Z,POLAR-001,2026-09-08T18:44:05.888Z,NORMAL,-4.08,-4.49,31.01,743.75,-0.91,-0.59,-0.65,105,-135,66,32,8.14,34.46,95,2,-60.010754,19.985563,1.511,213,88.13,HIGH_FREQUENCY,HIGH_LOAD,HIGH,HIGH,1,1,0.285,ANOMALY,true,-0.231705,0.732
2026-09-08T18:44:10.903Z,POLAR-001,2026-09-08T18:44:10.903Z,NORMAL,-4.08,-4.49,31.01,743.75,-0.91,-0.59,-0.65,105,-135,66,32,8.14,34.46,95,2,-60.01093,19.985335,1.534,213,88.04,HIGH_FREQUENCY,HIGH_LOAD,HIGH,HIGH,1,1,0.285,ANOMALY,true,-0.231705,0.732
2026-09-08T18:44:15.909Z,POLAR-001,2026-09-08T18:44:15.909Z,NORMAL,-4.08,-4.49,31.01,743.75,-0.91,-0.59,-0.65,105,-135,66,32,8.14,34.46,95,2,-60.011105,19.985106,1.557,213,87.95,HIGH_FREQUENCY,HIGH_LOAD,HIGH,HIGH,1,1,0.285,ANOMALY,true,-0.231705,0.732
2026-09-08T18:44:20.912Z,POLAR-001,2026-09-08T18:44:20.912Z,NORMAL,-4.08,-4.49,31.01,743.75,-0.91,-0.59,-0.65,105,-135,66,32,8.14,34.46,95,2,-60.011281,19.984878,1.581,213,87.86,HIGH_FREQUENCY,HIGH_LOAD,HIGH,HIGH,1,1,0.285,ANOMALY,true,-0.231705,0.732
2026-09-08T18:44:25.928Z,POLAR-001,2026-09-08T18:44:25.928Z,NORMAL,-4.08,-4.49,31.01,743.75,-0.91,-0.59,-0.65,105,-135,66,32,8.14,34.46,95,2,-60.011457,19.98465,1.604,213,87.77,HIGH_FREQUENCY,HIGH_LOAD,HIGH,HIGH,1,1,0.285,ANOMALY,true,-0.231705,0.732
2026-09-08T18:44:30.941Z,POLAR-001,2026-09-08T18:44:30.941Z,NORMAL,-4.08,-4.49,31.01,743.75,-0.91,-0.59,-0.65,105,-135,66,32,8.14,34.46,95,2,-60.011633,19.984422,1.627,213,87.68,HIGH_FREQUENCY,HIGH_LOAD,HIGH,HIGH,1,1,0.285,ANOMALY,true,-0.231705,0.732
2026-09-08T18:44:35.941Z,POLAR-001,2026-09-08T18:44:35.941Z,NORMAL,-4.08,-4.49,31.01,743.75,-0.91,-0.59,-0.65,105,-135,66,32,8.14,34.46,95,2,-60.011808,19.984193,1.65,213,87.59,HIGH_FREQUENCY,HIGH_LOAD,HIGH,HIGH,1,1,0.285,ANOMALY,true,-0.231705,0.732
2026-09-08T18:44:40.943Z,POLAR-001,2026-09-08T18:44:40.944Z,NORMAL,-4.08,-4.49,31.01,743.75,-0.91,-0.59,-0.65,105,-135,66,32,8.14,34.46,95,2,-60.011984,19.983965,1.674,213,87.5,HIGH_FREQUENCY,HIGH_LOAD,HIGH,HIGH,1,1,0.285,ANOMALY,true,-0.231705,0.732
2026-09-08T18:44:45.958Z,POLAR-001,2026-09-08T18:44:45.958Z,NORMAL,-4.08,-4.49,31.01,743.75,-0.91,-0.59,-0.65,105,-135,66,32,8.14,34.46,95,2,-60.01216,19.983737,1.697,213,87.41,HIGH_FREQUENCY,HIGH_LOAD,HIGH,HIGH,1,1,0.285,ANOMALY,true,-0.231705,0.732
2026-09-08T18:44:50.962Z,POLAR-001,2026-09-08T18:44:50.962Z,NORMAL,-4.08,-4.49,31.01,743.75,-0.91,-0.59,-0.65,105,-135,66,32,8.14,34.46,95,2,-60.012335,19.983508,1.72,213,87.32,HIGH_FREQUENCY,HIGH_LOAD,HIGH,HIGH,1,1,0.285,ANOMALY,true,-0.231705,0.732
2026-09-08T18:44:55.968Z,POLAR-001,2026-09-08T18:44:55.968Z,NORMAL,-4.08,-4.49,31.01,743.75,-0.91,-0.59,-0.65,105,-135,66,32,8.14,34.46,95,2,-60.012511,19.98328,1.743,213,87.23,HIGH_FREQUENCY,HIGH_LOAD,HIGH,HIGH,1,1,0.285,ANOMALY,true,-0.231705,0.732
2026-09-08T18:45:00.979Z,POLAR-001,2026-09-08T18:45:00.979Z,NORMAL,-4.08,-4.49,31.01,743.75,-0.91,-0.59,-0.65,105,-135,66,32,8.14,34.46,95,2,-60.012687,19.983052,1.767,213,87.14,HIGH_FREQUENCY,HIGH_LOAD,HIGH,HIGH,1,1,0.285,ANOMALY,true,-0.231705,0.732
2026-09-08T18:45:05.988Z,POLAR-001,2026-09-08T18:45:05.988Z,NORMAL,-4.08,-4.49,31.01,743.75,-0.91,-0.59,-0.65,105,-135,66,32,8.14,34.46,95,2,-60.012863,19.982823,1.79,213,87.05,HIGH_FREQUENCY,HIGH_LOAD,HIGH,HIGH,1,1,0.285,ANOMALY,true,-0.231705,0.732
2026-09-08T18:45:10.991Z,POLAR-001,2026-09-08T18:45:10.991Z,NORMAL,-4.08,-4.49,31.01,743.75,-0.91,-0.59,-0.65,105,-135,66,32,8.14,34.46,95,2,-60.013038,19.982595,1.813,213,86.96,HIGH_FREQUENCY,HIGH_LOAD,HIGH,HIGH,1,1,0.285,ANOMALY,true,-0.231705,0.732
2026-09-08T18:45:15.995Z,POLAR-001,2026-09-08T18:45:15.995Z,NORMAL,-4.08,-4.49,31.01,743.75,-0.91,-0.59,-0.65,105,-135,66,32,8.14,34.46,95,2,-60.013214,19.982367,1.836,213,86.87,HIGH_FREQUENCY,HIGH_LOAD,HIGH,HIGH,1,1,0.285,ANOMALY,true,-0.231705,0.732
2026-09-08T18:45:21.005Z,POLAR-001,2026-09-08T18:45:21.005Z,NORMAL,-4.08,-4.49,31.01,743.75,-0.91,-0.59,-0.65,105,-135,66,32,8.14,34.46,95,2,-60.01339,19.982139,1.86,213,86.78,HIGH_FREQUENCY,HIGH_LOAD,HIGH,HIGH,1,1,0.285,ANOMALY,true,-0.231705,0.732
2026-09-08T18:45:26.018Z,POLAR-001,2026-09-08T18:45:26.018Z,NORMAL,-4.08,-4.49,31.01,743.75,-0.91,-0.59,-0.65,105,-135,66,32,8.14,34.46,95,2,-60.013565,19.98191,1.883,213,86.69,HIGH_FREQUENCY,HIGH_LOAD,HIGH,HIGH,1,1,0.285,ANOMALY,true,-0.231705,0.732
2026-09-08T18:45:31.020Z,POLAR-001,2026-09-08T18:45:31.020Z,NORMAL,-4.08,-4.49,31.01,743.75,-0.91,-0.59,-0.65,105,-135,66,32,8.14,34.46,95,2,-60.013741,19.981682,1.906,213,86.6,HIGH_FREQUENCY,HIGH_LOAD,HIGH,HIGH,1,1,0.285,ANOMALY,true,-0.231705,0.732
2026-09-08T18:45:36.020Z,POLAR-001,2026-09-08T18:45:36.020Z,NORMAL,-4.08,-4.49,31.01,743.75,-0.91,-0.59,-0.65,105,-135,66,32,8.14,34.46,95,2,-60.013917,19.981454,1.929,213,86.51,HIGH_FREQUENCY,HIGH_LOAD,HIGH,HIGH,1,1,0.285,ANOMALY,true,-0.231705,0.732
2026-09-08T18:45:41.025Z,POLAR-001,2026-09-08T18:45:41.025Z,NORMAL,-4.08,-4.49,31.01,743.75,-0.91,-0.59,-0.65,105,-135,66,32,8.14,34.46,95,2,-60.014093,19.981225,1.953,213,86.42,HIGH_FREQUENCY,HIGH_LOAD,HIGH,HIGH,1,1,0.285,ANOMALY,true,-0.231705,0.732
2026-09-08T18:45:46.038Z,POLAR-001,2026-09-08T18:45:46.038Z,NORMAL,-4.08,-4.49,31.01,743.75,-0.91,-0.59,-0.65,105,-135,66,32,8.14,34.46,95,2,-60.014268,19.980997,1.976,213,86.33,HIGH_FREQUENCY,HIGH_LOAD,HIGH,HIGH,1,1,0.285,ANOMALY,true,-0.231705,0.732
2026-09-08T18:45:51.047Z,POLAR-001,2026-09-08T18:45:51.047Z,NORMAL,-4.08,-4.49,31.01,743.75,-0.91,-0.59,-0.65,105,-135,66,32,8.14,34.46,95,2,-60.014444,19.980769,1.999,213,86.24,HIGH_FREQUENCY,HIGH_LOAD,HIGH,HIGH,1,1,0.285,ANOMALY,true,-0.231705,0.732
2026-09-08T18:45:56.058Z,POLAR-001,2026-09-08T18:45:56.058Z,NORMAL,-4.08,-4.49,31.01,743.75,-0.91,-0.59,-0.65,105,-135,66,32,8.14,34.46,95,2,-60.01462,19.98054,2.022,213,86.15,HIGH_FREQUENCY,HIGH_LOAD,HIGH,HIGH,1,1,0.285,ANOMALY,true,-0.231705,0.732
2026-09-08T18:46:01.068Z,POLAR-001,2026-09-08T18:46:01.068Z,NORMAL,-4.08,-4.49,31.01,743.75,-0.91,-0.59,-0.65,105,-135,66,32,8.14,34.46,95,2,-60.014795,19.980312,2.046,213,86.06,HIGH_FREQUENCY,HIGH_LOAD,HIGH,HIGH,1,1,0.285,ANOMALY,true,-0.231705,0.732
2026-09-08T18:46:06.078Z,POLAR-001,2026-09-08T18:46:06.078Z,NORMAL,-4.08,-4.49,31.01,743.75,-0.91,-0.59,-0.65,105,-135,66,32,8.14,34.46,95,2,-60.014971,19.980084,2.069,213,85.97,HIGH_FREQUENCY,HIGH_LOAD,HIGH,HIGH,1,1,0.285,ANOMALY,true,-0.231705,0.732
2026-09-08T18:46:11.091Z,POLAR-001,2026-09-08T18:46:11.091Z,NORMAL,-4.08,-4.49,31.01,743.75,-0.91,-0.59,-0.65,105,-135,66,32,8.14,34.46,95,2,-60.015147,19.979855,2.092,213,85.88,HIGH_FREQUENCY,HIGH_LOAD,HIGH,HIGH,1,1,0.285,ANOMALY,true,-0.231705,0.732
2026-09-08T18:46:16.100Z,POLAR-001,2026-09-08T18:46:16.100Z,NORMAL,-4.08,-4.49,31.01,743.75,-0.91,-0.59,-0.65,105,-135,66,32,8.14,34.46,95,2,-60.015323,19.979627,2.116,213,85.79,HIGH_FREQUENCY,HIGH_LOAD,HIGH,HIGH,1,1,0.285,ANOMALY,true,-0.231705,0.732
2026-09-08T18:46:21.108Z,POLAR-001,2026-09-08T18:46:21.108Z,NORMAL,-4.08,-4.49,31.01,743.75,-0.91,-0.59,-0.65,105,-135,66,32,8.14,34.46,95,2,-60.015498,19.979399,2.139,213,85.7,HIGH_FREQUENCY,HIGH_LOAD,HIGH,HIGH,1,1,0.285,ANOMALY,true,-0.231705,0.732
2026-09-08T18:46:26.121Z,POLAR-001,2026-09-08T18:46:26.121Z,NORMAL,-4.08,-4.49,31.01,743.75,-0.91,-0.59,-0.65,105,-135,66,32,8.14,34.46,95,2,-60.015674,19.97917,2.162,213,85.61,HIGH_FREQUENCY,HIGH_LOAD,HIGH,HIGH,1,1,0.285,ANOMALY,true,-0.231705,0.732
2026-09-08T18:46:31.128Z,POLAR-001,2026-09-08T18:46:31.128Z,NORMAL,-4.08,-4.49,31.01,743.75,-0.91,-0.59,-0.65,105,-135,66,32,8.14,34.46,95,2,-60.01585,19.978942,2.185,213,85.52,HIGH_FREQUENCY,HIGH_LOAD,HIGH,HIGH,1,1,0.285,ANOMALY,true,-0.231705,0.732
2026-09-08T18:46:36.131Z,POLAR-001,2026-09-08T18:46:36.131Z,NORMAL,-4.08,-4.49,31.01,743.75,-0.91,-0.59,-0.65,105,-135,66,32,8.14,34.46,95,2,-60.016025,19.978714,2.209,213,85.43,HIGH_FREQUENCY,HIGH_LOAD,HIGH,HIGH,1,1,0.285,ANOMALY,true,-0.231705,0.732
2026-09-08T18:46:41.141Z,POLAR-001,2026-09-08T18:46:41.141Z,NORMAL,-4.08,-4.49,31.01,743.75,-0.91,-0.59,-0.65,105,-135,66,32,8.14,34.46,95,2,-60.016201,19.978485,2.232,213,85.34,HIGH_FREQUENCY,HIGH_LOAD,HIGH,HIGH,1,1,0.285,ANOMALY,true,-0.231705,0.732
2026-09-08T18:46:46.145Z,POLAR-001,2026-09-08T18:46:46.145Z,NORMAL,-4.08,-4.49,31.01,743.75,-0.91,-0.59,-0.65,105,-135,66,32,8.14,34.46,95,2,-60.016377,19.978257,2.255,213,85.25,HIGH_FREQUENCY,HIGH_LOAD,HIGH,HIGH,1,1,0.285,ANOMALY,true,-0.231705,0.732
2026-09-08T18:46:51.152Z,POLAR-001,2026-09-08T18:46:51.152Z,NORMAL,-4.08,-4.49,31.01,743.75,-0.91,-0.59,-0.65,105,-135,66,32,8.14,34.46,95,2,-60.016552,19.978029,2.278,213,85.16,HIGH_FREQUENCY,HIGH_LOAD,HIGH,HIGH,1,1,0.285,ANOMALY,true,-0.231705,0.732
2026-09-08T18:46:56.163Z,POLAR-001,2026-09-08T18:46:56.163Z,NORMAL,-4.08,-4.49,31.01,743.75,-0.91,-0.59,-0.65,105,-135,66,32,8.14,34.46,95,2,-60.016728,19.9778,2.302,213,85.07,HIGH_FREQUENCY,HIGH_LOAD,HIGH,HIGH,1,1,0.285,ANOMALY,true,-0.231705,0.732
2026-09-08T18:47:01.168Z,POLAR-001,2026-09-08T18:47:01.168Z,NORMAL,-4.08,-4.49,31.01,743.75,-0.91,-0.59,-0.65,105,-135,66,32,8.14,34.46,95,2,-60.016904,19.977572,2.325,213,84.98,HIGH_FREQUENCY,HIGH_LOAD,HIGH,HIGH,1,1,0.285,ANOMALY,true,-0.231705,0.732
2026-09-08T18:47:06.181Z,POLAR-001,2026-09-08T18:47:06.181Z,NORMAL,-4.08,-4.49,31.01,743.75,-0.91,-0.59,-0.65,105,-135,66,32,8.14,34.46,95,2,-60.01708,19.977344,2.348,213,84.89,HIGH_FREQUENCY,HIGH_LOAD,HIGH,HIGH,1,1,0.285,ANOMALY,true,-0.231705,0.732
2026-09-08T18:47:11.185Z,POLAR-001,2026-09-08T18:47:11.185Z,NORMAL,-4.08,-4.49,31.01,743.75,-0.91,-0.59,-0.65,105,-135,66,32,8.14,34.46,95,2,-60.017255,19.977115,2.371,213,84.8,HIGH_FREQUENCY,HIGH_LOAD,HIGH,HIGH,1,1,0.285,ANOMALY,true,-0.231705,0.732
2026-09-08T18:47:16.192Z,POLAR-001,2026-09-08T18:47:16.192Z,NORMAL,-4.08,-4.49,31.01,743.75,-0.91,-0.59,-0.65,105,-135,66,32,8.14,34.46,95,2,-60.017431,19.976887,2.395,213,84.71,HIGH_FREQUENCY,HIGH_LOAD,HIGH,HIGH,1,1,0.285,ANOMALY,true,-0.231705,0.732
2026-09-08T18:47:21.199Z,POLAR-001,2026-09-08T18:47:21.199Z,NORMAL,-4.08,-4.49,31.01,743.75,-0.91,-0.59,-0.65,105,-135,66,32,8.14,34.46,95,2,-60.017607,19.976659,2.418,213,84.62,HIGH_FREQUENCY,HIGH_LOAD,HIGH,HIGH,1,1,0.285,ANOMALY,true,-0.231705,0.732
2026-09-08T18:47:26.208Z,POLAR-001,2026-09-08T18:47:26.208Z,NORMAL,-4.08,-4.49,31.01,743.75,-0.91,-0.59,-0.65,105,-135,66,32,8.14,34.46,95,2,-60.017782,19.97643,2.441,213,84.53,HIGH_FREQUENCY,HIGH_LOAD,HIGH,HIGH,1,1,0.285,ANOMALY,true,-0.231705,0.732
2026-09-08T18:47:31.210Z,POLAR-001,2026-09-08T18:47:31.210Z,NORMAL,-4.08,-4.49,31.01,743.75,-0.91,-0.59,-0.65,105,-135,66,32,8.14,34.46,95,2,-60.017958,19.976202,2.464,213,84.44,HIGH_FREQUENCY,HIGH_LOAD,HIGH,HIGH,1,1,0.285,ANOMALY,true,-0.231705,0.732
2026-09-08T18:47:36.225Z,POLAR-001,2026-09-08T18:47:36.225Z,NORMAL,-4.08,-4.49,31.01,743.75,-0.91,-0.59,-0.65,105,-135,66,32,8.14,34.46,95,2,-60.018134,19.975974,2.488,213,84.35,HIGH_FREQUENCY,HIGH_LOAD,HIGH,HIGH,1,1,0.285,ANOMALY,true,-0.231705,0.732
2026-09-08T18:47:41.235Z,POLAR-001,2026-09-08T18:47:41.235Z,NORMAL,-4.08,-4.49,31.01,743.75,-0.91,-0.59,-0.65,105,-135,66,32,8.14,34.46,95,2,-60.01831,19.975745,2.511,213,84.26,HIGH_FREQUENCY,HIGH_LOAD,HIGH,HIGH,1,1,0.285,ANOMALY,true,-0.231705,0.732
2026-09-08T18:47:46.241Z,POLAR-001,2026-09-08T18:47:46.241Z,NORMAL,-4.08,-4.49,31.01,743.75,-0.91,-0.59,-0.65,105,-135,66,32,8.14,34.46,95,2,-60.018485,19.975517,2.534,213,84.17,HIGH_FREQUENCY,HIGH_LOAD,HIGH,HIGH,1,1,0.285,ANOMALY,true,-0.231705,0.732
2026-09-08T18:47:51.249Z,POLAR-001,2026-09-08T18:47:51.249Z,NORMAL,-4.08,-4.49,31.01,743.75,-0.91,-0.59,-0.65,105,-135,66,32,8.14,34.46,95,2,-60.018661,19.975289,2.557,213,84.08,HIGH_FREQUENCY,HIGH_LOAD,HIGH,HIGH,1,1,0.285,ANOMALY,true,-0.231705,0.732
2026-09-08T18:47:56.253Z,POLAR-001,2026-09-08T18:47:56.253Z,NORMAL,-4.08,-4.49,31.01,743.75,-0.91,-0.59,-0.65,105,-135,66,32,8.14,34.46,95,2,-60.018837,19.97506,2.581,213,83.99,HIGH_FREQUENCY,HIGH_LOAD,HIGH,HIGH,1,1,0.285,ANOMALY,true,-0.231705,0.732
2026-09-08T18:48:01.266Z,POLAR-001,2026-09-08T18:48:01.266Z,NORMAL,-4.08,-4.49,31.01,743.75,-0.91,-0.59,-0.65,105,-135,66,32,8.14,34.46,95,2,-60.019012,19.974832,2.604,213,83.9,HIGH_FREQUENCY,HIGH_LOAD,HIGH,HIGH,1,1,0.285,ANOMALY,true,-0.231705,0.732
2026-09-08T18:48:06.279Z,POLAR-001,2026-09-08T18:48:06.279Z,NORMAL,-4.08,-4.49,31.01,743.75,-0.91,-0.59,-0.65,105,-135,66,32,8.14,34.46,95,2,-60.019188,19.974604,2.627,213,83.81,HIGH_FREQUENCY,HIGH_LOAD,HIGH,HIGH,1,1,0.285,ANOMALY,true,-0.231705,0.732
2026-09-08T18:48:11.284Z,POLAR-001,2026-09-08T18:48:11.284Z,NORMAL,-4.08,-4.49,31.01,743.75,-0.91,-0.59,-0.65,105,-135,66,32,8.14,34.46,95,2,-60.019364,19.974375,2.65,213,83.72,HIGH_FREQUENCY,HIGH_LOAD,HIGH,HIGH,1,1,0.285,ANOMALY,true,-0.231705,0.732
2026-09-08T18:48:16.289Z,POLAR-001,2026-09-08T18:48:16.289Z,NORMAL,-4.08,-4.49,31.01,743.75,-0.91,-0.59,-0.65,105,-135,66,32,8.14,34.46,95,2,-60.01954,19.974147,2.674,213,83.63,HIGH_FREQUENCY,HIGH_LOAD,HIGH,HIGH,1,1,0.285,ANOMALY,true,-0.231705,0.732
2026-09-08T18:48:21.291Z,POLAR-001,2026-09-08T18:48:21.291Z,NORMAL,-4.08,-4.49,31.01,743.75,-0.91,-0.59,-0.65,105,-135,66,32,8.14,34.46,95,2,-60.019715,19.973919,2.697,213,83.54,HIGH_FREQUENCY,HIGH_LOAD,HIGH,HIGH,1,1,0.285,ANOMALY,true,-0.231705,0.732
2026-09-08T18:48:26.294Z,POLAR-001,2026-09-08T18:48:26.294Z,NORMAL,-4.08,-4.49,31.01,743.75,-0.91,-0.59,-0.65,105,-135,66,32,8.14,34.46,95,2,-60.019891,19.97369,2.72,213,83.45,HIGH_FREQUENCY,HIGH_LOAD,HIGH,HIGH,1,1,0.285,ANOMALY,true,-0.231705,0.732
2026-09-08T18:48:31.298Z,POLAR-001,2026-09-08T18:48:31.298Z,NORMAL,-4.08,-4.49,31.01,743.75,-0.91,-0.59,-0.65,105,-135,66,32,8.14,34.46,95,2,-60.020067,19.973462,2.743,213,83.36,HIGH_FREQUENCY,HIGH_LOAD,HIGH,HIGH,1,1,0.285,ANOMALY,true,-0.231705,0.732
2026-09-08T18:48:36.303Z,POLAR-001,2026-09-08T18:48:36.303Z,NORMAL,-4.08,-4.49,31.01,743.75,-0.91,-0.59,-0.65,105,-135,66,32,8.14,34.46,95,2,-60.020242,19.973234,2.767,213,83.27,HIGH_FREQUENCY,HIGH_LOAD,HIGH,HIGH,1,1,0.285,ANOMALY,true,-0.231705,0.732
2026-09-08T18:48:41.317Z,POLAR-001,2026-09-08T18:48:41.317Z,NORMAL,-4.08,-4.49,31.01,743.75,-0.91,-0.59,-0.65,105,-135,66,32,8.14,34.46,95,2,-60.020418,19.973005,2.79,213,83.18,HIGH_FREQUENCY,HIGH_LOAD,HIGH,HIGH,1,1,0.285,ANOMALY,true,-0.231705,0.732
2026-09-08T18:48:46.318Z,POLAR-001,2026-09-08T18:48:46.318Z,NORMAL,-4.08,-4.49,31.01,743.75,-0.91,-0.59,-0.65,105,-135,66,32,8.14,34.46,95,2,-60.020594,19.972777,2.813,213,83.09,HIGH_FREQUENCY,HIGH_LOAD,HIGH,HIGH,1,1,0.285,ANOMALY,true,-0.231705,0.732
2026-09-08T18:48:51.321Z,POLAR-001,2026-09-08T18:48:51.321Z,NORMAL,-4.08,-4.49,31.01,743.75,-0.91,-0.59,-0.65,105,-135,66,32,8.14,34.46,95,2,-60.02077,19.972548,2.836,213,83,HIGH_FREQUENCY,HIGH_LOAD,HIGH,HIGH,1,1,0.285,ANOMALY,true,-0.231705,0.732
2026-09-08T18:48:56.335Z,POLAR-001,2026-09-08T18:48:56.335Z,NORMAL,-4.08,-4.49,31.01,743.75,-0.91,-0.59,-0.65,105,-135,66,32,8.14,34.46,95,2,-60.020945,19.97232,2.86,213,82.91,HIGH_FREQUENCY,HIGH_LOAD,HIGH,HIGH,1,1,0.285,ANOMALY,true,-0.231705,0.732
2026-09-08T18:49:01.345Z,POLAR-001,2026-09-08T18:49:01.345Z,NORMAL,-4.08,-4.49,31.01,743.75,-0.91,-0.59,-0.65,105,-135,66,32,8.14,34.46,95,2,-60.021121,19.972092,2.883,213,82.82,HIGH_FREQUENCY,HIGH_LOAD,HIGH,HIGH,1,1,0.285,ANOMALY,true,-0.231705,0.732
2026-09-08T18:49:06.355Z,POLAR-001,2026-09-08T18:49:06.355Z,NORMAL,-4.08,-4.49,31.01,743.75,-0.91,-0.59,-0.65,105,-135,66,32,8.14,34.46,95,2,-60.021297,19.971863,2.906,213,82.73,HIGH_FREQUENCY,HIGH_LOAD,HIGH,HIGH,1,1,0.285,ANOMALY,true,-0.231705,0.732
2026-09-08T18:49:11.365Z,POLAR-001,2026-09-08T18:49:11.365Z,NORMAL,-4.08,-4.49,31.01,743.75,-0.91,-0.59,-0.65,105,-135,66,32,8.14,34.46,95,2,-60.021472,19.971635,2.929,213,82.64,HIGH_FREQUENCY,HIGH_LOAD,HIGH,HIGH,1,1,0.285,ANOMALY,true,-0.231705,0.732
2026-09-08T18:49:16.368Z,POLAR-001,2026-09-08T18:49:16.368Z,NORMAL,-4.08,-4.49,31.01,743.75,-0.91,-0.59,-0.65,105,-135,66,32,8.14,34.46,95,2,-60.021648,19.971407,2.953,213,82.55,HIGH_FREQUENCY,HIGH_LOAD,HIGH,HIGH,1,1,0.285,ANOMALY,true,-0.231705,0.732
2026-09-08T18:49:21.375Z,POLAR-001,2026-09-08T18:49:21.375Z,NORMAL,-4.08,-4.49,31.01,743.75,-0.91,-0.59,-0.65,105,-135,66,32,8.14,34.46,95,2,-60.021824,19.971178,2.976,213,82.46,HIGH_FREQUENCY,HIGH_LOAD,HIGH,HIGH,1,1,0.285,ANOMALY,true,-0.231705,0.732
2026-09-08T18:49:26.386Z,POLAR-001,2026-09-08T18:49:26.386Z,NORMAL,-4.08,-4.49,31.01,743.75,-0.91,-0.59,-0.65,105,-135,66,32,8.14,34.46,95,2,-60.022,19.97095,2.999,213,82.37,HIGH_FREQUENCY,HIGH_LOAD,HIGH,HIGH,1,1,0.285,ANOMALY,true,-0.231705,0.732
2026-09-08T18:49:31.389Z,POLAR-001,2026-09-08T18:49:31.389Z,NORMAL,-4.08,-4.49,31.01,743.75,-0.91,-0.59,-0.65,105,-135,66,32,8.14,34.46,95,2,-60.022175,19.970721,3.023,213,82.28,HIGH_FREQUENCY,HIGH_LOAD,HIGH,HIGH,1,1,0.285,ANOMALY,true,-0.231705,0.732
2026-09-08T18:49:36.400Z,POLAR-001,2026-09-08T18:49:36.400Z,NORMAL,-4.08,-4.49,31.01,743.75,-0.91,-0.59,-0.65,105,-135,66,32,8.14,34.46,95,2,-60.022351,19.970493,3.046,213,82.19,HIGH_FREQUENCY,HIGH_LOAD,HIGH,HIGH,1,1,0.285,ANOMALY,true,-0.231705,0.732
2026-09-08T18:49:41.402Z,POLAR-001,2026-09-08T18:49:41.402Z,NORMAL,-4.08,-4.49,31.01,743.75,-0.91,-0.59,-0.65,105,-135,66,32,8.14,34.46,95,2,-60.022527,19.970265,3.069,213,82.1,HIGH_FREQUENCY,HIGH_LOAD,HIGH,HIGH,1,1,0.285,ANOMALY,true,-0.231705,0.732
2026-09-08T18:49:46.402Z,POLAR-001,2026-09-08T18:49:46.402Z,NORMAL,-4.08,-4.49,31.01,743.75,-0.91,-0.59,-0.65,105,-135,66,32,8.14,34.46,95,2,-60.022702,19.970036,3.092,213,82.01,HIGH_FREQUENCY,HIGH_LOAD,HIGH,HIGH,1,1,0.285,ANOMALY,true,-0.231705,0.732
2026-09-08T18:49:51.415Z,POLAR-001,2026-09-08T18:49:51.415Z,NORMAL,-4.08,-4.49,31.01,743.75,-0.91,-0.59,-0.65,105,-135,66,32,8.14,34.46,95,2,-60.022878,19.969808,3.116,213,81.92,HIGH_FREQUENCY,HIGH_LOAD,HIGH,HIGH,1,1,0.285,ANOMALY,true,-0.231705,0.732
2026-09-08T18:49:56.424Z,POLAR-001,2026-09-08T18:49:56.424Z,NORMAL,-4.08,-4.49,31.01,743.75,-0.91,-0.59,-0.65,105,-135,66,32,8.14,34.46,95,2,-60.023054,19.96958,3.139,213,81.83,HIGH_FREQUENCY,HIGH_LOAD,HIGH,HIGH,1,1,0.285,ANOMALY,true,-0.231705,0.732
2026-09-08T18:50:01.429Z,POLAR-001,2026-09-08T18:50:01.429Z,NORMAL,-4.08,-4.49,31.01,743.75,-0.91,-0.59,-0.65,105,-135,66,32,8.14,34.46,95,2,-60.02323,19.969351,3.162,213,81.74,HIGH_FREQUENCY,HIGH_LOAD,HIGH,HIGH,1,1,0.285,ANOMALY,true,-0.231705,0.732
2026-09-08T18:50:06.443Z,POLAR-001,2026-09-08T18:50:06.443Z,NORMAL,-4.08,-4.49,31.01,743.75,-0.91,-0.59,-0.65,105,-135,66,32,8.14,34.46,95,2,-60.023405,19.969123,3.185,213,81.65,HIGH_FREQUENCY,HIGH_LOAD,HIGH,HIGH,1,1,0.285,ANOMALY,true,-0.231705,0.732
2026-09-08T18:50:11.455Z,POLAR-001,2026-09-08T18:50:11.455Z,NORMAL,-4.08,-4.49,31.01,743.75,-0.91,-0.59,-0.65,105,-135,66,32,8.14,34.46,95,2,-60.023581,19.968894,3.209,213,81.56,HIGH_FREQUENCY,HIGH_LOAD,HIGH,HIGH,1,1,0.285,ANOMALY,true,-0.231705,0.732
2026-09-08T18:50:16.464Z,POLAR-001,2026-09-08T18:50:16.464Z,NORMAL,-4.08,-4.49,31.01,743.75,-0.91,-0.59,-0.65,105,-135,66,32,8.14,34.46,95,2,-60.023757,19.968666,3.232,213,81.47,HIGH_FREQUENCY,HIGH_LOAD,HIGH,HIGH,1,1,0.285,ANOMALY,true,-0.231705,0.732
2026-09-08T18:50:21.472Z,POLAR-001,2026-09-08T18:50:21.472Z,NORMAL,-4.08,-4.49,31.01,743.75,-0.91,-0.59,-0.65,105,-135,66,32,8.14,34.46,95,2,-60.023932,19.968438,3.255,213,81.38,HIGH_FREQUENCY,HIGH_LOAD,HIGH,HIGH,1,1,0.285,ANOMALY,true,-0.231705,0.732
2026-09-08T18:50:26.475Z,POLAR-001,2026-09-08T18:50:26.475Z,NORMAL,-4.08,-4.49,31.01,743.75,-0.91,-0.59,-0.65,105,-135,66,32,8.14,34.46,95,2,-60.024108,19.968209,3.278,213,81.29,HIGH_FREQUENCY,HIGH_LOAD,HIGH,HIGH,1,1,0.285,ANOMALY,true,-0.231705,0.732
2026-09-08T18:50:31.480Z,POLAR-001,2026-09-08T18:50:31.480Z,NORMAL,-4.08,-4.49,31.01,743.75,-0.91,-0.59,-0.65,105,-135,66,32,8.14,34.46,95,2,-60.024284,19.967981,3.302,213,81.2,HIGH_FREQUENCY,HIGH_LOAD,HIGH,HIGH,1,1,0.285,ANOMALY,true,-0.231705,0.732
2026-09-08T18:50:36.483Z,POLAR-001,2026-09-08T18:50:36.483Z,NORMAL,-4.08,-4.49,31.01,743.75,-0.91,-0.59,-0.65,105,-135,66,32,8.14,34.46,95,2,-60.02446,19.967753,3.325,213,81.11,HIGH_FREQUENCY,HIGH_LOAD,HIGH,HIGH,1,1,0.285,ANOMALY,true,-0.231705,0.732
2026-09-08T18:50:41.489Z,POLAR-001,2026-09-08T18:50:41.489Z,NORMAL,-4.08,-4.49,31.01,743.75,-0.91,-0.59,-0.65,105,-135,66,32,8.14,34.46,95,2,-60.024635,19.967524,3.348,213,81.02,HIGH_FREQUENCY,HIGH_LOAD,HIGH,HIGH,1,1,0.285,ANOMALY,true,-0.231705,0.732
2026-09-08T18:50:46.489Z,POLAR-001,2026-09-08T18:50:46.489Z,NORMAL,-4.08,-4.49,31.01,743.75,-0.91,-0.59,-0.65,105,-135,66,32,8.14,34.46,95,2,-60.024811,19.967296,3.371,213,80.93,HIGH_FREQUENCY,HIGH_LOAD,HIGH,HIGH,1,1,0.285,ANOMALY,true,-0.231705,0.732
2026-09-08T18:50:51.500Z,POLAR-001,2026-09-08T18:50:51.500Z,NORMAL,-4.08,-4.49,31.01,743.75,-0.91,-0.59,-0.65,105,-135,66,32,8.14,34.46,95,2,-60.024987,19.967067,3.395,213,80.84,HIGH_FREQUENCY,HIGH_LOAD,HIGH,HIGH,1,1,0.285,ANOMALY,true,-0.231705,0.732
2026-09-08T18:50:56.509Z,POLAR-001,2026-09-08T18:50:56.509Z,NORMAL,-4.08,-4.49,31.01,743.75,-0.91,-0.59,-0.65,105,-135,66,32,8.14,34.46,95,2,-60.025162,19.966839,3.418,213,80.75,HIGH_FREQUENCY,HIGH_LOAD,HIGH,HIGH,1,1,0.285,ANOMALY,true,-0.231705,0.732
2026-09-08T18:51:01.519Z,POLAR-001,2026-09-08T18:51:01.519Z,NORMAL,-4.08,-4.49,31.01,743.75,-0.91,-0.59,-0.65,105,-135,66,32,8.14,34.46,95,2,-60.025338,19.966611,3.441,213,80.66,HIGH_FREQUENCY,HIGH_LOAD,HIGH,HIGH,1,1,0.285,ANOMALY,true,-0.231705,0.732
2026-09-08T18:51:06.534Z,POLAR-001,2026-09-08T18:51:06.534Z,NORMAL,-4.08,-4.49,31.01,743.75,-0.91,-0.59,-0.65,105,-135,66,32,8.14,34.46,95,2,-60.025514,19.966382,3.464,213,80.57,HIGH_FREQUENCY,HIGH_LOAD,HIGH,HIGH,1,1,0.285,ANOMALY,true,-0.231705,0.732
2026-09-08T18:51:11.535Z,POLAR-001,2026-09-08T18:51:11.535Z,NORMAL,-4.08,-4.49,31.01,743.75,-0.91,-0.59,-0.65,105,-135,66,32,8.14,34.46,95,2,-60.02569,19.966154,3.488,213,80.48,HIGH_FREQUENCY,HIGH_LOAD,HIGH,HIGH,1,1,0.285,ANOMALY,true,-0.231705,0.732
2026-09-08T18:51:16.543Z,POLAR-001,2026-09-08T18:51:16.543Z,NORMAL,-4.08,-4.49,31.01,743.75,-0.91,-0.59,-0.65,105,-135,66,32,8.14,34.46,95,2,-60.025865,19.965925,3.511,213,80.39,HIGH_FREQUENCY,HIGH_LOAD,HIGH,HIGH,1,1,0.285,ANOMALY,true,-0.231705,0.732
2026-09-08T18:51:21.550Z,POLAR-001,2026-09-08T18:51:21.550Z,NORMAL,-4.08,-4.49,31.01,743.75,-0.91,-0.59,-0.65,105,-135,66,32,8.14,34.46,95,2,-60.026041,19.965697,3.534,213,80.3,HIGH_FREQUENCY,HIGH_LOAD,HIGH,HIGH,1,1,0.285,ANOMALY,true,-0.231705,0.732
2026-09-08T18:51:26.551Z,POLAR-001,2026-09-08T18:51:26.551Z,NORMAL,-4.08,-4.49,31.01,743.75,-0.91,-0.59,-0.65,105,-135,66,32,8.14,34.46,95,2,-60.026217,19.965469,3.557,213,80.21,HIGH_FREQUENCY,HIGH_LOAD,HIGH,HIGH,1,1,0.285,ANOMALY,true,-0.231705,0.732
2026-09-08T18:51:31.564Z,POLAR-001,2026-09-08T18:51:31.564Z,NORMAL,-4.08,-4.49,31.01,743.75,-0.91,-0.59,-0.65,105,-135,66,32,8.14,34.46,95,2,-60.026392,19.96524,3.581,213,80.12,HIGH_FREQUENCY,HIGH_LOAD,HIGH,HIGH,1,1,0.285,ANOMALY,true,-0.231705,0.732
2026-09-08T18:51:36.577Z,POLAR-001,2026-09-08T18:51:36.577Z,NORMAL,-4.08,-4.49,31.01,743.75,-0.91,-0.59,-0.65,105,-135,66,32,8.14,34.46,95,2,-60.026568,19.965012,3.604,213,80.03,HIGH_FREQUENCY,HIGH_LOAD,HIGH,HIGH,1,1,0.285,ANOMALY,true,-0.231705,0.732
2026-09-08T18:51:41.580Z,POLAR-001,2026-09-08T18:51:41.580Z,NORMAL,-4.08,-4.49,31.01,743.75,-0.91,-0.59,-0.65,105,-135,66,32,8.14,34.46,95,2,-60.026744,19.964783,3.627,213,79.94,HIGH_FREQUENCY,HIGH_LOAD,HIGH,HIGH,1,1,0.285,ANOMALY,true,-0.231705,0.732
2026-09-08T18:51:46.583Z,POLAR-001,2026-09-08T18:51:46.583Z,NORMAL,-4.08,-4.49,31.01,743.75,-0.91,-0.59,-0.65,105,-135,66,32,8.14,34.46,95,2,-60.02692,19.964555,3.65,213,79.85,HIGH_FREQUENCY,HIGH_LOAD,HIGH,HIGH,1,1,0.285,ANOMALY,true,-0.231705,0.732
2026-09-08T18:51:51.594Z,POLAR-001,2026-09-08T18:51:51.594Z,NORMAL,-4.08,-4.49,31.01,743.75,-0.91,-0.59,-0.65,105,-135,66,32,8.14,34.46,95,2,-60.027095,19.964327,3.674,213,79.76,HIGH_FREQUENCY,HIGH_LOAD,HIGH,HIGH,1,1,0.285,ANOMALY,true,-0.231705,0.732
2026-09-08T18:51:56.606Z,POLAR-001,2026-09-08T18:51:56.606Z,NORMAL,-4.08,-4.49,31.01,743.75,-0.91,-0.59,-0.65,105,-135,66,32,8.14,34.46,95,2,-60.027271,19.964098,3.697,213,79.67,HIGH_FREQUENCY,HIGH_LOAD,HIGH,HIGH,1,1,0.285,ANOMALY,true,-0.231705,0.732
2026-09-08T18:52:01.618Z,POLAR-001,2026-09-08T18:52:01.618Z,NORMAL,-4.08,-4.49,31.01,743.75,-0.91,-0.59,-0.65,105,-135,66,32,8.14,34.46,95,2,-60.027447,19.96387,3.72,213,79.58,HIGH_FREQUENCY,HIGH_LOAD,HIGH,HIGH,1,1,0.285,ANOMALY,true,-0.231705,0.732
2026-09-08T18:52:06.619Z,POLAR-001,2026-09-08T18:52:06.619Z,NORMAL,-4.08,-4.49,31.01,743.75,-0.91,-0.59,-0.65,105,-135,66,32,8.14,34.46,95,2,-60.027622,19.963641,3.743,213,79.49,HIGH_FREQUENCY,HIGH_LOAD,HIGH,HIGH,1,1,0.285,ANOMALY,true,-0.231705,0.732
2026-09-08T18:52:11.632Z,POLAR-001,2026-09-08T18:52:11.632Z,NORMAL,-4.08,-4.49,31.01,743.75,-0.91,-0.59,-0.65,105,-135,66,32,8.14,34.46,95,2,-60.027798,19.963413,3.767,213,79.4,HIGH_FREQUENCY,HIGH_LOAD,HIGH,HIGH,1,1,0.285,ANOMALY,true,-0.231705,0.732
2026-09-08T18:52:16.648Z,POLAR-001,2026-09-08T18:52:16.648Z,NORMAL,-4.08,-4.49,31.01,743.75,-0.91,-0.59,-0.65,105,-135,66,32,8.14,34.46,95,2,-60.027974,19.963185,3.79,213,79.31,HIGH_FREQUENCY,HIGH_LOAD,HIGH,HIGH,1,1,0.285,ANOMALY,true,-0.231705,0.732
2026-09-08T19:14:53.389Z,POLAR-001,2026-09-08T19:14:53.389Z,NORMAL,-4.08,-4.49,31.01,743.75,-0.91,-0.59,-0.65,105,-135,66,32,8.14,34.46,95,2,-60.02815,19.962956,3.813,213,79.22,HIGH_FREQUENCY,HIGH_LOAD,HIGH,HIGH,1,1,0.285,ANOMALY,true,-0.231705,0.732
2026-09-08T19:14:58.401Z,POLAR-001,2026-09-08T19:14:58.401Z,NORMAL,-4.08,-4.49,31.01,743.75,-0.91,-0.59,-0.65,105,-135,66,32,8.14,34.46,95,2,-60.028325,19.962728,3.836,213,79.13,HIGH_FREQUENCY,HIGH_LOAD,HIGH,HIGH,1,1,0.285,ANOMALY,true,-0.231705,0.732
2026-09-08T19:15:03.406Z,POLAR-001,2026-09-08T19:15:03.406Z,NORMAL,-4.08,-4.49,31.01,743.75,-0.91,-0.59,-0.65,105,-135,66,32,8.14,34.46,95,2,-60.028501,19.962499,3.86,213,79.04,HIGH_FREQUENCY,HIGH_LOAD,HIGH,HIGH,1,1,0.285,ANOMALY,true,-0.231705,0.732
2026-09-08T19:15:08.413Z,POLAR-001,2026-09-08T19:15:08.413Z,NORMAL,-4.08,-4.49,31.01,743.75,-0.91,-0.59,-0.65,105,-135,66,32,8.14,34.46,95,2,-60.028677,19.962271,3.883,213,78.95,HIGH_FREQUENCY,HIGH_LOAD,HIGH,HIGH,1,1,0.285,ANOMALY,true,-0.231705,0.732
2026-09-08T19:15:13.419Z,POLAR-001,2026-09-08T19:15:13.419Z,NORMAL,-4.08,-4.49,31.01,743.75,-0.91,-0.59,-0.65,105,-135,66,32,8.14,34.46,95,2,-60.028852,19.962043,3.906,213,78.86,HIGH_FREQUENCY,HIGH_LOAD,HIGH,HIGH,1,1,0.285,ANOMALY,true,-0.231705,0.732
2026-09-08T19:15:18.419Z,POLAR-001,2026-09-08T19:15:18.419Z,NORMAL,-4.08,-4.49,31.01,743.75,-0.91,-0.59,-0.65,105,-135,66,32,8.14,34.46,95,2,-60.029028,19.961814,3.929,213,78.77,HIGH_FREQUENCY,HIGH_LOAD,HIGH,HIGH,1,1,0.285,ANOMALY,true,-0.231705,0.732
2026-09-08T19:15:23.423Z,POLAR-001,2026-09-08T19:15:23.423Z,NORMAL,-4.08,-4.49,31.01,743.75,-0.91,-0.59,-0.65,105,-135,66,32,8.14,34.46,95,2,-60.029204,19.961586,3.953,213,78.68,HIGH_FREQUENCY,HIGH_LOAD,HIGH,HIGH,1,1,0.285,ANOMALY,true,-0.231705,0.732
2026-09-08T19:15:28.429Z,POLAR-001,2026-09-08T19:15:28.429Z,NORMAL,-4.08,-4.49,31.01,743.75,-0.91,-0.59,-0.65,105,-135,66,32,8.14,34.46,95,2,-60.02938,19.961357,3.976,213,78.59,HIGH_FREQUENCY,HIGH_LOAD,HIGH,HIGH,1,1,0.285,ANOMALY,true,-0.231705,0.732
2026-09-08T19:15:33.436Z,POLAR-001,2026-09-08T19:15:33.436Z,NORMAL,-4.08,-4.49,31.01,743.75,-0.91,-0.59,-0.65,105,-135,66,32,8.14,34.46,95,2,-60.029555,19.961129,3.999,213,78.5,HIGH_FREQUENCY,HIGH_LOAD,HIGH,HIGH,1,1,0.285,ANOMALY,true,-0.231705,0.732
2026-09-08T19:15:38.442Z,POLAR-001,2026-09-08T19:15:38.442Z,NORMAL,-4.08,-4.49,31.01,743.75,-0.91,-0.59,-0.65,105,-135,66,32,8.14,34.46,95,2,-60.029731,19.9609,4.023,213,78.41,HIGH_FREQUENCY,HIGH_LOAD,HIGH,HIGH,1,1,0.285,ANOMALY,true,-0.231705,0.732
2026-09-08T19:15:43.443Z,POLAR-001,2026-09-08T19:15:43.443Z,NORMAL,-4.08,-4.49,31.01,743.75,-0.91,-0.59,-0.65,105,-135,66,32,8.14,34.46,95,2,-60.029907,19.960672,4.046,213,78.32,HIGH_FREQUENCY,HIGH_LOAD,HIGH,HIGH,1,1,0.285,ANOMALY,true,-0.231705,0.732
2026-09-08T19:15:48.452Z,POLAR-001,2026-09-08T19:15:48.452Z,NORMAL,-4.08,-4.49,31.01,743.75,-0.91,-0.59,-0.65,105,-135,66,32,8.14,34.46,95,2,-60.030082,19.960444,4.069,213,78.23,HIGH_FREQUENCY,HIGH_LOAD,HIGH,HIGH,1,1,0.285,ANOMALY,true,-0.231705,0.732
2026-09-08T19:15:53.458Z,POLAR-001,2026-09-08T19:15:53.458Z,NORMAL,-4.08,-4.49,31.01,743.75,-0.91,-0.59,-0.65,105,-135,66,32,8.14,34.46,95,2,-60.030258,19.960215,4.092,213,78.14,HIGH_FREQUENCY,HIGH_LOAD,HIGH,HIGH,1,1,0.285,ANOMALY,true,-0.231705,0.732
2026-09-08T19:15:58.458Z,POLAR-001,2026-09-08T19:15:58.458Z,NORMAL,-4.08,-4.49,31.01,743.75,-0.91,-0.59,-0.65,105,-135,66,32,8.14,34.46,95,2,-60.030434,19.959987,4.116,213,78.05,HIGH_FREQUENCY,HIGH_LOAD,HIGH,HIGH,1,1,0.285,ANOMALY,true,-0.231705,0.732
2026-09-08T19:16:03.460Z,POLAR-001,2026-09-08T19:16:03.460Z,NORMAL,-4.08,-4.49,31.01,743.75,-0.91,-0.59,-0.65,105,-135,66,32,8.14,34.46,95,2,-60.03061,19.959758,4.139,213,77.96,HIGH_FREQUENCY,HIGH_LOAD,HIGH,HIGH,1,1,0.285,ANOMALY,true,-0.231705,0.732
2026-09-08T19:16:08.464Z,POLAR-001,2026-09-08T19:16:08.464Z,NORMAL,-4.08,-4.49,31.01,743.75,-0.91,-0.59,-0.65,105,-135,66,32,8.14,34.46,95,2,-60.030785,19.95953,4.162,213,77.87,HIGH_FREQUENCY,HIGH_LOAD,HIGH,HIGH,1,1,0.285,ANOMALY,true,-0.231705,0.732
2026-09-08T19:16:13.466Z,POLAR-001,2026-09-08T19:16:13.466Z,NORMAL,-4.08,-4.49,31.01,743.75,-0.91,-0.59,-0.65,105,-135,66,32,8.14,34.46,95,2,-60.030961,19.959301,4.185,213,77.78,HIGH_FREQUENCY,HIGH_LOAD,HIGH,HIGH,1,1,0.285,ANOMALY,true,-0.231705,0.732
2026-09-08T19:16:18.475Z,POLAR-001,2026-09-08T19:16:18.475Z,NORMAL,-4.08,-4.49,31.01,743.75,-0.91,-0.59,-0.65,105,-135,66,32,8.14,34.46,95,2,-60.031137,19.959073,4.209,213,77.69,HIGH_FREQUENCY,HIGH_LOAD,HIGH,HIGH,1,1,0.285,ANOMALY,true,-0.231705,0.732
2026-09-08T19:16:23.478Z,POLAR-001,2026-09-08T19:16:23.478Z,NORMAL,-4.08,-4.49,31.01,743.75,-0.91,-0.59,-0.65,105,-135,66,32,8.14,34.46,95,2,-60.031312,19.958845,4.232,213,77.6,HIGH_FREQUENCY,HIGH_LOAD,HIGH,HIGH,1,1,0.285,ANOMALY,true,-0.231705,0.732
2026-09-08T19:16:28.490Z,POLAR-001,2026-09-08T19:16:28.490Z,NORMAL,-4.08,-4.49,31.01,743.75,-0.91,-0.59,-0.65,105,-135,66,32,8.14,34.46,95,2,-60.031488,19.958616,4.255,213,77.51,HIGH_FREQUENCY,HIGH_LOAD,HIGH,HIGH,1,1,0.285,ANOMALY,true,-0.231705,0.732
2026-09-08T19:16:33.500Z,POLAR-001,2026-09-08T19:16:33.500Z,NORMAL,-4.08,-4.49,31.01,743.75,-0.91,-0.59,-0.65,105,-135,66,32,8.14,34.46,95,2,-60.031664,19.958388,4.278,213,77.42,HIGH_FREQUENCY,HIGH_LOAD,HIGH,HIGH,1,1,0.285,ANOMALY,true,-0.231705,0.732
2026-09-08T19:16:38.515Z,POLAR-001,2026-09-08T19:16:38.515Z,NORMAL,-4.08,-4.49,31.01,743.75,-0.91,-0.59,-0.65,105,-135,66,32,8.14,34.46,95,2,-60.03184,19.958159,4.302,213,77.33,HIGH_FREQUENCY,HIGH_LOAD,HIGH,HIGH,1,1,0.285,ANOMALY,true,-0.231705,0.732
2026-09-08T19:16:43.515Z,POLAR-001,2026-09-08T19:16:43.515Z,NORMAL,-4.08,-4.49,31.01,743.75,-0.91,-0.59,-0.65,105,-135,66,32,8.14,34.46,95,2,-60.032015,19.957931,4.325,213,77.24,HIGH_FREQUENCY,HIGH_LOAD,HIGH,HIGH,1,1,0.285,ANOMALY,true,-0.231705,0.732
2026-09-08T19:16:48.516Z,POLAR-001,2026-09-08T19:16:48.516Z,NORMAL,-4.08,-4.49,31.01,743.75,-0.91,-0.59,-0.65,105,-135,66,32,8.14,34.46,95,2,-60.032191,19.957702,4.348,213,77.15,HIGH_FREQUENCY,HIGH_LOAD,HIGH,HIGH,1,1,0.285,ANOMALY,true,-0.231705,0.732
2026-09-08T19:16:53.520Z,POLAR-001,2026-09-08T19:16:53.520Z,NORMAL,-4.08,-4.49,31.01,743.75,-0.91,-0.59,-0.65,105,-135,66,32,8.14,34.46,95,2,-60.032367,19.957474,4.371,213,77.06,HIGH_FREQUENCY,HIGH_LOAD,HIGH,HIGH,1,1,0.285,ANOMALY,true,-0.231705,0.732
2026-09-08T19:16:58.529Z,POLAR-001,2026-09-08T19:16:58.529Z,NORMAL,-4.08,-4.49,31.01,743.75,-0.91,-0.59,-0.65,105,-135,66,32,8.14,34.46,95,2,-60.032542,19.957245,4.395,213,76.97,HIGH_FREQUENCY,HIGH_LOAD,HIGH,HIGH,1,1,0.285,ANOMALY,true,-0.231705,0.732
2026-09-08T19:17:03.543Z,POLAR-001,2026-09-08T19:17:03.543Z,NORMAL,-4.08,-4.49,31.01,743.75,-0.91,-0.59,-0.65,105,-135,66,32,8.14,34.46,95,2,-60.032718,19.957017,4.418,213,76.88,HIGH_FREQUENCY,HIGH_LOAD,HIGH,HIGH,1,1,0.285,ANOMALY,true,-0.231705,0.732
2026-09-08T19:17:08.555Z,POLAR-001,2026-09-08T19:17:08.555Z,NORMAL,-4.08,-4.49,31.01,743.75,-0.91,-0.59,-0.65,105,-135,66,32,8.14,34.46,95,2,-60.032894,19.956789,4.441,213,76.79,HIGH_FREQUENCY,HIGH_LOAD,HIGH,HIGH,1,1,0.285,ANOMALY,true,-0.231705,0.732
2026-09-08T19:17:13.565Z,POLAR-001,2026-09-08T19:17:13.565Z,NORMAL,-4.08,-4.49,31.01,743.75,-0.91,-0.59,-0.65,105,-135,66,32,8.14,34.46,95,2,-60.03307,19.95656,4.464,213,76.7,HIGH_FREQUENCY,HIGH_LOAD,HIGH,HIGH,1,1,0.285,ANOMALY,true,-0.231705,0.732
2026-09-08T19:17:18.578Z,POLAR-001,2026-09-08T19:17:18.578Z,NORMAL,-4.08,-4.49,31.01,743.75,-0.91,-0.59,-0.65,105,-135,66,32,8.14,34.46,95,2,-60.033245,19.956332,4.488,213,76.61,HIGH_FREQUENCY,HIGH_LOAD,HIGH,HIGH,1,1,0.285,ANOMALY,true,-0.231705,0.732
2026-09-08T19:17:23.582Z,POLAR-001,2026-09-08T19:17:23.582Z,NORMAL,-4.08,-4.49,31.01,743.75,-0.91,-0.59,-0.65,105,-135,66,32,8.14,34.46,95,2,-60.033421,19.956103,4.511,213,76.52,HIGH_FREQUENCY,HIGH_LOAD,HIGH,HIGH,1,1,0.285,ANOMALY,true,-0.231705,0.732
2026-09-08T19:17:28.585Z,POLAR-001,2026-09-08T19:17:28.585Z,NORMAL,-4.08,-4.49,31.01,743.75,-0.91,-0.59,-0.65,105,-135,66,32,8.14,34.46,95,2,-60.033597,19.955875,4.534,213,76.43,HIGH_FREQUENCY,HIGH_LOAD,HIGH,HIGH,1,1,0.285,ANOMALY,true,-0.231705,0.732
2026-09-08T19:17:33.595Z,POLAR-001,2026-09-08T19:17:33.595Z,NORMAL,-4.08,-4.49,31.01,743.75,-0.91,-0.59,-0.65,105,-135,66,32,8.14,34.46,95,2,-60.033772,19.955646,4.557,213,76.34,HIGH_FREQUENCY,HIGH_LOAD,HIGH,HIGH,1,1,0.285,ANOMALY,true,-0.231705,0.732
2026-09-08T19:17:38.596Z,POLAR-001,2026-09-08T19:17:38.596Z,NORMAL,-4.08,-4.49,31.01,743.75,-0.91,-0.59,-0.65,105,-135,66,32,8.14,34.46,95,2,-60.033948,19.955418,4.581,213,76.25,HIGH_FREQUENCY,HIGH_LOAD,HIGH,HIGH,1,1,0.285,ANOMALY,true,-0.231705,0.732
2026-09-08T19:17:43.598Z,POLAR-001,2026-09-08T19:17:43.598Z,NORMAL,-4.08,-4.49,31.01,743.75,-0.91,-0.59,-0.65,105,-135,66,32,8.14,34.46,95,2,-60.034124,19.955189,4.604,213,76.16,HIGH_FREQUENCY,HIGH_LOAD,HIGH,HIGH,1,1,0.285,ANOMALY,true,-0.231705,0.732
2026-09-08T19:17:48.611Z,POLAR-001,2026-09-08T19:17:48.611Z,NORMAL,-4.08,-4.49,31.01,743.75,-0.91,-0.59,-0.65,105,-135,66,32,8.14,34.46,95,2,-60.034299,19.954961,4.627,213,76.07,HIGH_FREQUENCY,HIGH_LOAD,HIGH,HIGH,1,1,0.285,ANOMALY,true,-0.231705,0.732
2026-09-08T19:17:53.626Z,POLAR-001,2026-09-08T19:17:53.626Z,NORMAL,-4.08,-4.49,31.01,743.75,-0.91,-0.59,-0.65,105,-135,66,32,8.14,34.46,95,2,-60.034475,19.954733,4.65,213,75.98,HIGH_FREQUENCY,HIGH_LOAD,HIGH,HIGH,1,1,0.285,ANOMALY,true,-0.231705,0.732
2026-09-08T19:17:58.638Z,POLAR-001,2026-09-08T19:17:58.638Z,NORMAL,-4.08,-4.49,31.01,743.75,-0.91,-0.59,-0.65,105,-135,66,32,8.14,34.46,95,2,-60.034651,19.954504,4.674,213,75.89,HIGH_FREQUENCY,HIGH_LOAD,HIGH,HIGH,1,1,0.285,ANOMALY,true,-0.231705,0.732
2026-09-08T19:18:03.641Z,POLAR-001,2026-09-08T19:18:03.641Z,NORMAL,-4.08,-4.49,31.01,743.75,-0.91,-0.59,-0.65,105,-135,66,32,8.14,34.46,95,2,-60.034827,19.954276,4.697,213,75.8,HIGH_FREQUENCY,HIGH_LOAD,HIGH,HIGH,1,1,0.285,ANOMALY,true,-0.231705,0.732
2026-09-08T19:18:08.642Z,POLAR-001,2026-09-08T19:18:08.643Z,NORMAL,-4.08,-4.49,31.01,743.75,-0.91,-0.59,-0.65,105,-135,66,32,8.14,34.46,95,2,-60.035002,19.954047,4.72,213,75.71,HIGH_FREQUENCY,HIGH_LOAD,HIGH,HIGH,1,1,0.285,ANOMALY,true,-0.231705,0.732
2026-09-08T19:18:13.655Z,POLAR-001,2026-09-08T19:18:13.655Z,NORMAL,-4.08,-4.49,31.01,743.75,-0.91,-0.59,-0.65,105,-135,66,32,8.14,34.46,95,2,-60.035178,19.953819,4.743,213,75.62,HIGH_FREQUENCY,HIGH_LOAD,HIGH,HIGH,1,1,0.285,ANOMALY,true,-0.231705,0.732
2026-09-08T19:18:18.668Z,POLAR-001,2026-09-08T19:18:18.668Z,NORMAL,-4.08,-4.49,31.01,743.75,-0.91,-0.59,-0.65,105,-135,66,32,8.14,34.46,95,2,-60.035354,19.95359,4.767,213,75.53,HIGH_FREQUENCY,HIGH_LOAD,HIGH,HIGH,1,1,0.285,ANOMALY,true,-0.231705,0.732
2026-09-08T19:18:23.672Z,POLAR-001,2026-09-08T19:18:23.672Z,NORMAL,-4.08,-4.49,31.01,743.75,-0.91,-0.59,-0.65,105,-135,66,32,8.14,34.46,95,2,-60.035529,19.953362,4.79,213,75.44,HIGH_FREQUENCY,HIGH_LOAD,HIGH,HIGH,1,1,0.285,ANOMALY,true,-0.231705,0.732
2026-09-08T19:18:28.683Z,POLAR-001,2026-09-08T19:18:28.683Z,NORMAL,-4.08,-4.49,31.01,743.75,-0.91,-0.59,-0.65,105,-135,66,32,8.14,34.46,95,2,-60.035705,19.953133,4.813,213,75.35,HIGH_FREQUENCY,HIGH_LOAD,HIGH,HIGH,1,1,0.285,ANOMALY,true,-0.231705,0.732
2026-09-08T19:18:33.697Z,POLAR-001,2026-09-08T19:18:33.697Z,NORMAL,-4.08,-4.49,31.01,743.75,-0.91,-0.59,-0.65,105,-135,66,32,8.14,34.46,95,2,-60.035881,19.952905,4.836,213,75.26,HIGH_FREQUENCY,HIGH_LOAD,HIGH,HIGH,1,1,0.285,ANOMALY,true,-0.231705,0.732
2026-09-08T19:18:38.710Z,POLAR-001,2026-09-08T19:18:38.710Z,NORMAL,-4.08,-4.49,31.01,743.75,-0.91,-0.59,-0.65,105,-135,66,32,8.14,34.46,95,2,-60.036057,19.952676,4.86,213,75.17,HIGH_FREQUENCY,HIGH_LOAD,HIGH,HIGH,1,1,0.285,ANOMALY,true,-0.231705,0.732
2026-09-08T19:18:43.711Z,POLAR-001,2026-09-08T19:18:43.711Z,NORMAL,-4.08,-4.49,31.01,743.75,-0.91,-0.59,-0.65,105,-135,66,32,8.14,34.46,95,2,-60.036232,19.952448,4.883,213,75.08,HIGH_FREQUENCY,HIGH_LOAD,HIGH,HIGH,1,1,0.285,ANOMALY,true,-0.231705,0.732
2026-09-08T19:18:48.721Z,POLAR-001,2026-09-08T19:18:48.721Z,NORMAL,-4.08,-4.49,31.01,743.75,-0.91,-0.59,-0.65,105,-135,66,32,8.14,34.46,95,2,-60.036408,19.952219,4.906,213,74.99,HIGH_FREQUENCY,HIGH_LOAD,HIGH,HIGH,1,1,0.285,ANOMALY,true,-0.231705,0.732
2026-09-08T19:18:53.737Z,POLAR-001,2026-09-08T19:18:53.737Z,NORMAL,-4.08,-4.49,31.01,743.75,-0.91,-0.59,-0.65,105,-135,66,32,8.14,34.46,95,2,-60.036584,19.951991,4.929,213,74.9,HIGH_FREQUENCY,HIGH_LOAD,HIGH,HIGH,1,1,0.285,ANOMALY,true,-0.231705,0.732
2026-09-08T19:18:58.747Z,POLAR-001,2026-09-08T19:18:58.747Z,NORMAL,-4.08,-4.49,31.01,743.75,-0.91,-0.59,-0.65,105,-135,66,32,8.14,34.46,95,2,-60.036759,19.951763,4.953,213,74.81,HIGH_FREQUENCY,HIGH_LOAD,HIGH,HIGH,1,1,0.285,ANOMALY,true,-0.231705,0.732
2026-09-08T19:19:03.759Z,POLAR-001,2026-09-08T19:19:03.759Z,NORMAL,-4.08,-4.49,31.01,743.75,-0.91,-0.59,-0.65,105,-135,66,32,8.14,34.46,95,2,-60.036935,19.951534,4.976,213,74.72,HIGH_FREQUENCY,HIGH_LOAD,HIGH,HIGH,1,1,0.285,ANOMALY,true,-0.231705,0.732
2026-09-08T19:19:08.769Z,POLAR-001,2026-09-08T19:19:08.769Z,NORMAL,-4.08,-4.49,31.01,743.75,-0.91,-0.59,-0.65,105,-135,66,32,8.14,34.46,95,2,-60.037111,19.951306,4.999,213,74.63,HIGH_FREQUENCY,HIGH_LOAD,HIGH,HIGH,1,1,0.285,ANOMALY,true,-0.231705,0.732
2026-09-08T19:19:13.771Z,POLAR-001,2026-09-08T19:19:13.771Z,NORMAL,-4.08,-4.49,31.01,743.75,-0.91,-0.59,-0.65,105,-135,66,32,8.14,34.46,95,2,-60.037287,19.951077,5.023,213,74.54,HIGH_FREQUENCY,HIGH_LOAD,HIGH,HIGH,1,1,0.285,ANOMALY,true,-0.231705,0.732
2026-09-08T19:19:18.776Z,POLAR-001,2026-09-08T19:19:18.776Z,NORMAL,-4.08,-4.49,31.01,743.75,-0.91,-0.59,-0.65,105,-135,66,32,8.14,34.46,95,2,-60.037462,19.950849,5.046,213,74.45,HIGH_FREQUENCY,HIGH_LOAD,HIGH,HIGH,1,1,0.285,ANOMALY,true,-0.231705,0.732
2026-09-08T19:19:23.785Z,POLAR-001,2026-09-08T19:19:23.785Z,NORMAL,-4.08,-4.49,31.01,743.75,-0.91,-0.59,-0.65,105,-135,66,32,8.14,34.46,95,2,-60.037638,19.95062,5.069,213,74.36,HIGH_FREQUENCY,HIGH_LOAD,HIGH,HIGH,1,1,0.285,ANOMALY,true,-0.231705,0.732
2026-09-08T19:19:28.798Z,POLAR-001,2026-09-08T19:19:28.798Z,NORMAL,-4.08,-4.49,31.01,743.75,-0.91,-0.59,-0.65,105,-135,66,32,8.14,34.46,95,2,-60.037814,19.950392,5.092,213,74.27,HIGH_FREQUENCY,HIGH_LOAD,HIGH,HIGH,1,1,0.285,ANOMALY,true,-0.231705,0.732
2026-09-08T19:19:33.804Z,POLAR-001,2026-09-08T19:19:33.804Z,NORMAL,-4.08,-4.49,31.01,743.75,-0.91,-0.59,-0.65,105,-135,66,32,8.14,34.46,95,2,-60.037989,19.950163,5.116,213,74.18,HIGH_FREQUENCY,HIGH_LOAD,HIGH,HIGH,1,1,0.285,ANOMALY,true,-0.231705,0.732
2026-09-08T19:19:38.819Z,POLAR-001,2026-09-08T19:19:38.819Z,NORMAL,-4.08,-4.49,31.01,743.75,-0.91,-0.59,-0.65,105,-135,66,32,8.14,34.46,95,2,-60.038165,19.949935,5.139,213,74.09,HIGH_FREQUENCY,HIGH_LOAD,HIGH,HIGH,1,1,0.285,ANOMALY,true,-0.231705,0.732
2026-09-08T19:19:43.820Z,POLAR-001,2026-09-08T19:19:43.820Z,NORMAL,-4.08,-4.49,31.01,743.75,-0.91,-0.59,-0.65,105,-135,66,32,8.14,34.46,95,2,-60.038341,19.949706,5.162,213,74,HIGH_FREQUENCY,HIGH_LOAD,HIGH,HIGH,1,1,0.285,ANOMALY,true,-0.231705,0.732
2026-09-08T19:19:48.821Z,POLAR-001,2026-09-08T19:19:48.821Z,NORMAL,-4.08,-4.49,31.01,743.75,-0.91,-0.59,-0.65,105,-135,66,32,8.14,34.46,95,2,-60.038517,19.949478,5.185,213,73.91,HIGH_FREQUENCY,HIGH_LOAD,HIGH,HIGH,1,1,0.285,ANOMALY,true,-0.231705,0.732
2026-09-08T19:19:53.826Z,POLAR-001,2026-09-08T19:19:53.826Z,NORMAL,-4.08,-4.49,31.01,743.75,-0.91,-0.59,-0.65,105,-135,66,32,8.14,34.46,95,2,-60.038692,19.949249,5.209,213,73.82,HIGH_FREQUENCY,HIGH_LOAD,HIGH,HIGH,1,1,0.285,ANOMALY,true,-0.231705,0.732
2026-09-08T19:19:58.839Z,POLAR-001,2026-09-08T19:19:58.839Z,NORMAL,-4.08,-4.49,31.01,743.75,-0.91,-0.59,-0.65,105,-135,66,32,8.14,34.46,95,2,-60.038868,19.949021,5.232,213,73.73,HIGH_FREQUENCY,HIGH_LOAD,HIGH,HIGH,1,1,0.285,ANOMALY,true,-0.231705,0.732
2026-09-08T19:20:03.852Z,POLAR-001,2026-09-08T19:20:03.852Z,NORMAL,-4.08,-4.49,31.01,743.75,-0.91,-0.59,-0.65,105,-135,66,32,8.14,34.46,95,2,-60.039044,19.948792,5.255,213,73.64,HIGH_FREQUENCY,HIGH_LOAD,HIGH,HIGH,1,1,0.285,ANOMALY,true,-0.231705,0.732
2026-09-08T19:20:08.852Z,POLAR-001,2026-09-08T19:20:08.852Z,NORMAL,-4.08,-4.49,31.01,743.75,-0.91,-0.59,-0.65,105,-135,66,32,8.14,34.46,95,2,-60.039219,19.948564,5.278,213,73.55,HIGH_FREQUENCY,HIGH_LOAD,HIGH,HIGH,1,1,0.285,ANOMALY,true,-0.231705,0.732
2026-09-08T19:20:13.853Z,POLAR-001,2026-09-08T19:20:13.853Z,NORMAL,-4.08,-4.49,31.01,743.75,-0.91,-0.59,-0.65,105,-135,66,32,8.14,34.46,95,2,-60.039395,19.948335,5.302,213,73.46,HIGH_FREQUENCY,HIGH_LOAD,HIGH,HIGH,1,1,0.285,ANOMALY,true,-0.231705,0.732
2026-09-08T19:20:18.868Z,POLAR-001,2026-09-08T19:20:18.868Z,NORMAL,-4.08,-4.49,31.01,743.75,-0.91,-0.59,-0.65,105,-135,66,32,8.14,34.46,95,2,-60.039571,19.948107,5.325,213,73.37,HIGH_FREQUENCY,HIGH_LOAD,HIGH,HIGH,1,1,0.285,ANOMALY,true,-0.231705,0.732
2026-09-08T19:20:23.872Z,POLAR-001,2026-09-08T19:20:23.872Z,NORMAL,-4.08,-4.49,31.01,743.75,-0.91,-0.59,-0.65,105,-135,66,32,8.14,34.46,95,2,-60.039747,19.947878,5.348,213,73.28,HIGH_FREQUENCY,HIGH_LOAD,HIGH,HIGH,1,1,0.285,ANOMALY,true,-0.231705,0.732
2026-09-08T19:20:28.885Z,POLAR-001,2026-09-08T19:20:28.885Z,NORMAL,-4.08,-4.49,31.01,743.75,-0.91,-0.59,-0.65,105,-135,66,32,8.14,34.46,95,2,-60.039922,19.94765,5.371,213,73.19,HIGH_FREQUENCY,HIGH_LOAD,HIGH,HIGH,1,1,0.285,ANOMALY,true,-0.231705,0.732
2026-09-08T19:20:33.891Z,POLAR-001,2026-09-08T19:20:33.891Z,NORMAL,-4.08,-4.49,31.01,743.75,-0.91,-0.59,-0.65,105,-135,66,32,8.14,34.46,95,2,-60.040098,19.947421,5.395,213,73.1,HIGH_FREQUENCY,HIGH_LOAD,HIGH,HIGH,1,1,0.285,ANOMALY,true,-0.231705,0.732
2026-09-08T19:20:38.898Z,POLAR-001,2026-09-08T19:20:38.898Z,NORMAL,-4.08,-4.49,31.01,743.75,-0.91,-0.59,-0.65,105,-135,66,32,8.14,34.46,95,2,-60.040274,19.947193,5.418,213,73.01,HIGH_FREQUENCY,HIGH_LOAD,HIGH,HIGH,1,1,0.285,ANOMALY,true,-0.231705,0.732
2026-09-08T19:20:43.904Z,POLAR-001,2026-09-08T19:20:43.904Z,NORMAL,-4.08,-4.49,31.01,743.75,-0.91,-0.59,-0.65,105,-135,66,32,8.14,34.46,95,2,-60.040449,19.946964,5.441,213,72.92,HIGH_FREQUENCY,HIGH_LOAD,HIGH,HIGH,1,1,0.285,ANOMALY,true,-0.231705,0.732
2026-09-08T19:20:48.918Z,POLAR-001,2026-09-08T19:20:48.918Z,NORMAL,-4.08,-4.49,31.01,743.75,-0.91,-0.59,-0.65,105,-135,66,32,8.14,34.46,95,2,-60.040625,19.946736,5.464,213,72.83,HIGH_FREQUENCY,HIGH_LOAD,HIGH,HIGH,1,1,0.285,ANOMALY,true,-0.231705,0.732
2026-09-08T19:20:53.925Z,POLAR-001,2026-09-08T19:20:53.925Z,NORMAL,-4.08,-4.49,31.01,743.75,-0.91,-0.59,-0.65,105,-135,66,32,8.14,34.46,95,2,-60.040801,19.946507,5.488,213,72.74,HIGH_FREQUENCY,HIGH_LOAD,HIGH,HIGH,1,1,0.285,ANOMALY,true,-0.231705,0.732
2026-09-08T19:20:58.925Z,POLAR-001,2026-09-08T19:20:58.925Z,NORMAL,-4.08,-4.49,31.01,743.75,-0.91,-0.59,-0.65,105,-135,66,32,8.14,34.46,95,2,-60.040977,19.946279,5.511,213,72.65,HIGH_FREQUENCY,HIGH_LOAD,HIGH,HIGH,1,1,0.285,ANOMALY,true,-0.231705,0.732
2026-09-08T19:21:03.941Z,POLAR-001,2026-09-08T19:21:03.941Z,NORMAL,-4.08,-4.49,31.01,743.75,-0.91,-0.59,-0.65,105,-135,66,32,8.14,34.46,95,2,-60.041152,19.94605,5.534,213,72.56,HIGH_FREQUENCY,HIGH_LOAD,HIGH,HIGH,1,1,0.285,ANOMALY,true,-0.231705,0.732
2026-09-08T19:21:08.946Z,POLAR-001,2026-09-08T19:21:08.946Z,NORMAL,-4.08,-4.49,31.01,743.75,-0.91,-0.59,-0.65,105,-135,66,32,8.14,34.46,95,2,-60.041328,19.945822,5.557,213,72.47,HIGH_FREQUENCY,HIGH_LOAD,HIGH,HIGH,1,1,0.285,ANOMALY,true,-0.231705,0.732
2026-09-08T19:21:13.950Z,POLAR-001,2026-09-08T19:21:13.950Z,NORMAL,-4.08,-4.49,31.01,743.75,-0.91,-0.59,-0.65,105,-135,66,32,8.14,34.46,95,2,-60.041504,19.945593,5.581,213,72.38,HIGH_FREQUENCY,HIGH_LOAD,HIGH,HIGH,1,1,0.285,ANOMALY,true,-0.231705,0.732
2026-09-08T19:21:18.959Z,POLAR-001,2026-09-08T19:21:18.959Z,NORMAL,-4.08,-4.49,31.01,743.75,-0.91,-0.59,-0.65,105,-135,66,32,8.14,34.46,95,2,-60.041679,19.945365,5.604,213,72.29,HIGH_FREQUENCY,HIGH_LOAD,HIGH,HIGH,1,1,0.285,ANOMALY,true,-0.231705,0.732
2026-09-08T19:21:23.968Z,POLAR-001,2026-09-08T19:21:23.968Z,NORMAL,-4.08,-4.49,31.01,743.75,-0.91,-0.59,-0.65,105,-135,66,32,8.14,34.46,95,2,-60.041855,19.945136,5.627,213,72.2,HIGH_FREQUENCY,HIGH_LOAD,HIGH,HIGH,1,1,0.285,ANOMALY,true,-0.231705,0.732
2026-09-08T19:21:28.973Z,POLAR-001,2026-09-08T19:21:28.973Z,NORMAL,-4.08,-4.49,31.01,743.75,-0.91,-0.59,-0.65,105,-135,66,32,8.14,34.46,95,2,-60.042031,19.944908,5.65,213,72.11,HIGH_FREQUENCY,HIGH_LOAD,HIGH,HIGH,1,1,0.285,ANOMALY,true,-0.231705,0.732
2026-09-08T19:21:33.979Z,POLAR-001,2026-09-08T19:21:33.979Z,NORMAL,-4.08,-4.49,31.01,743.75,-0.91,-0.59,-0.65,105,-135,66,32,8.14,34.46,95,2,-60.042207,19.944679,5.674,213,72.02,HIGH_FREQUENCY,HIGH_LOAD,HIGH,HIGH,1,1,0.285,ANOMALY,true,-0.231705,0.732
2026-09-08T19:21:38.989Z,POLAR-001,2026-09-08T19:21:38.989Z,NORMAL,-4.08,-4.49,31.01,743.75,-0.91,-0.59,-0.65,105,-135,66,32,8.14,34.46,95,2,-60.042382,19.944451,5.697,213,71.93,HIGH_FREQUENCY,HIGH_LOAD,HIGH,HIGH,1,1,0.285,ANOMALY,true,-0.231705,0.732
2026-09-08T19:21:43.997Z,POLAR-001,2026-09-08T19:21:43.997Z,NORMAL,-4.08,-4.49,31.01,743.75,-0.91,-0.59,-0.65,105,-135,66,32,8.14,34.46,95,2,-60.042558,19.944222,5.72,213,71.84,HIGH_FREQUENCY,HIGH_LOAD,HIGH,HIGH,1,1,0.285,ANOMALY,true,-0.231705,0.732
2026-09-08T19:59:39.432Z,POLAR-001,2026-09-08T19:59:39.432Z,NORMAL,-4.08,-4.49,31.01,743.75,-0.91,-0.59,-0.65,105,-135,66,32,8.14,34.46,95,2,-60.042734,19.943994,5.743,213,71.75,HIGH_FREQUENCY,HIGH_LOAD,HIGH,HIGH,1,1,0.285,ANOMALY,true,-0.231705,0.732
2026-09-08T19:59:44.468Z,POLAR-001,2026-09-08T19:59:44.468Z,NORMAL,-4.08,-4.49,31.01,743.75,-0.91,-0.59,-0.65,105,-135,66,32,8.14,34.46,95,2,-60.042909,19.943765,5.767,213,71.66,HIGH_FREQUENCY,HIGH_LOAD,HIGH,HIGH,1,1,0.285,ANOMALY,true,-0.231705,0.732
2026-09-08T20:10:56.664Z,POLAR-001,2026-09-08T20:10:56.664Z,NORMAL,-4.08,-4.49,31.01,743.75,-0.91,-0.59,-0.65,105,-135,66,32,8.14,34.46,95,2,-60.043085,19.943537,5.79,213,71.57,HIGH_FREQUENCY,HIGH_LOAD,HIGH,HIGH,1,1,0.285,ANOMALY,true,-0.231705,0.732
2026-09-08T20:11:01.682Z,POLAR-001,2026-09-08T20:11:01.682Z,NORMAL,-4.08,-4.49,31.01,743.75,-0.91,-0.59,-0.65,105,-135,66,32,8.14,34.46,95,2,-60.043261,19.943308,5.813,213,71.48,HIGH_FREQUENCY,HIGH_LOAD,HIGH,HIGH,1,1,0.285,ANOMALY,true,-0.231705,0.732
2026-09-09T00:37:05.007Z,POLAR-001,2026-09-09T00:37:05.007Z,NORMAL,-4.08,-4.49,31.01,743.75,-0.91,-0.59,-0.65,105,-135,66,32,8.14,34.46,95,2,-60.043437,19.94308,5.836,213,71.39,HIGH_FREQUENCY,HIGH_LOAD,HIGH,HIGH,1,1,0.285,ANOMALY,true,-0.231705,0.732
2026-09-09T00:37:10.021Z,POLAR-001,2026-09-09T00:37:10.021Z,NORMAL,-4.08,-4.49,31.01,743.75,-0.91,-0.59,-0.65,105,-135,66,32,8.14,34.46,95,2,-60.043612,19.942851,5.86,213,71.3,HIGH_FREQUENCY,HIGH_LOAD,HIGH,HIGH,1,1,0.285,ANOMALY,true,-0.231705,0.732
2026-09-09T01:39:30.660Z,POLAR-001,2026-09-09T01:39:30.660Z,NORMAL,-4.08,-4.49,31.01,743.75,-0.91,-0.59,-0.65,105,-135,66,32,8.14,34.46,95,2,-60.043788,19.942623,5.883,213,71.21,HIGH_FREQUENCY,HIGH_LOAD,HIGH,HIGH,1,1,0.285,ANOMALY,true,-0.231705,0.732
2026-09-09T01:39:35.672Z,POLAR-001,2026-09-09T01:39:35.672Z,NORMAL,-4.08,-4.49,31.01,743.75,-0.91,-0.59,-0.65,105,-135,66,32,8.14,34.46,95,2,-60.043964,19.942394,5.906,213,71.12,HIGH_FREQUENCY,HIGH_LOAD,HIGH,HIGH,1,1,0.285,ANOMALY,true,-0.231705,0.732
2026-09-09T01:44:39.684Z,POLAR-001,2026-09-09T01:44:39.684Z,NORMAL,-4.08,-4.49,31.01,743.75,-0.91,-0.59,-0.65,105,-135,66,32,8.14,34.46,95,2,-60.044139,19.942166,5.93,213,71.03,HIGH_FREQUENCY,HIGH_LOAD,HIGH,HIGH,1,1,0.285,ANOMALY,true,-0.231705,0.732
2026-09-09T04:36:55.727Z,POLAR-001,2026-09-09T04:36:55.727Z,NORMAL,-4.08,-4.49,31.01,743.75,-0.91,-0.59,-0.65,105,-135,66,32,8.14,34.46,95,2,-60.044315,19.941937,5.953,213,70.94,HIGH_FREQUENCY,HIGH_LOAD,HIGH,HIGH,1,1,0.285,ANOMALY,true,-0.231705,0.732
2026-09-09T04:37:00.740Z,POLAR-001,2026-09-09T04:37:00.740Z,NORMAL,-4.08,-4.49,31.01,743.75,-0.91,-0.59,-0.65,105,-135,66,32,8.14,34.46,95,2,-60.044491,19.941709,5.976,213,70.85,HIGH_FREQUENCY,HIGH_LOAD,HIGH,HIGH,1,1,0.285,ANOMALY,true,-0.231705,0.732
2026-09-09T04:40:34.040Z,POLAR-001,2026-09-09T04:40:34.040Z,NORMAL,-4.08,-4.49,31.01,743.75,-0.91,-0.59,-0.65,105,-135,66,32,8.14,34.46,95,2,-60.044667,19.94148,5.999,213,70.76,HIGH_FREQUENCY,HIGH_LOAD,HIGH,HIGH,1,1,0.285,ANOMALY,true,-0.231705,0.732
2026-09-09T04:40:39.047Z,POLAR-001,2026-09-09T04:40:39.047Z,NORMAL,-4.08,-4.49,31.01,743.75,-0.91,-0.59,-0.65,105,-135,66,32,8.14,34.46,95,2,-60.044842,19.941252,6.023,213,70.67,HIGH_FREQUENCY,HIGH_LOAD,HIGH,HIGH,1,1,0.285,ANOMALY,true,-0.231705,0.732
2026-09-09T14:49:37.211Z,POLAR-001,2026-09-09T14:49:37.211Z,NORMAL,-4.08,-4.49,31.01,743.75,-0.91,-0.59,-0.65,105,-135,66,32,8.14,34.46,95,2,-60.045018,19.941023,6.046,213,70.58,HIGH_FREQUENCY,HIGH_LOAD,HIGH,HIGH,1,1,0.285,ANOMALY,true,-0.231705,0.732
2026-09-09T14:49:42.223Z,POLAR-001,2026-09-09T14:49:42.223Z,NORMAL,-4.08,-4.49,31.01,743.75,-0.91,-0.59,-0.65,105,-135,66,32,8.14,34.46,95,2,-60.045194,19.940794,6.069,213,70.49,HIGH_FREQUENCY,HIGH_LOAD,HIGH,HIGH,1,1,0.285,ANOMALY,true,-0.231705,0.732
2026-09-09T14:49:47.230Z,POLAR-001,2026-09-09T14:49:47.230Z,NORMAL,-4.08,-4.49,31.01,743.75,-0.91,-0.59,-0.65,105,-135,66,32,8.14,34.46,95,2,-60.045369,19.940566,6.092,213,70.4,HIGH_FREQUENCY,HIGH_LOAD,HIGH,HIGH,1,1,0.285,ANOMALY,true,-0.231705,0.732
2026-09-09T14:49:52.238Z,POLAR-001,2026-09-09T14:49:52.238Z,NORMAL,-4.08,-4.49,31.01,743.75,-0.91,-0.59,-0.65,105,-135,66,32,8.14,34.46,95,2,-60.045545,19.940337,6.116,213,70.31,HIGH_FREQUENCY,HIGH_LOAD,HIGH,HIGH,1,1,0.285,ANOMALY,true,-0.231705,0.732
2026-09-09T14:49:57.242Z,POLAR-001,2026-09-09T14:49:57.242Z,NORMAL,-4.08,-4.49,31.01,743.75,-0.91,-0.59,-0.65,105,-135,66,32,8.14,34.46,95,2,-60.045721,19.940109,6.139,213,70.22,HIGH_FREQUENCY,HIGH_LOAD,HIGH,HIGH,1,1,0.285,ANOMALY,true,-0.231705,0.732
2026-09-09T14:50:02.245Z,POLAR-001,2026-09-09T14:50:02.245Z,NORMAL,-4.08,-4.49,31.01,743.75,-0.91,-0.59,-0.65,105,-135,66,32,8.14,34.46,95,2,-60.045897,19.93988,6.162,213,70.13,HIGH_FREQUENCY,HIGH_LOAD,HIGH,HIGH,1,1,0.285,ANOMALY,true,-0.231705,0.732
2026-09-09T14:50:07.250Z,POLAR-001,2026-09-09T14:50:07.250Z,NORMAL,-4.08,-4.49,31.01,743.75,-0.91,-0.59,-0.65,105,-135,66,32,8.14,34.46,95,2,-60.046072,19.939652,6.185,213,70.04,HIGH_FREQUENCY,HIGH_LOAD,HIGH,HIGH,1,1,0.285,ANOMALY,true,-0.231705,0.732
2026-09-09T14:50:12.266Z,POLAR-001,2026-09-09T14:50:12.266Z,NORMAL,-4.08,-4.49,31.01,743.75,-0.91,-0.59,-0.65,105,-135,66,32,8.14,34.46,95,2,-60.046248,19.939423,6.209,213,69.95,HIGH_FREQUENCY,HIGH_LOAD,HIGH,HIGH,1,1,0.285,ANOMALY,true,-0.231705,0.732
2026-09-09T14:50:17.269Z,POLAR-001,2026-09-09T14:50:17.269Z,NORMAL,-4.08,-4.49,31.01,743.75,-0.91,-0.59,-0.65,105,-135,66,32,8.14,34.46,95,2,-60.046424,19.939195,6.232,213,69.86,HIGH_FREQUENCY,HIGH_LOAD,HIGH,HIGH,1,1,0.285,ANOMALY,true,-0.231705,0.732
2026-09-09T14:50:22.269Z,POLAR-001,2026-09-09T14:50:22.269Z,NORMAL,-4.08,-4.49,31.01,743.75,-0.91,-0.59,-0.65,105,-135,66,32,8.14,34.46,95,2,-60.046599,19.938966,6.255,213,69.77,HIGH_FREQUENCY,HIGH_LOAD,HIGH,HIGH,1,1,0.285,ANOMALY,true,-0.231705,0.732
2026-09-09T14:50:27.277Z,POLAR-001,2026-09-09T14:50:27.277Z,NORMAL,-4.08,-4.49,31.01,743.75,-0.91,-0.59,-0.65,105,-135,66,32,8.14,34.46,95,2,-60.046775,19.938738,6.278,213,69.68,HIGH_FREQUENCY,HIGH_LOAD,HIGH,HIGH,1,1,0.285,ANOMALY,true,-0.231705,0.732
2026-09-09T14:50:32.284Z,POLAR-001,2026-09-09T14:50:32.284Z,NORMAL,-4.08,-4.49,31.01,743.75,-0.91,-0.59,-0.65,105,-135,66,32,8.14,34.46,95,2,-60.046951,19.938509,6.302,213,69.59,HIGH_FREQUENCY,HIGH_LOAD,HIGH,HIGH,1,1,0.285,ANOMALY,true,-0.231705,0.732
2026-09-09T14:50:37.291Z,POLAR-001,2026-09-09T14:50:37.291Z,NORMAL,-4.08,-4.49,31.01,743.75,-0.91,-0.59,-0.65,105,-135,66,32,8.14,34.46,95,2,-60.047127,19.938281,6.325,213,69.5,HIGH_FREQUENCY,HIGH_LOAD,HIGH,HIGH,1,1,0.285,ANOMALY,true,-0.231705,0.732
2026-09-09T14:50:42.298Z,POLAR-001,2026-09-09T14:50:42.299Z,NORMAL,-4.08,-4.49,31.01,743.75,-0.91,-0.59,-0.65,105,-135,66,32,8.14,34.46,95,2,-60.047302,19.938052,6.348,213,69.41,HIGH_FREQUENCY,HIGH_LOAD,HIGH,HIGH,1,1,0.285,ANOMALY,true,-0.231705,0.732
2026-09-09T14:50:47.304Z,POLAR-001,2026-09-09T14:50:47.304Z,NORMAL,-4.08,-4.49,31.01,743.75,-0.91,-0.59,-0.65,105,-135,66,32,8.14,34.46,95,2,-60.047478,19.937823,6.371,213,69.32,HIGH_FREQUENCY,HIGH_LOAD,HIGH,HIGH,1,1,0.285,ANOMALY,true,-0.231705,0.732
2026-09-09T14:50:52.307Z,POLAR-001,2026-09-09T14:50:52.307Z,NORMAL,-4.08,-4.49,31.01,743.75,-0.91,-0.59,-0.65,105,-135,66,32,8.14,34.46,95,2,-60.047654,19.937595,6.395,213,69.23,HIGH_FREQUENCY,HIGH_LOAD,HIGH,HIGH,1,1,0.285,ANOMALY,true,-0.231705,0.732
2026-09-09T14:50:57.328Z,POLAR-001,2026-09-09T14:50:57.328Z,NORMAL,-4.08,-4.49,31.01,743.75,-0.91,-0.59,-0.65,105,-135,66,32,8.14,34.46,95,2,-60.047829,19.937366,6.418,213,69.14,HIGH_FREQUENCY,HIGH_LOAD,HIGH,HIGH,1,1,0.285,ANOMALY,true,-0.231705,0.732
2026-09-09T14:51:02.334Z,POLAR-001,2026-09-09T14:51:02.334Z,NORMAL,-4.08,-4.49,31.01,743.75,-0.91,-0.59,-0.65,105,-135,66,32,8.14,34.46,95,2,-60.048005,19.937138,6.441,213,69.05,HIGH_FREQUENCY,HIGH_LOAD,HIGH,HIGH,1,1,0.285,ANOMALY,true,-0.231705,0.732
2026-09-09T14:51:07.334Z,POLAR-001,2026-09-09T14:51:07.334Z,NORMAL,-4.08,-4.49,31.01,743.75,-0.91,-0.59,-0.65,105,-135,66,32,8.14,34.46,95,2,-60.048181,19.936909,6.464,213,68.96,HIGH_FREQUENCY,HIGH_LOAD,HIGH,HIGH,1,1,0.285,ANOMALY,true,-0.231705,0.732
2026-09-09T14:51:12.335Z,POLAR-001,2026-09-09T14:51:12.335Z,NORMAL,-4.08,-4.49,31.01,743.75,-0.91,-0.59,-0.65,105,-135,66,32,8.14,34.46,95,2,-60.048357,19.936681,6.488,213,68.87,HIGH_FREQUENCY,HIGH_LOAD,HIGH,HIGH,1,1,0.285,ANOMALY,true,-0.231705,0.732
2026-09-09T14:51:17.347Z,POLAR-001,2026-09-09T14:51:17.347Z,NORMAL,-4.08,-4.49,31.01,743.75,-0.91,-0.59,-0.65,105,-135,66,32,8.14,34.46,95,2,-60.048532,19.936452,6.511,213,68.78,HIGH_FREQUENCY,HIGH_LOAD,HIGH,HIGH,1,1,0.285,ANOMALY,true,-0.231705,0.732
2026-09-09T14:51:22.357Z,POLAR-001,2026-09-09T14:51:22.357Z,NORMAL,-4.08,-4.49,31.01,743.75,-0.91,-0.59,-0.65,105,-135,66,32,8.14,34.46,95,2,-60.048708,19.936224,6.534,213,68.69,HIGH_FREQUENCY,HIGH_LOAD,HIGH,HIGH,1,1,0.285,ANOMALY,true,-0.231705,0.732
2026-09-09T14:51:27.365Z,POLAR-001,2026-09-09T14:51:27.365Z,NORMAL,-4.08,-4.49,31.01,743.75,-0.91,-0.59,-0.65,105,-135,66,32,8.14,34.46,95,2,-60.048884,19.935995,6.557,213,68.6,HIGH_FREQUENCY,HIGH_LOAD,HIGH,HIGH,1,1,0.285,ANOMALY,true,-0.231705,0.732
2026-09-09T14:51:32.375Z,POLAR-001,2026-09-09T14:51:32.375Z,NORMAL,-4.08,-4.49,31.01,743.75,-0.91,-0.59,-0.65,105,-135,66,32,8.14,34.46,95,2,-60.049059,19.935767,6.581,213,68.51,HIGH_FREQUENCY,HIGH_LOAD,HIGH,HIGH,1,1,0.285,ANOMALY,true,-0.231705,0.732
2026-09-09T14:51:37.384Z,POLAR-001,2026-09-09T14:51:37.384Z,NORMAL,-4.08,-4.49,31.01,743.75,-0.91,-0.59,-0.65,105,-135,66,32,8.14,34.46,95,2,-60.049235,19.935538,6.604,213,68.42,HIGH_FREQUENCY,HIGH_LOAD,HIGH,HIGH,1,1,0.285,ANOMALY,true,-0.231705,0.732
2026-09-09T14:51:42.393Z,POLAR-001,2026-09-09T14:51:42.393Z,NORMAL,-4.08,-4.49,31.01,743.75,-0.91,-0.59,-0.65,105,-135,66,32,8.14,34.46,95,2,-60.049411,19.935309,6.627,213,68.33,HIGH_FREQUENCY,HIGH_LOAD,HIGH,HIGH,1,1,0.285,ANOMALY,true,-0.231705,0.732
2026-09-09T14:51:47.406Z,POLAR-001,2026-09-09T14:51:47.406Z,NORMAL,-4.08,-4.49,31.01,743.75,-0.91,-0.59,-0.65,105,-135,66,32,8.14,34.46,95,2,-60.049587,19.935081,6.65,213,68.24,HIGH_FREQUENCY,HIGH_LOAD,HIGH,HIGH,1,1,0.285,ANOMALY,true,-0.231705,0.732
2026-09-09T14:51:52.418Z,POLAR-001,2026-09-09T14:51:52.418Z,NORMAL,-4.08,-4.49,31.01,743.75,-0.91,-0.59,-0.65,105,-135,66,32,8.14,34.46,95,2,-60.049762,19.934852,6.674,213,68.15,HIGH_FREQUENCY,HIGH_LOAD,HIGH,HIGH,1,1,0.285,ANOMALY,true,-0.231705,0.732
2026-09-09T14:51:57.426Z,POLAR-001,2026-09-09T14:51:57.426Z,NORMAL,-4.08,-4.49,31.01,743.75,-0.91,-0.59,-0.65,105,-135,66,32,8.14,34.46,95,2,-60.049938,19.934624,6.697,213,68.06,HIGH_FREQUENCY,HIGH_LOAD,HIGH,HIGH,1,1,0.285,ANOMALY,true,-0.231705,0.732
2026-09-09T14:52:02.429Z,POLAR-001,2026-09-09T14:52:02.429Z,NORMAL,-4.08,-4.49,31.01,743.75,-0.91,-0.59,-0.65,105,-135,66,32,8.14,34.46,95,2,-60.050114,19.934395,6.72,213,67.97,HIGH_FREQUENCY,HIGH_LOAD,HIGH,HIGH,1,1,0.285,ANOMALY,true,-0.231705,0.732
2026-09-09T14:52:07.444Z,POLAR-001,2026-09-09T14:52:07.444Z,NORMAL,-4.08,-4.49,31.01,743.75,-0.91,-0.59,-0.65,105,-135,66,32,8.14,34.46,95,2,-60.050289,19.934167,6.743,213,67.88,HIGH_FREQUENCY,HIGH_LOAD,HIGH,HIGH,1,1,0.285,ANOMALY,true,-0.231705,0.732
2026-09-09T14:52:12.444Z,POLAR-001,2026-09-09T14:52:12.444Z,NORMAL,-4.08,-4.49,31.01,743.75,-0.91,-0.59,-0.65,105,-135,66,32,8.14,34.46,95,2,-60.050465,19.933938,6.767,213,67.79,HIGH_FREQUENCY,HIGH_LOAD,HIGH,HIGH,1,1,0.285,ANOMALY,true,-0.231705,0.732
2026-09-09T14:52:17.449Z,POLAR-001,2026-09-09T14:52:17.449Z,NORMAL,-4.08,-4.49,31.01,743.75,-0.91,-0.59,-0.65,105,-135,66,32,8.14,34.46,95,2,-60.050641,19.933709,6.79,213,67.7,HIGH_FREQUENCY,HIGH_LOAD,HIGH,HIGH,1,1,0.285,ANOMALY,true,-0.231705,0.732
2026-09-09T14:52:22.458Z,POLAR-001,2026-09-09T14:52:22.458Z,NORMAL,-4.08,-4.49,31.01,743.75,-0.91,-0.59,-0.65,105,-135,66,32,8.14,34.46,95,2,-60.050816,19.933481,6.813,213,67.61,HIGH_FREQUENCY,HIGH_LOAD,HIGH,HIGH,1,1,0.285,ANOMALY,true,-0.231705,0.732
2026-09-09T14:52:27.469Z,POLAR-001,2026-09-09T14:52:27.469Z,NORMAL,-4.08,-4.49,31.01,743.75,-0.91,-0.59,-0.65,105,-135,66,32,8.14,34.46,95,2,-60.050992,19.933252,6.836,213,67.52,HIGH_FREQUENCY,HIGH_LOAD,HIGH,HIGH,1,1,0.285,ANOMALY,true,-0.231705,0.732
2026-09-09T14:52:32.483Z,POLAR-001,2026-09-09T14:52:32.483Z,NORMAL,-4.08,-4.49,31.01,743.75,-0.91,-0.59,-0.65,105,-135,66,32,8.14,34.46,95,2,-60.051168,19.933024,6.86,213,67.43,HIGH_FREQUENCY,HIGH_LOAD,HIGH,HIGH,1,1,0.285,ANOMALY,true,-0.231705,0.732
2026-09-09T14:52:37.499Z,POLAR-001,2026-09-09T14:52:37.499Z,NORMAL,-4.08,-4.49,31.01,743.75,-0.91,-0.59,-0.65,105,-135,66,32,8.14,34.46,95,2,-60.051344,19.932795,6.883,213,67.34,HIGH_FREQUENCY,HIGH_LOAD,HIGH,HIGH,1,1,0.285,ANOMALY,true,-0.231705,0.732
2026-09-09T14:52:42.510Z,POLAR-001,2026-09-09T14:52:42.510Z,NORMAL,-4.08,-4.49,31.01,743.75,-0.91,-0.59,-0.65,105,-135,66,32,8.14,34.46,95,2,-60.051519,19.932567,6.906,213,67.25,HIGH_FREQUENCY,HIGH_LOAD,HIGH,HIGH,1,1,0.285,ANOMALY,true,-0.231705,0.732
2026-09-09T14:52:47.521Z,POLAR-001,2026-09-09T14:52:47.521Z,NORMAL,-4.08,-4.49,31.01,743.75,-0.91,-0.59,-0.65,105,-135,66,32,8.14,34.46,95,2,-60.051695,19.932338,6.93,213,67.16,HIGH_FREQUENCY,HIGH_LOAD,HIGH,HIGH,1,1,0.285,ANOMALY,true,-0.231705,0.732
2026-09-09T14:52:52.524Z,POLAR-001,2026-09-09T14:52:52.524Z,NORMAL,-4.08,-4.49,31.01,743.75,-0.91,-0.59,-0.65,105,-135,66,32,8.14,34.46,95,2,-60.051871,19.932109,6.953,213,67.07,HIGH_FREQUENCY,HIGH_LOAD,HIGH,HIGH,1,1,0.285,ANOMALY,true,-0.231705,0.732
2026-09-09T14:52:57.525Z,POLAR-001,2026-09-09T14:52:57.525Z,NORMAL,-4.08,-4.49,31.01,743.75,-0.91,-0.59,-0.65,105,-135,66,32,8.14,34.46,95,2,-60.052046,19.931881,6.976,213,66.98,HIGH_FREQUENCY,HIGH_LOAD,HIGH,HIGH,1,1,0.285,ANOMALY,true,-0.231705,0.732
2026-09-09T14:53:02.528Z,POLAR-001,2026-09-09T14:53:02.528Z,NORMAL,-4.08,-4.49,31.01,743.75,-0.91,-0.59,-0.65,105,-135,66,32,8.14,34.46,95,2,-60.052222,19.931652,6.999,213,66.89,HIGH_FREQUENCY,HIGH_LOAD,HIGH,HIGH,1,1,0.285,ANOMALY,true,-0.231705,0.732
2026-09-09T14:53:07.535Z,POLAR-001,2026-09-09T14:53:07.535Z,NORMAL,-4.08,-4.49,31.01,743.75,-0.91,-0.59,-0.65,105,-135,66,32,8.14,34.46,95,2,-60.052398,19.931424,7.023,213,66.8,HIGH_FREQUENCY,HIGH_LOAD,HIGH,HIGH,1,1,0.285,ANOMALY,true,-0.231705,0.732
2026-09-09T14:53:12.546Z,POLAR-001,2026-09-09T14:53:12.546Z,NORMAL,-4.08,-4.49,31.01,743.75,-0.91,-0.59,-0.65,105,-135,66,32,8.14,34.46,95,2,-60.052574,19.931195,7.046,213,66.71,HIGH_FREQUENCY,HIGH_LOAD,HIGH,HIGH,1,1,0.285,ANOMALY,true,-0.231705,0.732
2026-09-09T14:53:17.556Z,POLAR-001,2026-09-09T14:53:17.556Z,NORMAL,-4.08,-4.49,31.01,743.75,-0.91,-0.59,-0.65,105,-135,66,32,8.14,34.46,95,2,-60.052749,19.930967,7.069,213,66.62,HIGH_FREQUENCY,HIGH_LOAD,HIGH,HIGH,1,1,0.285,ANOMALY,true,-0.231705,0.732
2026-09-09T14:53:22.564Z,POLAR-001,2026-09-09T14:53:22.564Z,NORMAL,-4.08,-4.49,31.01,743.75,-0.91,-0.59,-0.65,105,-135,66,32,8.14,34.46,95,2,-60.052925,19.930738,7.092,213,66.53,HIGH_FREQUENCY,HIGH_LOAD,HIGH,HIGH,1,1,0.285,ANOMALY,true,-0.231705,0.732
2026-09-09T14:53:27.576Z,POLAR-001,2026-09-09T14:53:27.576Z,NORMAL,-4.08,-4.49,31.01,743.75,-0.91,-0.59,-0.65,105,-135,66,32,8.14,34.46,95,2,-60.053101,19.930509,7.116,213,66.44,HIGH_FREQUENCY,HIGH_LOAD,HIGH,HIGH,1,1,0.285,ANOMALY,true,-0.231705,0.732
2026-09-09T14:53:32.589Z,POLAR-001,2026-09-09T14:53:32.589Z,NORMAL,-4.08,-4.49,31.01,743.75,-0.91,-0.59,-0.65,105,-135,66,32,8.14,34.46,95,2,-60.053276,19.930281,7.139,213,66.35,HIGH_FREQUENCY,HIGH_LOAD,HIGH,HIGH,1,1,0.285,ANOMALY,true,-0.231705,0.732
2026-09-09T14:53:37.597Z,POLAR-001,2026-09-09T14:53:37.597Z,NORMAL,-4.08,-4.49,31.01,743.75,-0.91,-0.59,-0.65,105,-135,66,32,8.14,34.46,95,2,-60.053452,19.930052,7.162,213,66.26,HIGH_FREQUENCY,HIGH_LOAD,HIGH,HIGH,1,1,0.285,ANOMALY,true,-0.231705,0.732
2026-09-09T14:53:42.600Z,POLAR-001,2026-09-09T14:53:42.600Z,NORMAL,-4.08,-4.49,31.01,743.75,-0.91,-0.59,-0.65,105,-135,66,32,8.14,34.46,95,2,-60.053628,19.929824,7.185,213,66.17,HIGH_FREQUENCY,HIGH_LOAD,HIGH,HIGH,1,1,0.285,ANOMALY,true,-0.231705,0.732
2026-09-09T14:53:47.613Z,POLAR-001,2026-09-09T14:53:47.613Z,NORMAL,-4.08,-4.49,31.01,743.75,-0.91,-0.59,-0.65,105,-135,66,32,8.14,34.46,95,2,-60.053804,19.929595,7.209,213,66.08,HIGH_FREQUENCY,HIGH_LOAD,HIGH,HIGH,1,1,0.285,ANOMALY,true,-0.231705,0.732
2026-09-09T14:53:52.614Z,POLAR-001,2026-09-09T14:53:52.614Z,NORMAL,-4.08,-4.49,31.01,743.75,-0.91,-0.59,-0.65,105,-135,66,32,8.14,34.46,95,2,-60.053979,19.929366,7.232,213,65.99,HIGH_FREQUENCY,HIGH_LOAD,HIGH,HIGH,1,1,0.285,ANOMALY,true,-0.231705,0.732
2026-09-09T14:53:57.618Z,POLAR-001,2026-09-09T14:53:57.618Z,NORMAL,-4.08,-4.49,31.01,743.75,-0.91,-0.59,-0.65,105,-135,66,32,8.14,34.46,95,2,-60.054155,19.929138,7.255,213,65.9,HIGH_FREQUENCY,HIGH_LOAD,HIGH,HIGH,1,1,0.285,ANOMALY,true,-0.231705,0.732
2026-09-09T14:54:02.629Z,POLAR-001,2026-09-09T14:54:02.629Z,NORMAL,-4.08,-4.49,31.01,743.75,-0.91,-0.59,-0.65,105,-135,66,32,8.14,34.46,95,2,-60.054331,19.928909,7.278,213,65.81,HIGH_FREQUENCY,HIGH_LOAD,HIGH,HIGH,1,1,0.285,ANOMALY,true,-0.231705,0.732
2026-09-09T14:54:07.638Z,POLAR-001,2026-09-09T14:54:07.638Z,NORMAL,-4.08,-4.49,31.01,743.75,-0.91,-0.59,-0.65,105,-135,66,32,8.14,34.46,95,2,-60.054506,19.928681,7.302,213,65.72,HIGH_FREQUENCY,HIGH_LOAD,HIGH,HIGH,1,1,0.285,ANOMALY,true,-0.231705,0.732
2026-09-09T14:54:12.644Z,POLAR-001,2026-09-09T14:54:12.644Z,NORMAL,-4.08,-4.49,31.01,743.75,-0.91,-0.59,-0.65,105,-135,66,32,8.14,34.46,95,2,-60.054682,19.928452,7.325,213,65.63,HIGH_FREQUENCY,HIGH_LOAD,HIGH,HIGH,1,1,0.285,ANOMALY,true,-0.231705,0.732
2026-09-09T14:54:17.647Z,POLAR-001,2026-09-09T14:54:17.647Z,NORMAL,-4.08,-4.49,31.01,743.75,-0.91,-0.59,-0.65,105,-135,66,32,8.14,34.46,95,2,-60.054858,19.928223,7.348,213,65.54,HIGH_FREQUENCY,HIGH_LOAD,HIGH,HIGH,1,1,0.285,ANOMALY,true,-0.231705,0.732
2026-09-09T14:54:22.662Z,POLAR-001,2026-09-09T14:54:22.662Z,NORMAL,-4.08,-4.49,31.01,743.75,-0.91,-0.59,-0.65,105,-135,66,32,8.14,34.46,95,2,-60.055034,19.927995,7.371,213,65.45,HIGH_FREQUENCY,HIGH_LOAD,HIGH,HIGH,1,1,0.285,ANOMALY,true,-0.231705,0.732
2026-09-09T14:54:27.675Z,POLAR-001,2026-09-09T14:54:27.675Z,NORMAL,-4.08,-4.49,31.01,743.75,-0.91,-0.59,-0.65,105,-135,66,32,8.14,34.46,95,2,-60.055209,19.927766,7.395,213,65.36,HIGH_FREQUENCY,HIGH_LOAD,HIGH,HIGH,1,1,0.285,ANOMALY,true,-0.231705,0.732
2026-09-09T14:54:32.677Z,POLAR-001,2026-09-09T14:54:32.677Z,NORMAL,-4.08,-4.49,31.01,743.75,-0.91,-0.59,-0.65,105,-135,66,32,8.14,34.46,95,2,-60.055385,19.927538,7.418,213,65.27,HIGH_FREQUENCY,HIGH_LOAD,HIGH,HIGH,1,1,0.285,ANOMALY,true,-0.231705,0.732
2026-09-09T14:54:37.685Z,POLAR-001,2026-09-09T14:54:37.685Z,NORMAL,-4.08,-4.49,31.01,743.75,-0.91,-0.59,-0.65,105,-135,66,32,8.14,34.46,95,2,-60.055561,19.927309,7.441,213,65.18,HIGH_FREQUENCY,HIGH_LOAD,HIGH,HIGH,1,1,0.285,ANOMALY,true,-0.231705,0.732
2026-09-09T14:54:42.695Z,POLAR-001,2026-09-09T14:54:42.695Z,NORMAL,-4.08,-4.49,31.01,743.75,-0.91,-0.59,-0.65,105,-135,66,32,8.14,34.46,95,2,-60.055736,19.92708,7.464,213,65.09,HIGH_FREQUENCY,HIGH_LOAD,HIGH,HIGH,1,1,0.285,ANOMALY,true,-0.231705,0.732
2026-09-09T14:54:47.708Z,POLAR-001,2026-09-09T14:54:47.708Z,NORMAL,-4.08,-4.49,31.01,743.75,-0.91,-0.59,-0.65,105,-135,66,32,8.14,34.46,95,2,-60.055912,19.926852,7.488,213,65,HIGH_FREQUENCY,HIGH_LOAD,HIGH,HIGH,1,1,0.285,ANOMALY,true,-0.231705,0.732
2026-09-09T14:54:52.714Z,POLAR-001,2026-09-09T14:54:52.714Z,NORMAL,-4.08,-4.49,31.01,743.75,-0.91,-0.59,-0.65,105,-135,66,32,8.14,34.46,95,2,-60.056088,19.926623,7.511,213,64.91,HIGH_FREQUENCY,HIGH_LOAD,HIGH,HIGH,1,1,0.285,ANOMALY,true,-0.231705,0.732
2026-09-09T14:54:57.717Z,POLAR-001,2026-09-09T14:54:57.717Z,NORMAL,-4.08,-4.49,31.01,743.75,-0.91,-0.59,-0.65,105,-135,66,32,8.14,34.46,95,2,-60.056264,19.926395,7.534,213,64.82,HIGH_FREQUENCY,HIGH_LOAD,HIGH,HIGH,1,1,0.285,ANOMALY,true,-0.231705,0.732
2026-09-09T14:55:02.729Z,POLAR-001,2026-09-09T14:55:02.729Z,NORMAL,-4.08,-4.49,31.01,743.75,-0.91,-0.59,-0.65,105,-135,66,32,8.14,34.46,95,2,-60.056439,19.926166,7.557,213,64.73,HIGH_FREQUENCY,HIGH_LOAD,HIGH,HIGH,1,1,0.285,ANOMALY,true,-0.231705,0.732
2026-09-09T14:55:07.736Z,POLAR-001,2026-09-09T14:55:07.736Z,NORMAL,-4.08,-4.49,31.01,743.75,-0.91,-0.59,-0.65,105,-135,66,32,8.14,34.46,95,2,-60.056615,19.925937,7.581,213,64.64,HIGH_FREQUENCY,HIGH_LOAD,HIGH,HIGH,1,1,0.285,ANOMALY,true,-0.231705,0.732
2026-09-09T14:55:12.752Z,POLAR-001,2026-09-09T14:55:12.753Z,NORMAL,-4.08,-4.49,31.01,743.75,-0.91,-0.59,-0.65,105,-135,66,32,8.14,34.46,95,2,-60.056791,19.925709,7.604,213,64.55,HIGH_FREQUENCY,HIGH_LOAD,HIGH,HIGH,1,1,0.285,ANOMALY,true,-0.231705,0.732
2026-09-09T14:55:17.752Z,POLAR-001,2026-09-09T14:55:17.752Z,NORMAL,-4.08,-4.49,31.01,743.75,-0.91,-0.59,-0.65,105,-135,66,32,8.14,34.46,95,2,-60.056966,19.92548,7.627,213,64.46,HIGH_FREQUENCY,HIGH_LOAD,HIGH,HIGH,1,1,0.285,ANOMALY,true,-0.231705,0.732
2026-09-09T14:55:22.753Z,POLAR-001,2026-09-09T14:55:22.753Z,NORMAL,-4.08,-4.49,31.01,743.75,-0.91,-0.59,-0.65,105,-135,66,32,8.14,34.46,95,2,-60.057142,19.925252,7.65,213,64.37,HIGH_FREQUENCY,HIGH_LOAD,HIGH,HIGH,1,1,0.285,ANOMALY,true,-0.231705,0.732
2026-09-09T14:55:27.764Z,POLAR-001,2026-09-09T14:55:27.764Z,NORMAL,-4.08,-4.49,31.01,743.75,-0.91,-0.59,-0.65,105,-135,66,32,8.14,34.46,95,2,-60.057318,19.925023,7.674,213,64.28,HIGH_FREQUENCY,HIGH_LOAD,HIGH,HIGH,1,1,0.285,ANOMALY,true,-0.231705,0.732
2026-09-09T14:55:32.774Z,POLAR-001,2026-09-09T14:55:32.774Z,NORMAL,-4.08,-4.49,31.01,743.75,-0.91,-0.59,-0.65,105,-135,66,32,8.14,34.46,95,2,-60.057494,19.924794,7.697,213,64.19,HIGH_FREQUENCY,HIGH_LOAD,HIGH,HIGH,1,1,0.285,ANOMALY,true,-0.231705,0.732
2026-09-09T14:55:37.788Z,POLAR-001,2026-09-09T14:55:37.788Z,NORMAL,-4.08,-4.49,31.01,743.75,-0.91,-0.59,-0.65,105,-135,66,32,8.14,34.46,95,2,-60.057669,19.924566,7.72,213,64.1,HIGH_FREQUENCY,HIGH_LOAD,HIGH,HIGH,1,1,0.285,ANOMALY,true,-0.231705,0.732
2026-09-09T14:55:42.800Z,POLAR-001,2026-09-09T14:55:42.800Z,NORMAL,-4.08,-4.49,31.01,743.75,-0.91,-0.59,-0.65,105,-135,66,32,8.14,34.46,95,2,-60.057845,19.924337,7.743,213,64.01,HIGH_FREQUENCY,HIGH_LOAD,HIGH,HIGH,1,1,0.285,ANOMALY,true,-0.231705,0.732
2026-09-09T14:55:47.805Z,POLAR-001,2026-09-09T14:55:47.805Z,NORMAL,-4.08,-4.49,31.01,743.75,-0.91,-0.59,-0.65,105,-135,66,32,8.14,34.46,95,2,-60.058021,19.924109,7.767,213,63.92,HIGH_FREQUENCY,HIGH_LOAD,HIGH,HIGH,1,1,0.285,ANOMALY,true,-0.231705,0.732
2026-09-09T14:55:52.810Z,POLAR-001,2026-09-09T14:55:52.810Z,NORMAL,-4.08,-4.49,31.01,743.75,-0.91,-0.59,-0.65,105,-135,66,32,8.14,34.46,95,2,-60.058196,19.92388,7.79,213,63.83,HIGH_FREQUENCY,HIGH_LOAD,HIGH,HIGH,1,1,0.285,ANOMALY,true,-0.231705,0.732
2026-09-09T14:55:57.818Z,POLAR-001,2026-09-09T14:55:57.818Z,NORMAL,-4.08,-4.49,31.01,743.75,-0.91,-0.59,-0.65,105,-135,66,32,8.14,34.46,95,2,-60.058372,19.923651,7.813,213,63.74,HIGH_FREQUENCY,HIGH_LOAD,HIGH,HIGH,1,1,0.285,ANOMALY,true,-0.231705,0.732
2026-09-09T14:56:02.822Z,POLAR-001,2026-09-09T14:56:02.822Z,NORMAL,-4.08,-4.49,31.01,743.75,-0.91,-0.59,-0.65,105,-135,66,32,8.14,34.46,95,2,-60.058548,19.923423,7.836,213,63.65,HIGH_FREQUENCY,HIGH_LOAD,HIGH,HIGH,1,1,0.285,ANOMALY,true,-0.231705,0.732
2026-09-09T14:56:07.822Z,POLAR-001,2026-09-09T14:56:07.822Z,NORMAL,-4.08,-4.49,31.01,743.75,-0.91,-0.59,-0.65,105,-135,66,32,8.14,34.46,95,2,-60.058724,19.923194,7.86,213,63.56,HIGH_FREQUENCY,HIGH_LOAD,HIGH,HIGH,1,1,0.285,ANOMALY,true,-0.231705,0.732
2026-09-09T14:56:12.827Z,POLAR-001,2026-09-09T14:56:12.827Z,NORMAL,-4.08,-4.49,31.01,743.75,-0.91,-0.59,-0.65,105,-135,66,32,8.14,34.46,95,2,-60.058899,19.922965,7.883,213,63.47,HIGH_FREQUENCY,HIGH_LOAD,HIGH,HIGH,1,1,0.285,ANOMALY,true,-0.231705,0.732
2026-09-09T14:56:17.828Z,POLAR-001,2026-09-09T14:56:17.828Z,NORMAL,-4.08,-4.49,31.01,743.75,-0.91,-0.59,-0.65,105,-135,66,32,8.14,34.46,95,2,-60.059075,19.922737,7.906,213,63.38,HIGH_FREQUENCY,HIGH_LOAD,HIGH,HIGH,1,1,0.285,ANOMALY,true,-0.231705,0.732
2026-09-09T14:56:22.833Z,POLAR-001,2026-09-09T14:56:22.833Z,NORMAL,-4.08,-4.49,31.01,743.75,-0.91,-0.59,-0.65,105,-135,66,32,8.14,34.46,95,2,-60.059251,19.922508,7.93,213,63.29,HIGH_FREQUENCY,HIGH_LOAD,HIGH,HIGH,1,1,0.285,ANOMALY,true,-0.231705,0.732
2026-09-09T14:56:27.839Z,POLAR-001,2026-09-09T14:56:27.839Z,NORMAL,-4.08,-4.49,31.01,743.75,-0.91,-0.59,-0.65,105,-135,66,32,8.14,34.46,95,2,-60.059426,19.92228,7.953,213,63.2,HIGH_FREQUENCY,HIGH_LOAD,HIGH,HIGH,1,1,0.285,ANOMALY,true,-0.231705,0.732
2026-09-09T14:56:32.845Z,POLAR-001,2026-09-09T14:56:32.845Z,NORMAL,-4.08,-4.49,31.01,743.75,-0.91,-0.59,-0.65,105,-135,66,32,8.14,34.46,95,2,-60.059602,19.922051,7.976,213,63.11,HIGH_FREQUENCY,HIGH_LOAD,HIGH,HIGH,1,1,0.285,ANOMALY,true,-0.231705,0.732
2026-09-09T14:56:37.859Z,POLAR-001,2026-09-09T14:56:37.859Z,NORMAL,-4.08,-4.49,31.01,743.75,-0.91,-0.59,-0.65,105,-135,66,32,8.14,34.46,95,2,-60.059778,19.921822,7.999,213,63.02,HIGH_FREQUENCY,HIGH_LOAD,HIGH,HIGH,1,1,0.285,ANOMALY,true,-0.231705,0.732
2026-09-09T14:56:42.875Z,POLAR-001,2026-09-09T14:56:42.875Z,NORMAL,-4.08,-4.49,31.01,743.75,-0.91,-0.59,-0.65,105,-135,66,32,8.14,34.46,95,2,-60.059954,19.921594,8.023,213,62.93,HIGH_FREQUENCY,HIGH_LOAD,HIGH,HIGH,1,1,0.285,ANOMALY,true,-0.231705,0.732
2026-09-09T14:56:47.885Z,POLAR-001,2026-09-09T14:56:47.885Z,NORMAL,-4.08,-4.49,31.01,743.75,-0.91,-0.59,-0.65,105,-135,66,32,8.14,34.46,95,2,-60.060129,19.921365,8.046,213,62.84,HIGH_FREQUENCY,HIGH_LOAD,HIGH,HIGH,1,1,0.285,ANOMALY,true,-0.231705,0.732
2026-09-09T14:56:52.887Z,POLAR-001,2026-09-09T14:56:52.887Z,NORMAL,-4.08,-4.49,31.01,743.75,-0.91,-0.59,-0.65,105,-135,66,32,8.14,34.46,95,2,-60.060305,19.921136,8.069,213,62.75,HIGH_FREQUENCY,HIGH_LOAD,HIGH,HIGH,1,1,0.285,ANOMALY,true,-0.231705,0.732
2026-09-09T14:56:57.887Z,POLAR-001,2026-09-09T14:56:57.887Z,NORMAL,-4.08,-4.49,31.01,743.75,-0.91,-0.59,-0.65,105,-135,66,32,8.14,34.46,95,2,-60.060481,19.920908,8.092,213,62.66,HIGH_FREQUENCY,HIGH_LOAD,HIGH,HIGH,1,1,0.285,ANOMALY,true,-0.231705,0.732
2026-09-09T14:57:02.901Z,POLAR-001,2026-09-09T14:57:02.901Z,NORMAL,-4.08,-4.49,31.01,743.75,-0.91,-0.59,-0.65,105,-135,66,32,8.14,34.46,95,2,-60.060656,19.920679,8.116,213,62.57,HIGH_FREQUENCY,HIGH_LOAD,HIGH,HIGH,1,1,0.285,ANOMALY,true,-0.231705,0.732
2026-09-09T14:57:07.902Z,POLAR-001,2026-09-09T14:57:07.902Z,NORMAL,-4.08,-4.49,31.01,743.75,-0.91,-0.59,-0.65,105,-135,66,32,8.14,34.46,95,2,-60.060832,19.92045,8.139,213,62.48,HIGH_FREQUENCY,HIGH_LOAD,HIGH,HIGH,1,1,0.285,ANOMALY,true,-0.231705,0.732
2026-09-09T14:57:12.911Z,POLAR-001,2026-09-09T14:57:12.911Z,NORMAL,-4.08,-4.49,31.01,743.75,-0.91,-0.59,-0.65,105,-135,66,32,8.14,34.46,95,2,-60.061008,19.920222,8.162,213,62.39,HIGH_FREQUENCY,HIGH_LOAD,HIGH,HIGH,1,1,0.285,ANOMALY,true,-0.231705,0.732
2026-09-09T14:57:17.922Z,POLAR-001,2026-09-09T14:57:17.922Z,NORMAL,-4.08,-4.49,31.01,743.75,-0.91,-0.59,-0.65,105,-135,66,32,8.14,34.46,95,2,-60.061184,19.919993,8.185,213,62.3,HIGH_FREQUENCY,HIGH_LOAD,HIGH,HIGH,1,1,0.285,ANOMALY,true,-0.231705,0.732
2026-09-09T14:57:22.928Z,POLAR-001,2026-09-09T14:57:22.928Z,NORMAL,-4.08,-4.49,31.01,743.75,-0.91,-0.59,-0.65,105,-135,66,32,8.14,34.46,95,2,-60.061359,19.919765,8.209,213,62.21,HIGH_FREQUENCY,HIGH_LOAD,HIGH,HIGH,1,1,0.285,ANOMALY,true,-0.231705,0.732
2026-09-09T14:57:27.930Z,POLAR-001,2026-09-09T14:57:27.930Z,NORMAL,-4.08,-4.49,31.01,743.75,-0.91,-0.59,-0.65,105,-135,66,32,8.14,34.46,95,2,-60.061535,19.919536,8.232,213,62.12,HIGH_FREQUENCY,HIGH_LOAD,HIGH,HIGH,1,1,0.285,ANOMALY,true,-0.231705,0.732
2026-09-09T14:57:32.938Z,POLAR-001,2026-09-09T14:57:32.938Z,NORMAL,-4.08,-4.49,31.01,743.75,-0.91,-0.59,-0.65,105,-135,66,32,8.14,34.46,95,2,-60.061711,19.919307,8.255,213,62.03,HIGH_FREQUENCY,HIGH_LOAD,HIGH,HIGH,1,1,0.285,ANOMALY,true,-0.231705,0.732
2026-09-09T14:57:37.944Z,POLAR-001,2026-09-09T14:57:37.944Z,NORMAL,-4.08,-4.49,31.01,743.75,-0.91,-0.59,-0.65,105,-135,66,32,8.14,34.46,95,2,-60.061886,19.919079,8.278,213,61.94,HIGH_FREQUENCY,HIGH_LOAD,HIGH,HIGH,1,1,0.285,ANOMALY,true,-0.231705,0.732
2026-09-09T14:57:42.946Z,POLAR-001,2026-09-09T14:57:42.946Z,NORMAL,-4.08,-4.49,31.01,743.75,-0.91,-0.59,-0.65,105,-135,66,32,8.14,34.46,95,2,-60.062062,19.91885,8.302,213,61.85,HIGH_FREQUENCY,HIGH_LOAD,HIGH,HIGH,1,1,0.285,ANOMALY,true,-0.231705,0.732
2026-09-09T14:57:47.957Z,POLAR-001,2026-09-09T14:57:47.957Z,NORMAL,-4.08,-4.49,31.01,743.75,-0.91,-0.59,-0.65,105,-135,66,32,8.14,34.46,95,2,-60.062238,19.918621,8.325,213,61.76,HIGH_FREQUENCY,HIGH_LOAD,HIGH,HIGH,1,1,0.285,ANOMALY,true,-0.231705,0.732
2026-09-09T14:57:52.965Z,POLAR-001,2026-09-09T14:57:52.965Z,NORMAL,-4.08,-4.49,31.01,743.75,-0.91,-0.59,-0.65,105,-135,66,32,8.14,34.46,95,2,-60.062414,19.918393,8.348,213,61.67,HIGH_FREQUENCY,HIGH_LOAD,HIGH,HIGH,1,1,0.285,ANOMALY,true,-0.231705,0.732
2026-09-09T14:57:57.972Z,POLAR-001,2026-09-09T14:57:57.972Z,NORMAL,-4.08,-4.49,31.01,743.75,-0.91,-0.59,-0.65,105,-135,66,32,8.14,34.46,95,2,-60.062589,19.918164,8.371,213,61.58,HIGH_FREQUENCY,HIGH_LOAD,HIGH,HIGH,1,1,0.285,ANOMALY,true,-0.231705,0.732
2026-09-09T14:58:02.975Z,POLAR-001,2026-09-09T14:58:02.975Z,NORMAL,-4.08,-4.49,31.01,743.75,-0.91,-0.59,-0.65,105,-135,66,32,8.14,34.46,95,2,-60.062765,19.917935,8.395,213,61.49,HIGH_FREQUENCY,HIGH_LOAD,HIGH,HIGH,1,1,0.285,ANOMALY,true,-0.231705,0.732
2026-09-09T14:58:07.983Z,POLAR-001,2026-09-09T14:58:07.983Z,NORMAL,-4.08,-4.49,31.01,743.75,-0.91,-0.59,-0.65,105,-135,66,32,8.14,34.46,95,2,-60.062941,19.917707,8.418,213,61.4,HIGH_FREQUENCY,HIGH_LOAD,HIGH,HIGH,1,1,0.285,ANOMALY,true,-0.231705,0.732
2026-09-09T14:58:12.989Z,POLAR-001,2026-09-09T14:58:12.989Z,NORMAL,-4.08,-4.49,31.01,743.75,-0.91,-0.59,-0.65,105,-135,66,32,8.14,34.46,95,2,-60.063116,19.917478,8.441,213,61.31,HIGH_FREQUENCY,HIGH_LOAD,HIGH,HIGH,1,1,0.285,ANOMALY,true,-0.231705,0.732
2026-09-09T14:58:17.996Z,POLAR-001,2026-09-09T14:58:17.996Z,NORMAL,-4.08,-4.49,31.01,743.75,-0.91,-0.59,-0.65,105,-135,66,32,8.14,34.46,95,2,-60.063292,19.917249,8.464,213,61.22,HIGH_FREQUENCY,HIGH_LOAD,HIGH,HIGH,1,1,0.285,ANOMALY,true,-0.231705,0.732
2026-09-09T14:58:23.002Z,POLAR-001,2026-09-09T14:58:23.002Z,NORMAL,-4.08,-4.49,31.01,743.75,-0.91,-0.59,-0.65,105,-135,66,32,8.14,34.46,95,2,-60.063468,19.917021,8.488,213,61.13,HIGH_FREQUENCY,HIGH_LOAD,HIGH,HIGH,1,1,0.285,ANOMALY,true,-0.231705,0.732
2026-09-09T15:00:02.253Z,POLAR-001,2026-09-09T15:00:02.253Z,NORMAL,-4.08,-4.49,31.01,743.75,-0.91,-0.59,-0.65,105,-135,66,32,8.14,34.46,95,2,-60.063644,19.916792,8.511,213,61.04,HIGH_FREQUENCY,HIGH_LOAD,HIGH,HIGH,1,1,0.285,ANOMALY,true,-0.231705,0.732
2026-09-09T15:00:07.259Z,POLAR-001,2026-09-09T15:00:07.259Z,NORMAL,-4.08,-4.49,31.01,743.75,-0.91,-0.59,-0.65,105,-135,66,32,8.14,34.46,95,2,-60.063819,19.916563,8.534,213,60.95,HIGH_FREQUENCY,HIGH_LOAD,HIGH,HIGH,1,1,0.285,ANOMALY,true,-0.231705,0.732
2026-09-09T15:09:10.385Z,POLAR-001,2026-09-09T15:09:10.385Z,NORMAL,-4.08,-4.49,31.01,743.75,-0.91,-0.59,-0.65,105,-135,66,32,8.14,34.46,95,2,-60.063995,19.916335,8.557,213,60.86,HIGH_FREQUENCY,HIGH_LOAD,HIGH,HIGH,1,1,0.285,ANOMALY,true,-0.231705,0.732
2026-09-09T15:09:15.393Z,POLAR-001,2026-09-09T15:09:15.393Z,NORMAL,-4.08,-4.49,31.01,743.75,-0.91,-0.59,-0.65,105,-135,66,32,8.14,34.46,95,2,-60.064171,19.916106,8.581,213,60.77,HIGH_FREQUENCY,HIGH_LOAD,HIGH,HIGH,1,1,0.285,ANOMALY,true,-0.231705,0.732
2026-09-09T15:09:20.394Z,POLAR-001,2026-09-09T15:09:20.395Z,NORMAL,-4.08,-4.49,31.01,743.75,-0.91,-0.59,-0.65,105,-135,66,32,8.14,34.46,95,2,-60.064346,19.915877,8.604,213,60.68,HIGH_FREQUENCY,HIGH_LOAD,HIGH,HIGH,1,1,0.285,ANOMALY,true,-0.231705,0.732
2026-09-09T15:09:25.409Z,POLAR-001,2026-09-09T15:09:25.409Z,NORMAL,-4.08,-4.49,31.01,743.75,-0.91,-0.59,-0.65,105,-135,66,32,8.14,34.46,95,2,-60.064522,19.915649,8.627,213,60.59,HIGH_FREQUENCY,HIGH_LOAD,HIGH,HIGH,1,1,0.285,ANOMALY,true,-0.231705,0.732
2026-09-09T15:09:30.421Z,POLAR-001,2026-09-09T15:09:30.421Z,NORMAL,-4.08,-4.49,31.01,743.75,-0.91,-0.59,-0.65,105,-135,66,32,8.14,34.46,95,2,-60.064698,19.91542,8.65,213,60.5,HIGH_FREQUENCY,HIGH_LOAD,HIGH,HIGH,1,1,0.285,ANOMALY,true,-0.231705,0.732
2026-09-09T15:09:35.435Z,POLAR-001,2026-09-09T15:09:35.435Z,NORMAL,-4.08,-4.49,31.01,743.75,-0.91,-0.59,-0.65,105,-135,66,32,8.14,34.46,95,2,-60.064874,19.915191,8.674,213,60.41,HIGH_FREQUENCY,HIGH_LOAD,HIGH,HIGH,1,1,0.285,ANOMALY,true,-0.231705,0.732
2026-09-09T15:09:40.440Z,POLAR-001,2026-09-09T15:09:40.440Z,NORMAL,-4.08,-4.49,31.01,743.75,-0.91,-0.59,-0.65,105,-135,66,32,8.14,34.46,95,2,-60.065049,19.914963,8.697,213,60.32,HIGH_FREQUENCY,HIGH_LOAD,HIGH,HIGH,1,1,0.285,ANOMALY,true,-0.231705,0.732
2026-09-09T15:09:45.448Z,POLAR-001,2026-09-09T15:09:45.448Z,NORMAL,-4.08,-4.49,31.01,743.75,-0.91,-0.59,-0.65,105,-135,66,32,8.14,34.46,95,2,-60.065225,19.914734,8.72,213,60.23,HIGH_FREQUENCY,HIGH_LOAD,HIGH,HIGH,1,1,0.285,ANOMALY,true,-0.231705,0.732
2026-09-09T15:09:50.463Z,POLAR-001,2026-09-09T15:09:50.463Z,NORMAL,-4.08,-4.49,31.01,743.75,-0.91,-0.59,-0.65,105,-135,66,32,8.14,34.46,95,2,-60.065401,19.914505,8.743,213,60.14,HIGH_FREQUENCY,HIGH_LOAD,HIGH,HIGH,1,1,0.285,ANOMALY,true,-0.231705,0.732
2026-09-09T15:09:55.472Z,POLAR-001,2026-09-09T15:09:55.472Z,NORMAL,-4.08,-4.49,31.01,743.75,-0.91,-0.59,-0.65,105,-135,66,32,8.14,34.46,95,2,-60.065576,19.914277,8.767,213,60.05,HIGH_FREQUENCY,HIGH_LOAD,HIGH,HIGH,1,1,0.285,ANOMALY,true,-0.231705,0.732
2026-09-09T15:10:00.486Z,POLAR-001,2026-09-09T15:10:00.486Z,NORMAL,-4.08,-4.49,31.01,743.75,-0.91,-0.59,-0.65,105,-135,66,32,8.14,34.46,95,2,-60.065752,19.914048,8.79,213,59.96,HIGH_FREQUENCY,HIGH_LOAD,HIGH,HIGH,1,1,0.285,ANOMALY,true,-0.231705,0.732
2026-09-09T15:10:05.490Z,POLAR-001,2026-09-09T15:10:05.490Z,NORMAL,-4.08,-4.49,31.01,743.75,-0.91,-0.59,-0.65,105,-135,66,32,8.14,34.46,95,2,-60.065928,19.913819,8.813,213,59.87,HIGH_FREQUENCY,HIGH_LOAD,HIGH,HIGH,1,1,0.285,ANOMALY,true,-0.231705,0.732
2026-09-09T15:10:10.500Z,POLAR-001,2026-09-09T15:10:10.500Z,NORMAL,-4.08,-4.49,31.01,743.75,-0.91,-0.59,-0.65,105,-135,66,32,8.14,34.46,95,2,-60.066104,19.913591,8.837,213,59.78,HIGH_FREQUENCY,HIGH_LOAD,HIGH,HIGH,1,1,0.285,ANOMALY,true,-0.231705,0.732
2026-09-09T15:10:15.506Z,POLAR-001,2026-09-09T15:10:15.506Z,NORMAL,-4.08,-4.49,31.01,743.75,-0.91,-0.59,-0.65,105,-135,66,32,8.14,34.46,95,2,-60.066279,19.913362,8.86,213,59.69,HIGH_FREQUENCY,HIGH_LOAD,HIGH,HIGH,1,1,0.285,ANOMALY,true,-0.231705,0.732
2026-09-09T15:10:20.517Z,POLAR-001,2026-09-09T15:10:20.517Z,NORMAL,-4.08,-4.49,31.01,743.75,-0.91,-0.59,-0.65,105,-135,66,32,8.14,34.46,95,2,-60.066455,19.913133,8.883,213,59.6,HIGH_FREQUENCY,HIGH_LOAD,HIGH,HIGH,1,1,0.285,ANOMALY,true,-0.231705,0.732
2026-09-09T15:10:25.526Z,POLAR-001,2026-09-09T15:10:25.526Z,NORMAL,-4.08,-4.49,31.01,743.75,-0.91,-0.59,-0.65,105,-135,66,32,8.14,34.46,95,2,-60.066631,19.912905,8.906,213,59.51,HIGH_FREQUENCY,HIGH_LOAD,HIGH,HIGH,1,1,0.285,ANOMALY,true,-0.231705,0.732
2026-09-09T15:10:30.536Z,POLAR-001,2026-09-09T15:10:30.536Z,NORMAL,-4.08,-4.49,31.01,743.75,-0.91,-0.59,-0.65,105,-135,66,32,8.14,34.46,95,2,-60.066806,19.912676,8.93,213,59.42,HIGH_FREQUENCY,HIGH_LOAD,HIGH,HIGH,1,1,0.285,ANOMALY,true,-0.231705,0.732
2026-09-09T15:10:35.542Z,POLAR-001,2026-09-09T15:10:35.542Z,NORMAL,-4.08,-4.49,31.01,743.75,-0.91,-0.59,-0.65,105,-135,66,32,8.14,34.46,95,2,-60.066982,19.912447,8.953,213,59.33,HIGH_FREQUENCY,HIGH_LOAD,HIGH,HIGH,1,1,0.285,ANOMALY,true,-0.231705,0.732
2026-09-09T15:10:40.549Z,POLAR-001,2026-09-09T15:10:40.549Z,NORMAL,-4.08,-4.49,31.01,743.75,-0.91,-0.59,-0.65,105,-135,66,32,8.14,34.46,95,2,-60.067158,19.912219,8.976,213,59.24,HIGH_FREQUENCY,HIGH_LOAD,HIGH,HIGH,1,1,0.285,ANOMALY,true,-0.231705,0.732
2026-09-09T15:10:45.552Z,POLAR-001,2026-09-09T15:10:45.552Z,NORMAL,-4.08,-4.49,31.01,743.75,-0.91,-0.59,-0.65,105,-135,66,32,8.14,34.46,95,2,-60.067334,19.91199,8.999,213,59.15,HIGH_FREQUENCY,HIGH_LOAD,HIGH,HIGH,1,1,0.285,ANOMALY,true,-0.231705,0.732
2026-09-09T15:10:50.561Z,POLAR-001,2026-09-09T15:10:50.561Z,NORMAL,-4.08,-4.49,31.01,743.75,-0.91,-0.59,-0.65,105,-135,66,32,8.14,34.46,95,2,-60.067509,19.911761,9.023,213,59.06,HIGH_FREQUENCY,HIGH_LOAD,HIGH,HIGH,1,1,0.285,ANOMALY,true,-0.231705,0.732
2026-09-09T15:10:55.567Z,POLAR-001,2026-09-09T15:10:55.567Z,NORMAL,-4.08,-4.49,31.01,743.75,-0.91,-0.59,-0.65,105,-135,66,32,8.14,34.46,95,2,-60.067685,19.911533,9.046,213,58.97,HIGH_FREQUENCY,HIGH_LOAD,HIGH,HIGH,1,1,0.285,ANOMALY,true,-0.231705,0.732
2026-09-09T15:10:57.023Z,POLAR-001,2026-09-09T15:10:57.023Z,NORMAL,-4.08,25,50,1013.25,0,0,1,0,0,0,31.3,7.89,34.46,95,1.92,-60.067584,19.911533,9.057,0,58.89,HIGH_FREQUENCY,HIGH_LOAD,HIGH,LOW,0,0,0.285,ANOMALY,true,-0.107137,0.607
2026-09-09T15:11:00.579Z,POLAR-001,2026-09-09T15:11:00.579Z,NORMAL,-4.08,25,50,1013.25,0,0,1,0,0,0,30.6,7.64,34.46,95,1.84,-60.067488,19.911533,9.068,0,58.81,HIGH_FREQUENCY,HIGH_LOAD,HIGH,LOW,0,0,0.285,ANOMALY,true,-0.107137,0.607
2026-09-09T15:11:05.585Z,POLAR-001,2026-09-09T15:11:05.586Z,NORMAL,-4.08,25,50,1013.25,0,0,1,0,0,0,29.9,7.39,34.46,95,1.76,-60.067395,19.911533,9.078,0,58.73,HIGH_FREQUENCY,HIGH_LOAD,HIGH,LOW,0,0,0.285,ANOMALY,true,-0.107137,0.607
2026-09-09T15:11:06.576Z,POLAR-001,2026-09-09T15:11:06.576Z,NORMAL,-4.08,25,50,1013.25,0,0,1,0,0,0,29.2,7.14,34.46,95,1.68,-60.067306,19.911533,9.088,0,58.65,HIGH_FREQUENCY,HIGH_LOAD,HIGH,LOW,0,0,0.285,ANOMALY,true,-0.107137,0.607
2026-09-09T15:11:10.600Z,POLAR-001,2026-09-09T15:11:10.600Z,NORMAL,-4.08,25,50,1013.25,0,0,1,0,0,0,28.5,6.89,34.46,95,1.6,-60.067222,19.911533,9.097,0,58.57,HIGH_FREQUENCY,HIGH_LOAD,HIGH,LOW,0,0,0.285,ANOMALY,true,-0.107137,0.607
2026-09-09T15:11:15.606Z,POLAR-001,2026-09-09T15:11:15.606Z,NORMAL,-4.08,25,50,1013.25,0,0,1,0,0,0,27.8,6.64,34.46,95,1.52,-60.067142,19.911533,9.106,0,58.49,HIGH_FREQUENCY,HIGH_LOAD,HIGH,LOW,0,0,0.285,ANOMALY,true,-0.107137,0.607
2026-09-09T15:11:16.559Z,POLAR-001,2026-09-09T15:11:16.559Z,NORMAL,-4.08,25,50,1013.25,0,0,1,0,0,0,27.1,6.39,34.46,95,1.44,-60.067065,19.911533,9.115,0,58.41,HIGH_FREQUENCY,HIGH_LOAD,HIGH,LOW,0,0,0.285,ANOMALY,true,-0.103486,0.603
2026-09-09T15:11:20.606Z,POLAR-001,2026-09-09T15:11:20.606Z,NORMAL,-4.08,25,50,1013.25,0,0,1,0,0,0,26.4,6.14,34.46,95,1.36,-60.066993,19.911533,9.123,0,58.33,HIGH_FREQUENCY,HIGH_LOAD,HIGH,LOW,0,0,0.285,ANOMALY,true,-0.103486,0.603
2026-09-09T15:11:25.611Z,POLAR-001,2026-09-09T15:11:25.611Z,NORMAL,-4.08,25,50,1013.25,0,0,1,0,0,0,25.7,5.89,34.46,95,1.28,-60.066925,19.911533,9.13,0,58.25,HIGH_FREQUENCY,HIGH_LOAD,HIGH,LOW,0,0,0.285,ANOMALY,true,-0.103486,0.603
2026-09-09T15:11:30.623Z,POLAR-001,2026-09-09T15:11:30.623Z,NORMAL,-4.08,25,50,1013.25,0,0,1,0,0,0,25,5.64,34.46,95,1.2,-60.06686,19.911533,9.137,0,58.17,HIGH_FREQUENCY,HIGH_LOAD,HIGH,LOW,0,0,0.285,ANOMALY,true,-0.103486,0.603
2026-09-09T15:11:35.623Z,POLAR-001,2026-09-09T15:11:35.623Z,NORMAL,-4.08,25,50,1013.25,0,0,1,0,0,0,24.3,5.39,34.46,95,1.12,-60.0668,19.911533,9.144,0,58.09,HIGH_FREQUENCY,HIGH_LOAD,HIGH,LOW,0,0,0.285,ANOMALY,true,-0.103486,0.603
2026-09-09T15:11:40.636Z,POLAR-001,2026-09-09T15:11:40.636Z,NORMAL,-4.08,25,50,1013.25,0,0,1,0,0,0,23.6,5.14,34.46,95,1.04,-60.066744,19.911533,9.15,0,58.01,HIGH_FREQUENCY,HIGH_LOAD,HIGH,LOW,0,0,0.285,ANOMALY,true,-0.103486,0.603
2026-09-09T15:11:45.639Z,POLAR-001,2026-09-09T15:11:45.639Z,NORMAL,-4.08,25,50,1013.25,0,0,1,0,0,0,22.9,4.89,34.46,95,0.96,-60.066692,19.911533,9.156,0,57.93,HIGH_FREQUENCY,HIGH_LOAD,HIGH,LOW,0,0,0.285,ANOMALY,true,-0.103486,0.603
2026-09-09T15:11:50.651Z,POLAR-001,2026-09-09T15:11:50.651Z,NORMAL,-4.08,25,50,1013.25,0,0,1,0,0,0,22.2,4.64,34.46,95,0.88,-60.066644,19.911533,9.161,0,57.85,HIGH_FREQUENCY,HIGH_LOAD,HIGH,LOW,0,0,0.285,ANOMALY,true,-0.103486,0.603
2026-09-09T15:11:55.666Z,POLAR-001,2026-09-09T15:11:55.666Z,NORMAL,-4.08,25,50,1013.25,0,0,1,0,0,0,21.5,4.39,34.46,95,0.8,-60.0666,19.911533,9.166,0,57.77,HIGH_FREQUENCY,HIGH_LOAD,HIGH,LOW,0,0,0.285,ANOMALY,true,-0.103486,0.603
2026-09-09T15:12:00.682Z,POLAR-001,2026-09-09T15:12:00.682Z,NORMAL,-4.08,25,50,1013.25,0,0,1,0,0,0,20.8,4.14,34.46,95,0.72,-60.06656,19.911533,9.171,0,57.69,HIGH_FREQUENCY,HIGH_LOAD,HIGH,LOW,0,0,0.285,ANOMALY,true,-0.103486,0.603
2026-09-09T15:12:05.685Z,POLAR-001,2026-09-09T15:12:05.685Z,NORMAL,-4.08,25,50,1013.25,0,0,1,0,0,0,20.1,3.89,34.46,95,0.64,-60.066524,19.911533,9.175,0,57.61,HIGH_FREQUENCY,HIGH_LOAD,HIGH,LOW,0,0,0.285,ANOMALY,true,-0.103486,0.603
2026-09-09T15:12:10.692Z,POLAR-001,2026-09-09T15:12:10.692Z,NORMAL,-4.08,25,50,1013.25,0,0,1,0,0,0,19.4,3.64,34.46,95,0.56,-60.066493,19.911533,9.178,0,57.53,HIGH_FREQUENCY,HIGH_LOAD,HIGH,LOW,0,0,0.285,ANOMALY,true,-0.103486,0.603
2026-09-09T15:12:15.704Z,POLAR-001,2026-09-09T15:12:15.704Z,NORMAL,-4.08,25,50,1013.25,0,0,1,0,0,0,18.7,3.39,34.46,95,0.48,-60.066465,19.911533,9.181,0,57.45,HIGH_FREQUENCY,HIGH_LOAD,HIGH,LOW,0,0,0.285,ANOMALY,true,-0.103486,0.603
2026-09-09T15:12:20.714Z,POLAR-001,2026-09-09T15:12:20.714Z,NORMAL,-4.08,25,50,1013.25,0,0,1,0,0,0,18,3.14,34.46,95,0.4,-60.066441,19.911533,9.184,0,57.37,HIGH_FREQUENCY,HIGH_LOAD,HIGH,LOW,0,0,0.285,ANOMALY,true,-0.103486,0.603
2026-09-09T15:12:25.714Z,POLAR-001,2026-09-09T15:12:25.714Z,NORMAL,-4.08,25,50,1013.25,0,0,1,0,0,0,17.3,2.89,34.46,95,0.32,-60.066422,19.911533,9.186,0,57.33,ADAPTIVE,BALANCED,MEDIUM,LOW,0,0,0.285,ANOMALY,true,-0.103486,0.603
2026-09-09T15:12:30.724Z,POLAR-001,2026-09-09T15:12:30.724Z,NORMAL,-4.08,25,50,1013.25,0,0,1,0,0,0,16.6,2.64,34.46,95,0.3,-60.066403,19.911533,9.188,0,57.3,ADAPTIVE,BALANCED,MEDIUM,LOW,0,0,0.285,ANOMALY,true,-0.103486,0.603
2026-09-09T15:12:35.727Z,POLAR-001,2026-09-09T15:12:35.727Z,NORMAL,-4.08,25,50,1013.25,0,0,1,0,0,0,15.9,2.39,34.46,95,0.3,-60.066385,19.911533,9.19,0,57.26,ADAPTIVE,BALANCED,MEDIUM,LOW,0,0,0.285,ANOMALY,true,-0.103486,0.603
2026-09-09T15:12:40.739Z,POLAR-001,2026-09-09T15:12:40.739Z,NORMAL,-4.08,25,50,1013.25,0,0,1,0,0,0,15.2,2.14,34.46,95,0.3,-60.066368,19.911533,9.192,0,57.23,ADAPTIVE,BALANCED,MEDIUM,LOW,0,0,0.285,ANOMALY,true,-0.103486,0.603
2026-09-09T15:12:45.739Z,POLAR-001,2026-09-09T15:12:45.739Z,NORMAL,-4.08,25,50,1013.25,0,0,1,0,0,0,14.5,1.89,34.46,95,0.3,-60.066351,19.911533,9.194,0,57.19,ADAPTIVE,BALANCED,MEDIUM,LOW,0,0,0.285,ANOMALY,true,-0.103486,0.603
2026-09-09T15:12:50.753Z,POLAR-001,2026-09-09T15:12:50.753Z,NORMAL,-4.08,25,50,1013.25,0,0,1,0,0,0,13.8,1.76,34.46,95,0.3,-60.066334,19.911533,9.196,0,57.16,ADAPTIVE,BALANCED,MEDIUM,LOW,0,0,0.285,ANOMALY,true,-0.103486,0.603
2026-09-09T15:12:55.762Z,POLAR-001,2026-09-09T15:12:55.762Z,NORMAL,-4.08,25,50,1013.25,0,0,1,0,0,0,13.1,1.76,34.46,95,0.3,-60.066318,19.911533,9.198,0,57.12,ADAPTIVE,BALANCED,MEDIUM,LOW,0,0,0.285,ANOMALY,true,-0.103486,0.603
2026-09-09T15:13:00.770Z,POLAR-001,2026-09-09T15:13:00.770Z,NORMAL,-4.08,25,50,1013.25,0,0,1,0,0,0,12.4,1.76,34.46,95,0.3,-60.066301,19.911533,9.199,0,57.09,ADAPTIVE,BALANCED,MEDIUM,LOW,0,0,0.285,ANOMALY,true,-0.103486,0.603
2026-09-09T15:13:05.783Z,POLAR-001,2026-09-09T15:13:05.784Z,NORMAL,-4.08,25,50,1013.25,0,0,1,0,0,0,11.7,1.76,34.46,95,0.3,-60.066284,19.911533,9.201,0,57.05,ADAPTIVE,BALANCED,MEDIUM,LOW,0,0,0.285,ANOMALY,true,-0.103486,0.603
2026-09-09T15:13:10.789Z,POLAR-001,2026-09-09T15:13:10.789Z,NORMAL,-4.08,25,50,1013.25,0,0,1,0,0,0,11,1.76,34.46,95,0.3,-60.066268,19.911533,9.203,0,57.02,ADAPTIVE,BALANCED,MEDIUM,LOW,0,0,0.285,ANOMALY,true,-0.103486,0.603
2026-09-09T15:13:15.791Z,POLAR-001,2026-09-09T15:13:15.791Z,NORMAL,-4.08,25,50,1013.25,0,0,1,0,0,0,10.3,1.76,34.46,95,0.3,-60.066251,19.911533,9.205,0,56.98,ADAPTIVE,BALANCED,MEDIUM,LOW,0,0,0.285,ANOMALY,true,-0.103486,0.603
2026-09-09T15:13:20.794Z,POLAR-001,2026-09-09T15:13:20.794Z,NORMAL,-4.08,25,50,1013.25,0,0,1,0,0,0,9.6,1.76,34.46,95,0.3,-60.066234,19.911533,9.207,0,56.95,ADAPTIVE,BALANCED,MEDIUM,LOW,0,0,0.285,ANOMALY,true,-0.103486,0.603
2026-09-09T15:13:25.807Z,POLAR-001,2026-09-09T15:13:25.807Z,NORMAL,-4.08,25,50,1013.25,0,0,1,0,0,0,8.9,1.76,34.46,95,0.3,-60.066218,19.911533,9.209,0,56.91,ADAPTIVE,BALANCED,MEDIUM,LOW,0,0,0.285,ANOMALY,true,-0.103486,0.603
2026-09-09T15:13:30.819Z,POLAR-001,2026-09-09T15:13:30.819Z,NORMAL,-4.08,25,50,1013.25,0,0,1,0,0,0,8.2,1.76,34.46,95,0.3,-60.066201,19.911533,9.211,0,56.88,ADAPTIVE,BALANCED,MEDIUM,LOW,0,0,0.285,ANOMALY,true,-0.103486,0.603
2026-09-09T15:13:35.830Z,POLAR-001,2026-09-09T15:13:35.830Z,NORMAL,-4.08,25,50,1013.25,0,0,1,0,0,0,8,1.76,34.46,95,0.3,-60.066184,19.911533,9.212,0,56.84,ADAPTIVE,BALANCED,MEDIUM,LOW,0,0,0.285,ANOMALY,true,-0.103486,0.603
2026-09-09T15:13:40.843Z,POLAR-001,2026-09-09T15:13:40.843Z,NORMAL,-4.08,25,50,1013.25,0,0,1,0,0,0,8,1.76,34.46,95,0.3,-60.066168,19.911533,9.214,0,56.81,ADAPTIVE,BALANCED,MEDIUM,LOW,0,0,0.285,ANOMALY,true,-0.103486,0.603
2026-09-09T15:13:45.853Z,POLAR-001,2026-09-09T15:13:45.853Z,NORMAL,-4.08,25,50,1013.25,0,0,1,0,0,0,8,1.76,34.46,95,0.3,-60.066151,19.911533,9.216,0,56.77,ADAPTIVE,BALANCED,MEDIUM,LOW,0,0,0.285,ANOMALY,true,-0.103486,0.603
2026-09-09T15:13:50.864Z,POLAR-001,2026-09-09T15:13:50.864Z,NORMAL,-4.08,25,50,1013.25,0,0,1,0,0,0,8,1.76,34.46,95,0.3,-60.066134,19.911533,9.218,0,56.74,ADAPTIVE,BALANCED,MEDIUM,LOW,0,0,0.285,ANOMALY,true,-0.103486,0.603
2026-09-09T15:13:55.876Z,POLAR-001,2026-09-09T15:13:55.876Z,NORMAL,-4.08,25,50,1013.25,0,0,1,0,0,0,8,1.76,34.46,95,0.3,-60.066118,19.911533,9.22,0,56.7,ADAPTIVE,BALANCED,MEDIUM,LOW,0,0,0.285,ANOMALY,true,-0.103486,0.603
2026-09-09T15:14:00.879Z,POLAR-001,2026-09-09T15:14:00.879Z,NORMAL,-4.08,25,50,1013.25,0,0,1,0,0,0,8,1.76,34.46,95,0.3,-60.066101,19.911533,9.222,0,56.67,ADAPTIVE,BALANCED,MEDIUM,LOW,0,0,0.285,ANOMALY,true,-0.103486,0.603
2026-09-09T15:14:05.884Z,POLAR-001,2026-09-09T15:14:05.884Z,NORMAL,-4.08,25,50,1013.25,0,0,1,0,0,0,8,1.76,34.46,95,0.3,-60.066084,19.911533,9.223,0,56.63,ADAPTIVE,BALANCED,MEDIUM,LOW,0,0,0.285,ANOMALY,true,-0.103486,0.603
2026-09-09T15:14:10.887Z,POLAR-001,2026-09-09T15:14:10.887Z,NORMAL,-4.08,25,50,1013.25,0,0,1,0,0,0,8,1.76,34.46,95,0.3,-60.066068,19.911533,9.225,0,56.6,ADAPTIVE,BALANCED,MEDIUM,LOW,0,0,0.285,ANOMALY,true,-0.103486,0.603
2026-09-09T15:14:15.892Z,POLAR-001,2026-09-09T15:14:15.892Z,NORMAL,-4.08,25,50,1013.25,0,0,1,0,0,0,8,1.76,34.46,95,0.3,-60.066051,19.911533,9.227,0,56.56,ADAPTIVE,BALANCED,MEDIUM,LOW,0,0,0.285,ANOMALY,true,-0.103486,0.603
2026-09-09T15:14:20.904Z,POLAR-001,2026-09-09T15:14:20.904Z,NORMAL,-4.08,25,50,1013.25,0,0,1,0,0,0,8,1.76,34.46,95,0.3,-60.066034,19.911533,9.229,0,56.53,ADAPTIVE,BALANCED,MEDIUM,LOW,0,0,0.285,ANOMALY,true,-0.103486,0.603
2026-09-09T15:14:24.095Z,POLAR-001,2026-09-09T15:14:24.095Z,NORMAL,-4.08,25,50,1013.25,0,0,1,0,0,0,8,1.76,34.46,95,0.3,-60.066017,19.911533,9.231,0,56.49,ADAPTIVE,BALANCED,MEDIUM,LOW,0,0,0.285,ANOMALY,true,-0.055458,0.555
2026-09-09T15:14:25.908Z,POLAR-001,2026-09-09T15:14:25.908Z,NORMAL,-4.08,25,50,1013.25,0,0,1,0,0,0,8,1.76,34.46,95,0.3,-60.066001,19.911533,9.233,0,56.46,ADAPTIVE,BALANCED,MEDIUM,LOW,0,0,0.285,ANOMALY,true,-0.055458,0.555
2026-09-09T15:14:30.913Z,POLAR-001,2026-09-09T15:14:30.913Z,NORMAL,-4.08,25,50,1013.25,0,0,1,0,0,0,8,1.76,34.46,95,0.3,-60.065984,19.911533,9.235,0,56.42,ADAPTIVE,BALANCED,MEDIUM,LOW,0,0,0.285,ANOMALY,true,-0.055458,0.555
2026-09-09T15:14:34.139Z,POLAR-001,2026-09-09T15:14:34.139Z,NORMAL,-4.08,25,50,1013.25,0,0,1,0,0,0,8,1.76,34.46,95,0.3,-60.065967,19.911533,9.236,0,56.39,ADAPTIVE,BALANCED,MEDIUM,LOW,0,0,0.285,ANOMALY,true,-0.055458,0.555
2026-09-09T15:14:35.916Z,POLAR-001,2026-09-09T15:14:35.916Z,NORMAL,-4.08,25,50,1013.25,0,0,1,0,0,0,8,1.76,34.46,95,0.3,-60.065951,19.911533,9.238,0,56.35,ADAPTIVE,BALANCED,MEDIUM,LOW,0,0,0.285,ANOMALY,true,-0.055458,0.555
2026-09-09T15:14:40.916Z,POLAR-001,2026-09-09T15:14:40.917Z,NORMAL,-4.08,25,50,1013.25,0,0,1,0,0,0,8,1.76,34.46,95,0.3,-60.065934,19.911533,9.24,0,56.32,ADAPTIVE,BALANCED,MEDIUM,LOW,0,0,0.285,ANOMALY,true,-0.055458,0.555
2026-09-09T15:14:44.122Z,POLAR-001,2026-09-09T15:14:44.122Z,NORMAL,-4.08,25,50,1013.25,0,0,1,0,0,0,8,1.76,34.46,95,0.3,-60.065917,19.911533,9.242,0,56.28,ADAPTIVE,BALANCED,MEDIUM,LOW,0,0,0.285,ANOMALY,true,-0.055458,0.555
2026-09-09T15:14:45.922Z,POLAR-001,2026-09-09T15:14:45.922Z,NORMAL,-4.08,25,50,1013.25,0,0,1,0,0,0,8,1.76,34.46,95,0.3,-60.065901,19.911533,9.244,0,56.25,ADAPTIVE,BALANCED,MEDIUM,LOW,0,0,0.285,ANOMALY,true,-0.055458,0.555
2026-09-09T15:14:50.924Z,POLAR-001,2026-09-09T15:14:50.924Z,NORMAL,-4.08,25,50,1013.25,0,0,1,0,0,0,8,1.76,34.46,95,0.3,-60.065884,19.911533,9.246,0,56.21,ADAPTIVE,BALANCED,MEDIUM,LOW,0,0,0.285,ANOMALY,true,-0.055458,0.555
2026-09-09T15:14:54.122Z,POLAR-001,2026-09-09T15:14:54.122Z,NORMAL,-4.08,25,50,1013.25,0,0,1,0,0,0,8,1.76,34.46,95,0.3,-60.065867,19.911533,9.248,0,56.18,ADAPTIVE,BALANCED,MEDIUM,LOW,0,0,0.285,ANOMALY,true,-0.055458,0.555
2026-09-09T15:14:55.930Z,POLAR-001,2026-09-09T15:14:55.930Z,NORMAL,-4.08,25,50,1013.25,0,0,1,0,0,0,8,1.76,34.46,95,0.3,-60.065851,19.911533,9.249,0,56.14,ADAPTIVE,BALANCED,MEDIUM,LOW,0,0,0.285,ANOMALY,true,-0.055458,0.555
2026-09-09T15:15:41.215Z,POLAR-001,2026-09-09T15:15:41.215Z,NORMAL,-4.08,25,50,1013.25,0,0,1,0,0,0,8,1.76,34.46,95,0.3,-60.065834,19.911533,9.251,0,56.11,ADAPTIVE,BALANCED,MEDIUM,LOW,0,0,0.285,ANOMALY,true,-0.055458,0.555
2026-09-09T15:26:18.302Z,POLAR-001,2026-09-09T15:26:18.302Z,NORMAL,-4.08,25,50,1013.25,0,0,1,0,0,0,8,1.76,34.46,95,0.3,-60.065817,19.911533,9.253,0,56.07,ADAPTIVE,BALANCED,MEDIUM,LOW,0,0,0.285,ANOMALY,true,-0.055458,0.555
2026-09-09T15:26:23.310Z,POLAR-001,2026-09-09T15:26:23.310Z,NORMAL,-4.08,25,50,1013.25,0,0,1,0,0,0,8,1.76,34.46,95,0.3,-60.065801,19.911533,9.255,0,56.04,ADAPTIVE,BALANCED,MEDIUM,LOW,0,0,0.285,ANOMALY,true,-0.055458,0.555
2026-09-09T15:26:28.311Z,POLAR-001,2026-09-09T15:26:28.311Z,NORMAL,-4.08,25,50,1013.25,0,0,1,0,0,0,8,1.76,34.46,95,0.3,-60.065784,19.911533,9.257,0,56,ADAPTIVE,BALANCED,MEDIUM,LOW,0,0,0.285,ANOMALY,true,-0.055458,0.555
2026-09-09T15:26:33.325Z,POLAR-001,2026-09-09T15:26:33.325Z,NORMAL,-4.08,25,50,1013.25,0,0,1,0,0,0,8,1.76,34.46,95,0.3,-60.065767,19.911533,9.259,0,55.97,ADAPTIVE,BALANCED,MEDIUM,LOW,0,0,0.285,ANOMALY,true,-0.055458,0.555
2026-09-09T15:26:38.326Z,POLAR-001,2026-09-09T15:26:38.326Z,NORMAL,-4.08,25,50,1013.25,0,0,1,0,0,0,8,1.76,34.46,95,0.3,-60.06575,19.911533,9.261,0,55.93,ADAPTIVE,BALANCED,MEDIUM,LOW,0,0,0.285,ANOMALY,true,-0.055458,0.555
2026-09-09T15:26:43.338Z,POLAR-001,2026-09-09T15:26:43.338Z,NORMAL,-4.08,25,50,1013.25,0,0,1,0,0,0,8,1.76,34.46,95,0.3,-60.065734,19.911533,9.262,0,55.9,ADAPTIVE,BALANCED,MEDIUM,LOW,0,0,0.285,ANOMALY,true,-0.055458,0.555
2026-09-09T15:26:48.344Z,POLAR-001,2026-09-09T15:26:48.344Z,NORMAL,-4.08,25,50,1013.25,0,0,1,0,0,0,8,1.76,34.46,95,0.3,-60.065717,19.911533,9.264,0,55.86,ADAPTIVE,BALANCED,MEDIUM,LOW,0,0,0.285,ANOMALY,true,-0.055458,0.555
2026-09-09T15:26:53.350Z,POLAR-001,2026-09-09T15:26:53.350Z,NORMAL,-4.08,25,50,1013.25,0,0,1,0,0,0,8,1.76,34.46,95,0.3,-60.0657,19.911533,9.266,0,55.83,ADAPTIVE,BALANCED,MEDIUM,LOW,0,0,0.285,ANOMALY,true,-0.055458,0.555
2026-09-09T15:26:58.351Z,POLAR-001,2026-09-09T15:26:58.351Z,NORMAL,-4.08,25,50,1013.25,0,0,1,0,0,0,8,1.76,34.46,95,0.3,-60.065684,19.911533,9.268,0,55.79,ADAPTIVE,BALANCED,MEDIUM,LOW,0,0,0.285,ANOMALY,true,-0.055458,0.555
2026-09-09T15:27:03.353Z,POLAR-001,2026-09-09T15:27:03.353Z,NORMAL,-4.08,25,50,1013.25,0,0,1,0,0,0,8,1.76,34.46,95,0.3,-60.065667,19.911533,9.27,0,55.76,ADAPTIVE,BALANCED,MEDIUM,LOW,0,0,0.285,ANOMALY,true,-0.055458,0.555
2026-09-09T15:27:08.355Z,POLAR-001,2026-09-09T15:27:08.355Z,NORMAL,-4.08,25,50,1013.25,0,0,1,0,0,0,8,1.76,34.46,95,0.3,-60.06565,19.911533,9.272,0,55.72,ADAPTIVE,BALANCED,MEDIUM,LOW,0,0,0.285,ANOMALY,true,-0.055458,0.555
2026-09-09T15:27:13.363Z,POLAR-001,2026-09-09T15:27:13.363Z,NORMAL,-4.08,25,50,1013.25,0,0,1,0,0,0,8,1.76,34.46,95,0.3,-60.065634,19.911533,9.273,0,55.69,ADAPTIVE,BALANCED,MEDIUM,LOW,0,0,0.285,ANOMALY,true,-0.055458,0.555
2026-09-09T15:27:18.375Z,POLAR-001,2026-09-09T15:27:18.375Z,NORMAL,-4.08,25,50,1013.25,0,0,1,0,0,0,8,1.76,34.46,95,0.3,-60.065617,19.911533,9.275,0,55.65,ADAPTIVE,BALANCED,MEDIUM,LOW,0,0,0.285,ANOMALY,true,-0.055458,0.555
2026-09-09T15:27:23.380Z,POLAR-001,2026-09-09T15:27:23.380Z,NORMAL,-4.08,25,50,1013.25,0,0,1,0,0,0,8,1.76,34.46,95,0.3,-60.0656,19.911533,9.277,0,55.62,ADAPTIVE,BALANCED,MEDIUM,LOW,0,0,0.285,ANOMALY,true,-0.055458,0.555
2026-09-09T15:27:28.381Z,POLAR-001,2026-09-09T15:27:28.381Z,NORMAL,-4.08,25,50,1013.25,0,0,1,0,0,0,8,1.76,34.46,95,0.3,-60.065584,19.911533,9.279,0,55.58,ADAPTIVE,BALANCED,MEDIUM,LOW,0,0,0.285,ANOMALY,true,-0.055458,0.555
2026-09-09T15:27:33.385Z,POLAR-001,2026-09-09T15:27:33.385Z,NORMAL,-4.08,25,50,1013.25,0,0,1,0,0,0,8,1.76,34.46,95,0.3,-60.065567,19.911533,9.281,0,55.55,ADAPTIVE,BALANCED,MEDIUM,LOW,0,0,0.285,ANOMALY,true,-0.055458,0.555
2026-09-09T15:27:38.396Z,POLAR-001,2026-09-09T15:27:38.396Z,NORMAL,-4.08,25,50,1013.25,0,0,1,0,0,0,8,1.76,34.46,95,0.3,-60.06555,19.911533,9.283,0,55.51,ADAPTIVE,BALANCED,MEDIUM,LOW,0,0,0.285,ANOMALY,true,-0.055458,0.555
2026-09-09T15:27:43.400Z,POLAR-001,2026-09-09T15:27:43.400Z,NORMAL,-4.08,25,50,1013.25,0,0,1,0,0,0,8,1.76,34.46,95,0.3,-60.065534,19.911533,9.285,0,55.48,ADAPTIVE,BALANCED,MEDIUM,LOW,0,0,0.285,ANOMALY,true,-0.055458,0.555
2026-09-09T15:27:48.405Z,POLAR-001,2026-09-09T15:27:48.405Z,NORMAL,-4.08,25,50,1013.25,0,0,1,0,0,0,8,1.76,34.46,95,0.3,-60.065517,19.911533,9.286,0,55.44,ADAPTIVE,BALANCED,MEDIUM,LOW,0,0,0.285,ANOMALY,true,-0.055458,0.555
2026-09-09T15:27:53.406Z,POLAR-001,2026-09-09T15:27:53.406Z,NORMAL,-4.08,25,50,1013.25,0,0,1,0,0,0,8,1.76,34.46,95,0.3,-60.0655,19.911533,9.288,0,55.41,ADAPTIVE,BALANCED,MEDIUM,LOW,0,0,0.285,ANOMALY,true,-0.055458,0.555
2026-09-09T15:27:56.224Z,POLAR-001,2026-09-09T15:27:56.224Z,NORMAL,-4.08,25,50,1013.25,0,0,1,0,0,0,8,1.76,34.46,95,0.3,-60.065484,19.911533,9.29,0,55.37,ADAPTIVE,BALANCED,MEDIUM,LOW,0,0,0.285,ANOMALY,true,-0.055458,0.555
2026-09-09T15:27:58.408Z,POLAR-001,2026-09-09T15:27:58.408Z,NORMAL,-4.08,25,50,1013.25,0,0,1,0,0,0,8,1.76,34.46,95,0.3,-60.065467,19.911533,9.292,0,55.34,ADAPTIVE,BALANCED,MEDIUM,LOW,0,0,0.285,ANOMALY,true,-0.055458,0.555
2026-09-09T15:28:03.412Z,POLAR-001,2026-09-09T15:28:03.412Z,NORMAL,-4.08,25,50,1013.25,0,0,1,0,0,0,8,1.76,34.46,95,0.3,-60.06545,19.911533,9.294,0,55.3,ADAPTIVE,BALANCED,MEDIUM,LOW,0,0,0.285,ANOMALY,true,-0.055458,0.555
2026-09-09T15:28:05.157Z,POLAR-001,2026-09-09T15:28:05.157Z,NORMAL,-4.08,25,50,1013.25,0,0,1,0,0,0,8,1.76,34.46,95,0.3,-60.065433,19.911533,9.296,0,55.27,ADAPTIVE,BALANCED,MEDIUM,LOW,0,0,0.285,ANOMALY,true,-0.055458,0.555
2026-09-09T15:28:08.414Z,POLAR-001,2026-09-09T15:28:08.415Z,NORMAL,-4.08,25,50,1013.25,0,0,1,0,0,0,8,1.76,34.46,95,0.3,-60.065417,19.911533,9.298,0,55.23,ADAPTIVE,BALANCED,MEDIUM,LOW,0,0,0.285,ANOMALY,true,-0.055458,0.555
2026-09-09T15:28:13.415Z,POLAR-001,2026-09-09T15:28:13.415Z,NORMAL,-4.08,25,50,1013.25,0,0,1,0,0,0,8,1.76,34.46,95,0.3,-60.0654,19.911533,9.299,0,55.2,ADAPTIVE,BALANCED,MEDIUM,LOW,0,0,0.285,ANOMALY,true,-0.055458,0.555
2026-09-09T15:28:15.901Z,POLAR-001,2026-09-09T15:28:15.901Z,NORMAL,-4.08,25,50,1013.25,0,0,1,0,0,0,8,1.76,34.46,95,0.3,-60.065383,19.911533,9.301,0,55.16,ADAPTIVE,BALANCED,MEDIUM,LOW,0,0,0.285,ANOMALY,true,-0.055458,0.555
2026-09-09T15:28:18.416Z,POLAR-001,2026-09-09T15:28:18.416Z,NORMAL,-4.08,25,50,1013.25,0,0,1,0,0,0,8,1.76,34.46,95,0.3,-60.065367,19.911533,9.303,0,55.13,ADAPTIVE,BALANCED,MEDIUM,LOW,0,0,0.285,ANOMALY,true,-0.055458,0.555
2026-09-09T15:28:23.419Z,POLAR-001,2026-09-09T15:28:23.419Z,NORMAL,-4.08,25,50,1013.25,0,0,1,0,0,0,8,1.76,34.46,95,0.3,-60.06535,19.911533,9.305,0,55.09,ADAPTIVE,BALANCED,MEDIUM,LOW,0,0,0.285,ANOMALY,true,-0.055458,0.555
2026-09-09T15:28:25.422Z,POLAR-001,2026-09-09T15:28:25.422Z,NORMAL,-4.08,25,50,1013.25,0,0,1,0,0,0,8,1.76,34.46,95,0.3,-60.065333,19.911533,9.307,0,55.06,ADAPTIVE,BALANCED,MEDIUM,LOW,0,0,0.285,ANOMALY,true,-0.055458,0.555
2026-09-09T15:28:28.422Z,POLAR-001,2026-09-09T15:28:28.422Z,NORMAL,-4.08,25,50,1013.25,0,0,1,0,0,0,8,1.76,34.46,95,0.3,-60.065317,19.911533,9.309,0,55.02,ADAPTIVE,BALANCED,MEDIUM,LOW,0,0,0.285,ANOMALY,true,-0.055458,0.555
2026-09-09T15:28:33.428Z,POLAR-001,2026-09-09T15:28:33.428Z,NORMAL,-4.08,25,50,1013.25,0,0,1,0,0,0,8,1.76,34.46,95,0.3,-60.0653,19.911533,9.311,0,54.99,ADAPTIVE,BALANCED,MEDIUM,LOW,0,0,0.285,ANOMALY,true,-0.055458,0.555
2026-09-09T15:28:35.363Z,POLAR-001,2026-09-09T15:28:35.363Z,NORMAL,-4.08,25,50,1013.25,0,0,1,0,0,0,8,1.76,34.46,95,0.3,-60.065283,19.911533,9.312,0,54.95,ADAPTIVE,BALANCED,MEDIUM,LOW,0,0,0.285,ANOMALY,true,-0.055458,0.555
2026-09-09T15:28:38.429Z,POLAR-001,2026-09-09T15:28:38.429Z,NORMAL,-4.08,25,50,1013.25,0,0,1,0,0,0,8,1.76,34.46,95,0.3,-60.065267,19.911533,9.314,0,54.92,ADAPTIVE,BALANCED,MEDIUM,LOW,0,0,0.285,ANOMALY,true,-0.055458,0.555
2026-09-09T15:28:43.435Z,POLAR-001,2026-09-09T15:28:43.435Z,NORMAL,-4.08,25,50,1013.25,0,0,1,0,0,0,8,1.76,34.46,95,0.3,-60.06525,19.911533,9.316,0,54.88,ADAPTIVE,BALANCED,MEDIUM,LOW,0,0,0.285,ANOMALY,true,-0.055458,0.555
2026-09-09T15:28:45.334Z,POLAR-001,2026-09-09T15:28:45.334Z,NORMAL,-4.08,25,50,1013.25,0,0,1,0,0,0,8,1.76,34.46,95,0.3,-60.065233,19.911533,9.318,0,54.85,ADAPTIVE,BALANCED,MEDIUM,LOW,0,0,0.285,ANOMALY,true,-0.055458,0.555
2026-09-09T15:28:48.436Z,POLAR-001,2026-09-09T15:28:48.436Z,NORMAL,-4.08,25,50,1013.25,0,0,1,0,0,0,8,1.76,34.46,95,0.3,-60.065217,19.911533,9.32,0,54.81,ADAPTIVE,BALANCED,MEDIUM,LOW,0,0,0.285,ANOMALY,true,-0.055458,0.555
2026-09-09T15:28:53.438Z,POLAR-001,2026-09-09T15:28:53.438Z,NORMAL,-4.08,25,50,1013.25,0,0,1,0,0,0,8,1.76,34.46,95,0.3,-60.0652,19.911533,9.322,0,54.78,ADAPTIVE,BALANCED,MEDIUM,LOW,0,0,0.285,ANOMALY,true,-0.055458,0.555
2026-09-09T15:28:55.522Z,POLAR-001,2026-09-09T15:28:55.522Z,NORMAL,-4.08,25,50,1013.25,0,0,1,0,0,0,8,1.76,34.46,95,0.3,-60.065183,19.911533,9.324,0,54.74,ADAPTIVE,BALANCED,MEDIUM,LOW,0,0,0.285,ANOMALY,true,-0.055458,0.555
2026-09-09T15:28:58.442Z,POLAR-001,2026-09-09T15:28:58.442Z,NORMAL,-4.08,25,50,1013.25,0,0,1,0,0,0,8,1.76,34.46,95,0.3,-60.065167,19.911533,9.325,0,54.71,ADAPTIVE,BALANCED,MEDIUM,LOW,0,0,0.285,ANOMALY,true,-0.055458,0.555
2026-09-09T15:29:03.454Z,POLAR-001,2026-09-09T15:29:03.455Z,NORMAL,-4.08,25,50,1013.25,0,0,1,0,0,0,8,1.76,34.46,95,0.3,-60.06515,19.911533,9.327,0,54.67,ADAPTIVE,BALANCED,MEDIUM,LOW,0,0,0.285,ANOMALY,true,-0.055458,0.555
2026-09-09T15:29:05.581Z,POLAR-001,2026-09-09T15:29:05.581Z,NORMAL,-4.08,25,50,1013.25,0,0,1,0,0,0,8,1.76,34.46,95,0.3,-60.065133,19.911533,9.329,0,54.64,ADAPTIVE,BALANCED,MEDIUM,LOW,0,0,0.285,ANOMALY,true,-0.055458,0.555
2026-09-09T15:29:08.461Z,POLAR-001,2026-09-09T15:29:08.461Z,NORMAL,-4.08,25,50,1013.25,0,0,1,0,0,0,8,1.76,34.46,95,0.3,-60.065116,19.911533,9.331,0,54.6,ADAPTIVE,BALANCED,MEDIUM,LOW,0,0,0.285,ANOMALY,true,-0.055458,0.555
2026-09-09T15:29:13.467Z,POLAR-001,2026-09-09T15:29:13.467Z,NORMAL,-4.08,25,50,1013.25,0,0,1,0,0,0,8,1.76,34.46,95,0.3,-60.0651,19.911533,9.333,0,54.57,ADAPTIVE,BALANCED,MEDIUM,LOW,0,0,0.285,ANOMALY,true,-0.055458,0.555
2026-09-09T15:29:15.452Z,POLAR-001,2026-09-09T15:29:15.452Z,NORMAL,-4.08,25,50,1013.25,0,0,1,0,0,0,8,1.76,34.46,95,0.3,-60.065083,19.911533,9.335,0,54.53,ADAPTIVE,BALANCED,MEDIUM,LOW,0,0,0.285,ANOMALY,true,-0.055458,0.555
2026-09-09T15:29:18.473Z,POLAR-001,2026-09-09T15:29:18.473Z,NORMAL,-4.08,25,50,1013.25,0,0,1,0,0,0,8,1.76,34.46,95,0.3,-60.065066,19.911533,9.336,0,54.5,ADAPTIVE,BALANCED,MEDIUM,LOW,0,0,0.285,ANOMALY,true,-0.055458,0.555
2026-09-09T15:29:23.475Z,POLAR-001,2026-09-09T15:29:23.475Z,NORMAL,-4.08,25,50,1013.25,0,0,1,0,0,0,8,1.76,34.46,95,0.3,-60.06505,19.911533,9.338,0,54.46,ADAPTIVE,BALANCED,MEDIUM,LOW,0,0,0.285,ANOMALY,true,-0.055458,0.555
2026-09-09T15:29:25.551Z,POLAR-001,2026-09-09T15:29:25.551Z,NORMAL,-4.08,25,50,1013.25,0,0,1,0,0,0,8,1.76,34.46,95,0.3,-60.065033,19.911533,9.34,0,54.43,ADAPTIVE,BALANCED,MEDIUM,LOW,0,0,0.285,ANOMALY,true,-0.055458,0.555
2026-09-09T15:29:28.478Z,POLAR-001,2026-09-09T15:29:28.478Z,NORMAL,-4.08,25,50,1013.25,0,0,1,0,0,0,8,1.76,34.46,95,0.3,-60.065016,19.911533,9.342,0,54.39,ADAPTIVE,BALANCED,MEDIUM,LOW,0,0,0.285,ANOMALY,true,-0.055458,0.555
2026-09-09T15:29:33.486Z,POLAR-001,2026-09-09T15:29:33.486Z,NORMAL,-4.08,25,50,1013.25,0,0,1,0,0,0,8,1.76,34.46,95,0.3,-60.065,19.911533,9.344,0,54.36,ADAPTIVE,BALANCED,MEDIUM,LOW,0,0,0.285,ANOMALY,true,-0.055458,0.555
2026-09-09T15:29:35.627Z,POLAR-001,2026-09-09T15:29:35.627Z,NORMAL,-4.08,25,50,1013.25,0,0,1,0,0,0,8,1.76,34.46,95,0.3,-60.064983,19.911533,9.346,0,54.32,ADAPTIVE,BALANCED,MEDIUM,LOW,0,0,0.285,ANOMALY,true,-0.055458,0.555
2026-09-09T15:29:38.491Z,POLAR-001,2026-09-09T15:29:38.491Z,NORMAL,-4.08,25,50,1013.25,0,0,1,0,0,0,8,1.76,34.46,95,0.3,-60.064966,19.911533,9.348,0,54.29,ADAPTIVE,BALANCED,MEDIUM,LOW,0,0,0.285,ANOMALY,true,-0.055458,0.555
2026-09-09T15:29:43.492Z,POLAR-001,2026-09-09T15:29:43.492Z,NORMAL,-4.08,25,50,1013.25,0,0,1,0,0,0,8,1.76,34.46,95,0.3,-60.06495,19.911533,9.349,0,54.25,ADAPTIVE,BALANCED,MEDIUM,LOW,0,0,0.285,ANOMALY,true,-0.055458,0.555
2026-09-09T15:29:45.647Z,POLAR-001,2026-09-09T15:29:45.647Z,NORMAL,-4.08,25,50,1013.25,0,0,1,0,0,0,8,1.76,34.46,95,0.3,-60.064933,19.911533,9.351,0,54.22,ADAPTIVE,BALANCED,MEDIUM,LOW,0,0,0.285,ANOMALY,true,-0.055458,0.555
2026-09-09T15:29:48.494Z,POLAR-001,2026-09-09T15:29:48.494Z,NORMAL,-4.08,25,50,1013.25,0,0,1,0,0,0,8,1.76,34.46,95,0.3,-60.064916,19.911533,9.353,0,54.18,ADAPTIVE,BALANCED,MEDIUM,LOW,0,0,0.285,ANOMALY,true,-0.055458,0.555
2026-09-09T15:29:53.508Z,POLAR-001,2026-09-09T15:29:53.508Z,NORMAL,-4.08,25,50,1013.25,0,0,1,0,0,0,8,1.76,34.46,95,0.3,-60.0649,19.911533,9.355,0,54.15,ADAPTIVE,BALANCED,MEDIUM,LOW,0,0,0.285,ANOMALY,true,-0.055458,0.555
2026-09-09T15:29:56.343Z,POLAR-001,2026-09-09T15:29:56.343Z,NORMAL,-4.08,25,50,1013.25,0,0,1,0,0,0,8,1.76,34.46,95,0.3,-60.064883,19.911533,9.357,0,54.11,ADAPTIVE,BALANCED,MEDIUM,LOW,0,0,0.285,ANOMALY,true,-0.055458,0.555
2026-09-09T15:29:58.518Z,POLAR-001,2026-09-09T15:29:58.518Z,NORMAL,-4.08,25,50,1013.25,0,0,1,0,0,0,8,1.76,34.46,95,0.3,-60.064866,19.911533,9.359,0,54.08,ADAPTIVE,BALANCED,MEDIUM,LOW,0,0,0.285,ANOMALY,true,-0.055458,0.555
2026-09-09T15:30:03.523Z,POLAR-001,2026-09-09T15:30:03.523Z,NORMAL,-4.08,25,50,1013.25,0,0,1,0,0,0,8,1.76,34.46,95,0.3,-60.06485,19.911533,9.361,0,54.04,ADAPTIVE,BALANCED,MEDIUM,LOW,0,0,0.285,ANOMALY,true,-0.055458,0.555
2026-09-09T15:30:05.766Z,POLAR-001,2026-09-09T15:30:05.766Z,NORMAL,-4.08,25,50,1013.25,0,0,1,0,0,0,8,1.76,34.46,95,0.3,-60.064833,19.911533,9.362,0,54.01,ADAPTIVE,BALANCED,MEDIUM,LOW,0,0,0.285,ANOMALY,true,-0.055458,0.555
2026-09-09T15:30:08.523Z,POLAR-001,2026-09-09T15:30:08.523Z,NORMAL,-4.08,25,50,1013.25,0,0,1,0,0,0,8,1.76,34.46,95,0.3,-60.064816,19.911533,9.364,0,53.97,ADAPTIVE,BALANCED,MEDIUM,LOW,0,0,0.285,ANOMALY,true,-0.055458,0.555
2026-09-09T15:30:13.526Z,POLAR-001,2026-09-09T15:30:13.526Z,NORMAL,-4.08,25,50,1013.25,0,0,1,0,0,0,8,1.76,34.46,95,0.3,-60.064799,19.911533,9.366,0,53.94,ADAPTIVE,BALANCED,MEDIUM,LOW,0,0,0.285,ANOMALY,true,-0.055458,0.555
2026-09-09T15:30:15.692Z,POLAR-001,2026-09-09T15:30:15.692Z,NORMAL,-4.08,25,50,1013.25,0,0,1,0,0,0,8,1.76,34.46,95,0.3,-60.064783,19.911533,9.368,0,53.9,ADAPTIVE,BALANCED,MEDIUM,LOW,0,0,0.285,ANOMALY,true,-0.055458,0.555
2026-09-09T15:30:18.527Z,POLAR-001,2026-09-09T15:30:18.527Z,NORMAL,-4.08,25,50,1013.25,0,0,1,0,0,0,8,1.76,34.46,95,0.3,-60.064766,19.911533,9.37,0,53.87,ADAPTIVE,BALANCED,MEDIUM,LOW,0,0,0.285,ANOMALY,true,-0.055458,0.555
2026-09-09T15:30:23.538Z,POLAR-001,2026-09-09T15:30:23.538Z,NORMAL,-4.08,25,50,1013.25,0,0,1,0,0,0,8,1.76,34.46,95,0.3,-60.064749,19.911533,9.372,0,53.83,ADAPTIVE,BALANCED,MEDIUM,LOW,0,0,0.285,ANOMALY,true,-0.055458,0.555
2026-09-09T15:30:25.832Z,POLAR-001,2026-09-09T15:30:25.832Z,NORMAL,-4.08,25,50,1013.25,0,0,1,0,0,0,8,1.76,34.46,95,0.3,-60.064733,19.911533,9.374,0,53.8,ADAPTIVE,BALANCED,MEDIUM,LOW,0,0,0.285,ANOMALY,true,-0.055458,0.555
2026-09-09T15:30:28.546Z,POLAR-001,2026-09-09T15:30:28.546Z,NORMAL,-4.08,25,50,1013.25,0,0,1,0,0,0,8,1.76,34.46,95,0.3,-60.064716,19.911533,9.375,0,53.76,ADAPTIVE,BALANCED,MEDIUM,LOW,0,0,0.285,ANOMALY,true,-0.055458,0.555
2026-09-09T15:30:33.555Z,POLAR-001,2026-09-09T15:30:33.555Z,NORMAL,-4.08,25,50,1013.25,0,0,1,0,0,0,8,1.76,34.46,95,0.3,-60.064699,19.911533,9.377,0,53.73,ADAPTIVE,BALANCED,MEDIUM,LOW,0,0,0.285,ANOMALY,true,-0.055458,0.555
2026-09-09T15:30:36.519Z,POLAR-001,2026-09-09T15:30:36.519Z,NORMAL,-4.08,25,50,1013.25,0,0,1,0,0,0,8,1.76,34.46,95,0.3,-60.064683,19.911533,9.379,0,53.69,ADAPTIVE,BALANCED,MEDIUM,LOW,0,0,0.285,ANOMALY,true,-0.055458,0.555
2026-09-09T15:30:38.555Z,POLAR-001,2026-09-09T15:30:38.555Z,NORMAL,-4.08,25,50,1013.25,0,0,1,0,0,0,8,1.76,34.46,95,0.3,-60.064666,19.911533,9.381,0,53.66,ADAPTIVE,BALANCED,MEDIUM,LOW,0,0,0.285,ANOMALY,true,-0.055458,0.555
2026-09-09T15:30:43.565Z,POLAR-001,2026-09-09T15:30:43.565Z,NORMAL,-4.08,25,50,1013.25,0,0,1,0,0,0,8,1.76,34.46,95,0.3,-60.064649,19.911533,9.383,0,53.62,ADAPTIVE,BALANCED,MEDIUM,LOW,0,0,0.285,ANOMALY,true,-0.055458,0.555
2026-09-09T15:30:45.827Z,POLAR-001,2026-09-09T15:30:45.827Z,NORMAL,-4.08,25,50,1013.25,0,0,1,0,0,0,8,1.76,34.46,95,0.3,-60.064633,19.911533,9.385,0,53.59,ADAPTIVE,BALANCED,MEDIUM,LOW,0,0,0.285,ANOMALY,true,-0.055458,0.555
2026-09-09T15:30:48.572Z,POLAR-001,2026-09-09T15:30:48.572Z,NORMAL,-4.08,25,50,1013.25,0,0,1,0,0,0,8,1.76,34.46,95,0.3,-60.064616,19.911533,9.386,0,53.55,ADAPTIVE,BALANCED,MEDIUM,LOW,0,0,0.285,ANOMALY,true,-0.055458,0.555
2026-09-09T15:30:53.584Z,POLAR-001,2026-09-09T15:30:53.584Z,NORMAL,-4.08,25,50,1013.25,0,0,1,0,0,0,8,1.76,34.46,95,0.3,-60.064599,19.911533,9.388,0,53.52,ADAPTIVE,BALANCED,MEDIUM,LOW,0,0,0.285,ANOMALY,true,-0.055458,0.555
2026-09-09T15:30:56.022Z,POLAR-001,2026-09-09T15:30:56.022Z,NORMAL,-4.08,25,50,1013.25,0,0,1,0,0,0,8,1.76,34.46,95,0.3,-60.064583,19.911533,9.39,0,53.48,ADAPTIVE,BALANCED,MEDIUM,LOW,0,0,0.285,ANOMALY,true,-0.055458,0.555
2026-09-09T15:30:58.599Z,POLAR-001,2026-09-09T15:30:58.599Z,NORMAL,-4.08,25,50,1013.25,0,0,1,0,0,0,8,1.76,34.46,95,0.3,-60.064566,19.911533,9.392,0,53.45,ADAPTIVE,BALANCED,MEDIUM,LOW,0,0,0.285,ANOMALY,true,-0.055458,0.555
2026-09-09T15:31:03.599Z,POLAR-001,2026-09-09T15:31:03.599Z,NORMAL,-4.08,25,50,1013.25,0,0,1,0,0,0,8,1.76,34.46,95,0.3,-60.064549,19.911533,9.394,0,53.41,ADAPTIVE,BALANCED,MEDIUM,LOW,0,0,0.285,ANOMALY,true,-0.055458,0.555
2026-09-09T15:31:06.010Z,POLAR-001,2026-09-09T15:31:06.010Z,NORMAL,-4.08,25,50,1013.25,0,0,1,0,0,0,8,1.76,34.46,95,0.3,-60.064533,19.911533,9.396,0,53.38,ADAPTIVE,BALANCED,MEDIUM,LOW,0,0,0.285,ANOMALY,true,-0.055458,0.555
2026-09-09T15:31:08.603Z,POLAR-001,2026-09-09T15:31:08.603Z,NORMAL,-4.08,25,50,1013.25,0,0,1,0,0,0,8,1.76,34.46,95,0.3,-60.064516,19.911533,9.398,0,53.34,ADAPTIVE,BALANCED,MEDIUM,LOW,0,0,0.285,ANOMALY,true,-0.055458,0.555
2026-09-09T15:31:13.616Z,POLAR-001,2026-09-09T15:31:13.616Z,NORMAL,-4.08,25,50,1013.25,0,0,1,0,0,0,8,1.76,34.46,95,0.3,-60.064499,19.911533,9.399,0,53.31,ADAPTIVE,BALANCED,MEDIUM,LOW,0,0,0.285,ANOMALY,true,-0.055458,0.555
2026-09-09T15:31:15.925Z,POLAR-001,2026-09-09T15:31:15.925Z,NORMAL,-4.08,25,50,1013.25,0,0,1,0,0,0,8,1.76,34.46,95,0.3,-60.064482,19.911533,9.401,0,53.27,ADAPTIVE,BALANCED,MEDIUM,LOW,0,0,0.285,ANOMALY,true,-0.055458,0.555
2026-09-09T15:31:18.619Z,POLAR-001,2026-09-09T15:31:18.619Z,NORMAL,-4.08,25,50,1013.25,0,0,1,0,0,0,8,1.76,34.46,95,0.3,-60.064466,19.911533,9.403,0,53.24,ADAPTIVE,BALANCED,MEDIUM,LOW,0,0,0.285,ANOMALY,true,-0.055458,0.555
2026-09-09T15:31:23.622Z,POLAR-001,2026-09-09T15:31:23.622Z,NORMAL,-4.08,25,50,1013.25,0,0,1,0,0,0,8,1.76,34.46,95,0.3,-60.064449,19.911533,9.405,0,53.2,ADAPTIVE,BALANCED,MEDIUM,LOW,0,0,0.285,ANOMALY,true,-0.055458,0.555
2026-09-09T15:31:26.821Z,POLAR-001,2026-09-09T15:31:26.821Z,NORMAL,-4.08,25,50,1013.25,0,0,1,0,0,0,8,1.76,34.46,95,0.3,-60.064432,19.911533,9.407,0,53.17,ADAPTIVE,BALANCED,MEDIUM,LOW,0,0,0.285,ANOMALY,true,-0.055458,0.555
2026-09-09T15:31:28.628Z,POLAR-001,2026-09-09T15:31:28.628Z,NORMAL,-4.08,25,50,1013.25,0,0,1,0,0,0,8,1.76,34.46,95,0.3,-60.064416,19.911533,9.409,0,53.13,ADAPTIVE,BALANCED,MEDIUM,LOW,0,0,0.285,ANOMALY,true,-0.055458,0.555
2026-09-09T15:31:33.631Z,POLAR-001,2026-09-09T15:31:33.631Z,NORMAL,-4.08,25,50,1013.25,0,0,1,0,0,0,8,1.76,34.46,95,0.3,-60.064399,19.911533,9.411,0,53.1,ADAPTIVE,BALANCED,MEDIUM,LOW,0,0,0.285,ANOMALY,true,-0.055458,0.555
2026-09-09T15:31:36.776Z,POLAR-001,2026-09-09T15:31:36.776Z,NORMAL,-4.08,25,50,1013.25,0,0,1,0,0,0,8,1.76,34.46,95,0.3,-60.064382,19.911533,9.412,0,53.06,ADAPTIVE,BALANCED,MEDIUM,LOW,0,0,0.285,ANOMALY,true,-0.055458,0.555
2026-09-09T15:31:38.638Z,POLAR-001,2026-09-09T15:31:38.638Z,NORMAL,-4.08,25,50,1013.25,0,0,1,0,0,0,8,1.76,34.46,95,0.3,-60.064366,19.911533,9.414,0,53.03,ADAPTIVE,BALANCED,MEDIUM,LOW,0,0,0.285,ANOMALY,true,-0.055458,0.555
2026-09-09T15:31:43.641Z,POLAR-001,2026-09-09T15:31:43.641Z,NORMAL,-4.08,25,50,1013.25,0,0,1,0,0,0,8,1.76,34.46,95,0.3,-60.064349,19.911533,9.416,0,52.99,ADAPTIVE,BALANCED,MEDIUM,LOW,0,0,0.285,ANOMALY,true,-0.055458,0.555
2026-09-09T15:31:46.474Z,POLAR-001,2026-09-09T15:31:46.474Z,NORMAL,-4.08,25,50,1013.25,0,0,1,0,0,0,8,1.76,34.46,95,0.3,-60.064332,19.911533,9.418,0,52.96,ADAPTIVE,BALANCED,MEDIUM,LOW,0,0,0.285,ANOMALY,true,-0.055458,0.555
2026-09-09T15:31:48.650Z,POLAR-001,2026-09-09T15:31:48.650Z,NORMAL,-4.08,25,50,1013.25,0,0,1,0,0,0,8,1.76,34.46,95,0.3,-60.064316,19.911533,9.42,0,52.92,ADAPTIVE,BALANCED,MEDIUM,LOW,0,0,0.285,ANOMALY,true,-0.055458,0.555
2026-09-09T15:31:53.657Z,POLAR-001,2026-09-09T15:31:53.657Z,NORMAL,-4.08,25,50,1013.25,0,0,1,0,0,0,8,1.76,34.46,95,0.3,-60.064299,19.911533,9.422,0,52.89,ADAPTIVE,BALANCED,MEDIUM,LOW,0,0,0.285,ANOMALY,true,-0.055458,0.555
2026-09-09T15:31:56.181Z,POLAR-001,2026-09-09T15:31:56.181Z,NORMAL,-4.08,25,50,1013.25,0,0,1,0,0,0,8,1.76,34.46,95,0.3,-60.064282,19.911533,9.424,0,52.85,ADAPTIVE,BALANCED,MEDIUM,LOW,0,0,0.285,ANOMALY,true,-0.055458,0.555
2026-09-09T15:31:58.665Z,POLAR-001,2026-09-09T15:31:58.665Z,NORMAL,-4.08,25,50,1013.25,0,0,1,0,0,0,8,1.76,34.46,95,0.3,-60.064266,19.911533,9.425,0,52.82,ADAPTIVE,BALANCED,MEDIUM,LOW,0,0,0.285,ANOMALY,true,-0.055458,0.555
2026-09-09T15:32:03.679Z,POLAR-001,2026-09-09T15:32:03.679Z,NORMAL,-4.08,25,50,1013.25,0,0,1,0,0,0,8,1.76,34.46,95,0.3,-60.064249,19.911533,9.427,0,52.78,ADAPTIVE,BALANCED,MEDIUM,LOW,0,0,0.285,ANOMALY,true,-0.055458,0.555
2026-09-09T15:32:06.923Z,POLAR-001,2026-09-09T15:32:06.923Z,NORMAL,-4.08,25,50,1013.25,0,0,1,0,0,0,8,1.76,34.46,95,0.3,-60.064232,19.911533,9.429,0,52.75,ADAPTIVE,BALANCED,MEDIUM,LOW,0,0,0.285,ANOMALY,true,-0.055458,0.555
2026-09-09T15:32:08.688Z,POLAR-001,2026-09-09T15:32:08.688Z,NORMAL,-4.08,25,50,1013.25,0,0,1,0,0,0,8,1.76,34.46,95,0.3,-60.064216,19.911533,9.431,0,52.71,ADAPTIVE,BALANCED,MEDIUM,LOW,0,0,0.285,ANOMALY,true,-0.055458,0.555
2026-09-09T15:32:13.691Z,POLAR-001,2026-09-09T15:32:13.691Z,NORMAL,-4.08,25,50,1013.25,0,0,1,0,0,0,8,1.76,34.46,95,0.3,-60.064199,19.911533,9.433,0,52.68,ADAPTIVE,BALANCED,MEDIUM,LOW,0,0,0.285,ANOMALY,true,-0.055458,0.555
2026-09-09T15:32:16.282Z,POLAR-001,2026-09-09T15:32:16.282Z,NORMAL,-4.08,25,50,1013.25,0,0,1,0,0,0,8,1.76,34.46,95,0.3,-60.064182,19.911533,9.435,0,52.64,ADAPTIVE,BALANCED,MEDIUM,LOW,0,0,0.285,ANOMALY,true,-0.055458,0.555
2026-09-09T15:32:18.700Z,POLAR-001,2026-09-09T15:32:18.700Z,NORMAL,-4.08,25,50,1013.25,0,0,1,0,0,0,8,1.76,34.46,95,0.3,-60.064165,19.911533,9.436,0,52.61,ADAPTIVE,BALANCED,MEDIUM,LOW,0,0,0.285,ANOMALY,true,-0.055458,0.555
2026-09-09T15:32:23.702Z,POLAR-001,2026-09-09T15:32:23.702Z,NORMAL,-4.08,25,50,1013.25,0,0,1,0,0,0,8,1.76,34.46,95,0.3,-60.064149,19.911533,9.438,0,52.57,ADAPTIVE,BALANCED,MEDIUM,LOW,0,0,0.285,ANOMALY,true,-0.055458,0.555
2026-09-09T15:32:26.354Z,POLAR-001,2026-09-09T15:32:26.354Z,NORMAL,-4.08,25,50,1013.25,0,0,1,0,0,0,8,1.76,34.46,95,0.3,-60.064132,19.911533,9.44,0,52.54,ADAPTIVE,BALANCED,MEDIUM,LOW,0,0,0.285,ANOMALY,true,-0.055458,0.555
2026-09-09T15:32:28.705Z,POLAR-001,2026-09-09T15:32:28.705Z,NORMAL,-4.08,25,50,1013.25,0,0,1,0,0,0,8,1.76,34.46,95,0.3,-60.064115,19.911533,9.442,0,52.5,ADAPTIVE,BALANCED,MEDIUM,LOW,0,0,0.285,ANOMALY,true,-0.055458,0.555
2026-09-09T15:32:33.711Z,POLAR-001,2026-09-09T15:32:33.711Z,NORMAL,-4.08,25,50,1013.25,0,0,1,0,0,0,8,1.76,34.46,95,0.3,-60.064099,19.911533,9.444,0,52.47,ADAPTIVE,BALANCED,MEDIUM,LOW,0,0,0.285,ANOMALY,true,-0.055458,0.555
2026-09-09T15:32:36.525Z,POLAR-001,2026-09-09T15:32:36.525Z,NORMAL,-4.08,25,50,1013.25,0,0,1,0,0,0,8,1.76,34.46,95,0.3,-60.064082,19.911533,9.446,0,52.43,ADAPTIVE,BALANCED,MEDIUM,LOW,0,0,0.285,ANOMALY,true,-0.055458,0.555
2026-09-09T15:32:38.724Z,POLAR-001,2026-09-09T15:32:38.724Z,NORMAL,-4.08,25,50,1013.25,0,0,1,0,0,0,8,1.76,34.46,95,0.3,-60.064065,19.911533,9.448,0,52.4,ADAPTIVE,BALANCED,MEDIUM,LOW,0,0,0.285,ANOMALY,true,-0.055458,0.555
2026-09-09T15:32:43.728Z,POLAR-001,2026-09-09T15:32:43.728Z,NORMAL,-4.08,25,50,1013.25,0,0,1,0,0,0,8,1.76,34.46,95,0.3,-60.064049,19.911533,9.449,0,52.36,ADAPTIVE,BALANCED,MEDIUM,LOW,0,0,0.285,ANOMALY,true,-0.055458,0.555
2026-09-09T15:32:46.521Z,POLAR-001,2026-09-09T15:32:46.521Z,NORMAL,-4.08,25,50,1013.25,0,0,1,0,0,0,8,1.76,34.46,95,0.3,-60.064032,19.911533,9.451,0,52.33,ADAPTIVE,BALANCED,MEDIUM,LOW,0,0,0.285,ANOMALY,true,-0.055458,0.555
2026-09-09T15:32:48.732Z,POLAR-001,2026-09-09T15:32:48.732Z,NORMAL,-4.08,25,50,1013.25,0,0,1,0,0,0,8,1.76,34.46,95,0.3,-60.064015,19.911533,9.453,0,52.29,ADAPTIVE,BALANCED,MEDIUM,LOW,0,0,0.285,ANOMALY,true,-0.055458,0.555
2026-09-09T15:32:53.735Z,POLAR-001,2026-09-09T15:32:53.735Z,NORMAL,-4.08,25,50,1013.25,0,0,1,0,0,0,8,1.76,34.46,95,0.3,-60.063999,19.911533,9.455,0,52.26,ADAPTIVE,BALANCED,MEDIUM,LOW,0,0,0.285,ANOMALY,true,-0.055458,0.555
2026-09-09T15:32:56.539Z,POLAR-001,2026-09-09T15:32:56.539Z,NORMAL,-4.08,25,50,1013.25,0,0,1,0,0,0,8,1.76,34.46,95,0.3,-60.063982,19.911533,9.457,0,52.22,ADAPTIVE,BALANCED,MEDIUM,LOW,0,0,0.285,ANOMALY,true,-0.055458,0.555
2026-09-09T15:32:58.739Z,POLAR-001,2026-09-09T15:32:58.739Z,NORMAL,-4.08,25,50,1013.25,0,0,1,0,0,0,8,1.76,34.46,95,0.3,-60.063965,19.911533,9.459,0,52.19,ADAPTIVE,BALANCED,MEDIUM,LOW,0,0,0.285,ANOMALY,true,-0.055458,0.555
2026-09-09T15:33:03.750Z,POLAR-001,2026-09-09T15:33:03.750Z,NORMAL,-4.08,25,50,1013.25,0,0,1,0,0,0,8,1.76,34.46,95,0.3,-60.063949,19.911533,9.461,0,52.15,ADAPTIVE,BALANCED,MEDIUM,LOW,0,0,0.285,ANOMALY,true,-0.055458,0.555
2026-09-09T15:33:06.847Z,POLAR-001,2026-09-09T15:33:06.847Z,NORMAL,-4.08,25,50,1013.25,0,0,1,0,0,0,8,1.76,34.46,95,0.3,-60.063932,19.911533,9.462,0,52.12,ADAPTIVE,BALANCED,MEDIUM,LOW,0,0,0.285,ANOMALY,true,-0.055458,0.555
2026-09-09T15:33:08.759Z,POLAR-001,2026-09-09T15:33:08.759Z,NORMAL,-4.08,25,50,1013.25,0,0,1,0,0,0,8,1.76,34.46,95,0.3,-60.063915,19.911533,9.464,0,52.08,ADAPTIVE,BALANCED,MEDIUM,LOW,0,0,0.285,ANOMALY,true,-0.055458,0.555
2026-09-09T15:33:13.768Z,POLAR-001,2026-09-09T15:33:13.768Z,NORMAL,-4.08,25,50,1013.25,0,0,1,0,0,0,8,1.76,34.46,95,0.3,-60.063898,19.911533,9.466,0,52.05,ADAPTIVE,BALANCED,MEDIUM,LOW,0,0,0.285,ANOMALY,true,-0.055458,0.555
2026-09-09T15:33:17.365Z,POLAR-001,2026-09-09T15:33:17.365Z,NORMAL,-4.08,25,50,1013.25,0,0,1,0,0,0,8,1.76,34.46,95,0.3,-60.063882,19.911533,9.468,0,52.01,ADAPTIVE,BALANCED,MEDIUM,LOW,0,0,0.285,ANOMALY,true,-0.055458,0.555
2026-09-09T15:33:18.778Z,POLAR-001,2026-09-09T15:33:18.778Z,NORMAL,-4.08,25,50,1013.25,0,0,1,0,0,0,8,1.76,34.46,95,0.3,-60.063865,19.911533,9.47,0,51.98,ADAPTIVE,BALANCED,MEDIUM,LOW,0,0,0.285,ANOMALY,true,-0.055458,0.555
2026-09-09T15:33:23.790Z,POLAR-001,2026-09-09T15:33:23.790Z,NORMAL,-4.08,25,50,1013.25,0,0,1,0,0,0,8,1.76,34.46,95,0.3,-60.063848,19.911533,9.472,0,51.94,ADAPTIVE,BALANCED,MEDIUM,LOW,0,0,0.285,ANOMALY,true,-0.055458,0.555
2026-09-09T15:33:27.383Z,POLAR-001,2026-09-09T15:33:27.383Z,NORMAL,-4.08,25,50,1013.25,0,0,1,0,0,0,8,1.76,34.46,95,0.3,-60.063832,19.911533,9.474,0,51.91,ADAPTIVE,BALANCED,MEDIUM,LOW,0,0,0.285,ANOMALY,true,-0.055458,0.555
2026-09-09T15:33:28.805Z,POLAR-001,2026-09-09T15:33:28.805Z,NORMAL,-4.08,25,50,1013.25,0,0,1,0,0,0,8,1.76,34.46,95,0.3,-60.063815,19.911533,9.475,0,51.87,ADAPTIVE,BALANCED,MEDIUM,LOW,0,0,0.285,ANOMALY,true,-0.055458,0.555
2026-09-09T15:33:33.819Z,POLAR-001,2026-09-09T15:33:33.819Z,NORMAL,-4.08,25,50,1013.25,0,0,1,0,0,0,8,1.76,34.46,95,0.3,-60.063798,19.911533,9.477,0,51.84,ADAPTIVE,BALANCED,MEDIUM,LOW,0,0,0.285,ANOMALY,true,-0.055458,0.555
2026-09-09T15:33:36.717Z,POLAR-001,2026-09-09T15:33:36.717Z,NORMAL,-4.08,25,50,1013.25,0,0,1,0,0,0,8,1.76,34.46,95,0.3,-60.063782,19.911533,9.479,0,51.8,ADAPTIVE,BALANCED,MEDIUM,LOW,0,0,0.285,ANOMALY,true,-0.055458,0.555
2026-09-09T15:33:38.819Z,POLAR-001,2026-09-09T15:33:38.819Z,NORMAL,-4.08,25,50,1013.25,0,0,1,0,0,0,8,1.76,34.46,95,0.3,-60.063765,19.911533,9.481,0,51.77,ADAPTIVE,BALANCED,MEDIUM,LOW,0,0,0.285,ANOMALY,true,-0.055458,0.555
2026-09-09T15:33:43.824Z,POLAR-001,2026-09-09T15:33:43.824Z,NORMAL,-4.08,25,50,1013.25,0,0,1,0,0,0,8,1.76,34.46,95,0.3,-60.063748,19.911533,9.483,0,51.73,ADAPTIVE,BALANCED,MEDIUM,LOW,0,0,0.285,ANOMALY,true,-0.055458,0.555
2026-09-09T15:33:46.838Z,POLAR-001,2026-09-09T15:33:46.838Z,NORMAL,-4.08,25,50,1013.25,0,0,1,0,0,0,8,1.76,34.46,95,0.3,-60.063732,19.911533,9.485,0,51.7,ADAPTIVE,BALANCED,MEDIUM,LOW,0,0,0.285,ANOMALY,true,-0.055458,0.555
2026-09-09T15:33:48.840Z,POLAR-001,2026-09-09T15:33:48.840Z,NORMAL,-4.08,25,50,1013.25,0,0,1,0,0,0,8,1.76,34.46,95,0.3,-60.063715,19.911533,9.486,0,51.66,ADAPTIVE,BALANCED,MEDIUM,LOW,0,0,0.285,ANOMALY,true,-0.055458,0.555
2026-09-09T15:33:53.843Z,POLAR-001,2026-09-09T15:33:53.843Z,NORMAL,-4.08,25,50,1013.25,0,0,1,0,0,0,8,1.76,34.46,95,0.3,-60.063698,19.911533,9.488,0,51.63,ADAPTIVE,BALANCED,MEDIUM,LOW,0,0,0.285,ANOMALY,true,-0.055458,0.555
2026-09-10T06:36:58.812Z,POLAR-001,2026-09-10T06:36:58.812Z,NORMAL,-4.08,25,50,1013.25,0,0,1,0,0,0,9.3,1.76,33.58,61.5,0.72,-59.999964,20,0.004,0,94.98,NORMAL,POWER_SAVING,LOW,LOW,0,0,0.285,NORMAL,false,0.015068,0.485
2026-09-10T06:37:03.458Z,POLAR-001,2026-09-10T06:37:03.458Z,NORMAL,-4.08,25,50,1013.25,0,0,1,0,0,0,8.6,1.76,33.66,63,0.64,-59.999932,20,0.008,0,94.96,NORMAL,POWER_SAVING,LOW,LOW,0,0,0.285,NORMAL,false,0.015068,0.485
2026-09-10T06:37:08.459Z,POLAR-001,2026-09-10T06:37:08.459Z,NORMAL,-4.08,25,50,1013.25,0,0,1,0,0,0,8,1.76,33.74,64.5,0.56,-59.999904,20,0.011,0,94.94,NORMAL,POWER_SAVING,LOW,LOW,0,0,0.285,NORMAL,false,0.015068,0.485
2026-09-10T06:37:10.098Z,POLAR-001,2026-09-10T06:37:10.098Z,NORMAL,-4.08,25,50,1013.25,0,0,1,0,0,0,8,1.76,33.82,66,0.48,-59.999879,20,0.013,0,94.92,NORMAL,POWER_SAVING,LOW,LOW,0,0,0.285,ANOMALY,true,-0.004113,0.504
2026-09-10T06:37:13.460Z,POLAR-001,2026-09-10T06:37:13.460Z,NORMAL,-4.08,25,50,1013.25,0,0,1,0,0,0,8,1.76,33.9,67.5,0.4,-59.999858,20,0.016,0,94.9,NORMAL,POWER_SAVING,LOW,LOW,0,0,0.285,ANOMALY,true,-0.004113,0.504
2026-09-10T06:37:18.461Z,POLAR-001,2026-09-10T06:37:18.461Z,NORMAL,-4.08,25,50,1013.25,0,0,1,0,0,0,8,1.76,33.98,69,0.32,-59.99984,20,0.018,0,94.88,NORMAL,POWER_SAVING,LOW,LOW,0,0,0.285,ANOMALY,true,-0.004113,0.504
2026-09-10T06:37:21.679Z,POLAR-001,2026-09-10T06:37:21.679Z,NORMAL,-4.08,25,50,1013.25,0,0,1,0,0,0,8,1.76,34.06,70.5,0.3,-59.999824,20,0.02,0,94.86,NORMAL,POWER_SAVING,LOW,LOW,0,0,0.285,ANOMALY,true,-0.027211,0.527
2026-09-10T06:37:23.463Z,POLAR-001,2026-09-10T06:37:23.463Z,NORMAL,-4.08,25,50,1013.25,0,0,1,0,0,0,8,1.76,34.14,72,0.3,-59.999807,20,0.021,0,94.84,NORMAL,POWER_SAVING,LOW,LOW,0,0,0.285,ANOMALY,true,-0.027211,0.527
2026-09-10T06:37:28.463Z,POLAR-001,2026-09-10T06:37:28.463Z,NORMAL,-4.08,25,50,1013.25,0,0,1,0,0,0,8,1.76,34.22,73.5,0.3,-59.99979,20,0.023,0,94.82,NORMAL,POWER_SAVING,LOW,LOW,0,0,0.285,ANOMALY,true,-0.027211,0.527
2026-09-10T06:37:33.465Z,POLAR-001,2026-09-10T06:37:33.465Z,NORMAL,-4.08,25,50,1013.25,0,0,1,0,0,0,8,1.76,34.3,75,0.3,-59.999774,20,0.025,0,94.8,NORMAL,POWER_SAVING,LOW,LOW,0,0,0.285,ANOMALY,true,-0.027211,0.527
2026-09-10T06:37:34.500Z,POLAR-001,2026-09-10T06:37:34.500Z,NORMAL,-4.08,25,50,1013.25,0,0,1,0,0,0,8,1.76,34.36,76.5,0.3,-59.999757,20,0.027,0,94.78,NORMAL,POWER_SAVING,LOW,LOW,0,0,0.285,ANOMALY,true,-0.034274,0.534
2026-09-10T06:37:38.466Z,POLAR-001,2026-09-10T06:37:38.466Z,NORMAL,-4.08,25,50,1013.25,0,0,1,0,0,0,8,1.76,34.37,78,0.3,-59.99974,20,0.029,0,94.76,NORMAL,POWER_SAVING,LOW,LOW,0,0,0.285,ANOMALY,true,-0.034274,0.534
2026-09-10T06:37:43.467Z,POLAR-001,2026-09-10T06:37:43.467Z,NORMAL,-4.08,25,50,1013.25,0,0,1,0,0,0,8,1.76,34.38,79.5,0.3,-59.999724,20,0.031,0,94.74,NORMAL,POWER_SAVING,LOW,LOW,0,0,0.285,ANOMALY,true,-0.034274,0.534
2026-09-10T06:37:48.468Z,POLAR-001,2026-09-10T06:37:48.468Z,NORMAL,-4.08,25,50,1013.25,0,0,1,0,0,0,8,1.76,34.39,81,0.3,-59.999707,20,0.033,0,94.72,NORMAL,POWER_SAVING,LOW,LOW,0,0,0.285,ANOMALY,true,-0.034274,0.534
2026-09-10T06:37:53.469Z,POLAR-001,2026-09-10T06:37:53.469Z,NORMAL,-4.08,25,50,1013.25,0,0,1,0,0,0,8,1.76,34.39,82.5,0.3,-59.99969,20,0.034,0,94.7,NORMAL,POWER_SAVING,LOW,LOW,0,0,0.285,ANOMALY,true,-0.034274,0.534
2026-09-10T06:37:58.470Z,POLAR-001,2026-09-10T06:37:58.470Z,NORMAL,-4.08,25,50,1013.25,0,0,1,0,0,0,8,1.76,34.4,84,0.3,-59.999674,20,0.036,0,94.68,NORMAL,POWER_SAVING,LOW,LOW,0,0,0.285,ANOMALY,true,-0.034274,0.534
2026-09-10T06:38:03.471Z,POLAR-001,2026-09-10T06:38:03.471Z,NORMAL,-4.08,25,50,1013.25,0,0,1,0,0,0,8,1.76,34.41,85.5,0.3,-59.999657,20,0.038,0,94.65,ADAPTIVE,BALANCED,MEDIUM,LOW,0,0,0.285,ANOMALY,true,-0.034274,0.534
2026-09-10T06:38:08.473Z,POLAR-001,2026-09-10T06:38:08.473Z,NORMAL,-4.08,25,50,1013.25,0,0,1,0,0,0,8,1.76,34.42,87,0.3,-59.99964,20,0.04,0,94.61,ADAPTIVE,BALANCED,MEDIUM,LOW,0,0,0.285,ANOMALY,true,-0.034274,0.534
2026-09-10T06:38:13.474Z,POLAR-001,2026-09-10T06:38:13.475Z,NORMAL,-4.08,25,50,1013.25,0,0,1,0,0,0,8,1.76,34.42,88.5,0.3,-59.999624,20,0.042,0,94.58,ADAPTIVE,BALANCED,MEDIUM,LOW,0,0,0.285,ANOMALY,true,-0.034274,0.534
2026-09-10T06:38:18.476Z,POLAR-001,2026-09-10T06:38:18.476Z,NORMAL,-4.08,25,50,1013.25,0,0,1,0,0,0,8,1.76,34.43,90,0.3,-59.999607,20,0.044,0,94.54,ADAPTIVE,BALANCED,MEDIUM,LOW,0,0,0.285,ANOMALY,true,-0.034274,0.534
2026-09-10T06:38:23.477Z,POLAR-001,2026-09-10T06:38:23.477Z,NORMAL,-4.08,25,50,1013.25,0,0,1,0,0,0,8,1.76,34.44,91.5,0.3,-59.99959,20,0.045,0,94.51,ADAPTIVE,BALANCED,MEDIUM,LOW,0,0,0.285,ANOMALY,true,-0.034274,0.534
2026-09-10T06:38:28.478Z,POLAR-001,2026-09-10T06:38:28.479Z,NORMAL,-4.08,25,50,1013.25,0,0,1,0,0,0,8,1.76,34.45,93,0.3,-59.999573,20,0.047,0,94.47,ADAPTIVE,BALANCED,MEDIUM,LOW,0,0,0.285,ANOMALY,true,-0.034274,0.534
2026-09-10T06:38:33.480Z,POLAR-001,2026-09-10T06:38:33.480Z,NORMAL,-4.08,25,50,1013.25,0,0,1,0,0,0,8,1.76,34.45,94.5,0.3,-59.999557,20,0.049,0,94.44,ADAPTIVE,BALANCED,MEDIUM,LOW,0,0,0.285,ANOMALY,true,-0.034274,0.534
2026-09-10T06:38:35.404Z,POLAR-001,2026-09-10T06:38:35.404Z,NORMAL,-4.08,25,50,1013.25,0,0,1,0,0,0,8,1.76,34.46,95,0.3,-59.99954,20,0.051,0,94.4,ADAPTIVE,BALANCED,MEDIUM,LOW,0,0,0.285,ANOMALY,true,-0.055458,0.555
2026-09-10T06:38:38.481Z,POLAR-001,2026-09-10T06:38:38.481Z,NORMAL,-4.08,25,50,1013.25,0,0,1,0,0,0,8,1.76,34.46,95,0.3,-59.999523,20,0.053,0,94.37,ADAPTIVE,BALANCED,MEDIUM,LOW,0,0,0.285,ANOMALY,true,-0.055458,0.555
2026-09-10T06:38:43.483Z,POLAR-001,2026-09-10T06:38:43.483Z,NORMAL,-4.08,25,50,1013.25,0,0,1,0,0,0,8,1.76,34.46,95,0.3,-59.999507,20,0.055,0,94.33,ADAPTIVE,BALANCED,MEDIUM,LOW,0,0,0.285,ANOMALY,true,-0.055458,0.555
2026-09-10T06:38:48.004Z,POLAR-001,2026-09-10T06:38:48.004Z,NORMAL,25,-12.49,36,643.75,0,0,1,0,0,0,8.7,2.01,34.38,93.5,0.38,-59.999486,20,0.057,0,94.3,ADAPTIVE,BALANCED,MEDIUM,LOW,0,1,1,ANOMALY,true,-0.055719,0.556
2026-09-10T06:38:48.483Z,POLAR-001,2026-09-10T06:38:48.484Z,NORMAL,25,-12.49,36,643.75,0,0,1,0,0,0,9.4,2.26,34.3,92,0.46,-59.999461,20,0.06,0,94.26,ADAPTIVE,BALANCED,MEDIUM,LOW,0,1,1,ANOMALY,true,-0.055719,0.556
2026-09-10T06:38:53.484Z,POLAR-001,2026-09-10T06:38:53.484Z,NORMAL,25,-12.49,36,643.75,0,0,1,0,0,0,10.1,2.51,34.22,90.5,0.54,-59.999432,20,0.063,0,94.23,ADAPTIVE,BALANCED,MEDIUM,LOW,0,1,1,ANOMALY,true,-0.055719,0.556
2026-09-10T06:38:58.485Z,POLAR-001,2026-09-10T06:38:58.485Z,NORMAL,25,-12.49,36,643.75,0,0,1,0,0,0,10.8,2.76,34.14,89,0.62,-59.999399,20,0.067,0,94.19,ADAPTIVE,BALANCED,MEDIUM,LOW,0,1,1,ANOMALY,true,-0.055719,0.556
2026-09-10T06:39:01.116Z,POLAR-001,2026-09-10T06:39:01.116Z,NORMAL,-11.24,-12.49,36,643.75,-0.87,-1.04,-0.99,90,-156,90,11.5,3.01,34.22,90.5,0.7,-59.999447,19.999887,0.075,230.1,94.1,HIGH_FREQUENCY,HIGH_LOAD,HIGH,HIGH,1,1,1,ANOMALY,true,-0.19068,0.691
2026-09-10T06:39:03.487Z,POLAR-001,2026-09-10T06:39:03.487Z,NORMAL,-11.24,-12.49,36,643.75,-0.87,-1.04,-0.99,90,-156,90,12.2,3.26,34.3,92,0.78,-59.999499,19.999761,0.084,230.1,94.01,HIGH_FREQUENCY,HIGH_LOAD,HIGH,HIGH,1,1,1,ANOMALY,true,-0.19068,0.691
2026-09-10T06:39:08.487Z,POLAR-001,2026-09-10T06:39:08.487Z,NORMAL,-11.24,-12.49,36,643.75,-0.87,-1.04,-0.99,90,-156,90,12.9,3.51,34.38,93.5,0.86,-59.999557,19.999622,0.094,230.1,93.92,HIGH_FREQUENCY,HIGH_LOAD,HIGH,HIGH,1,1,1,ANOMALY,true,-0.19068,0.691
2026-09-10T06:39:13.489Z,POLAR-001,2026-09-10T06:39:13.489Z,NORMAL,-11.24,-12.49,36,643.75,-0.87,-1.04,-0.99,90,-156,90,13.6,3.76,34.46,95,0.94,-59.99962,19.999472,0.105,230.1,93.83,HIGH_FREQUENCY,HIGH_LOAD,HIGH,HIGH,1,1,1,ANOMALY,true,-0.19068,0.691
2026-09-10T06:39:13.796Z,POLAR-001,2026-09-10T06:39:13.796Z,NORMAL,-11.24,-12.49,36,643.75,-0.87,-1.04,-0.99,90,-156,90,14.3,4.01,34.54,95,1.02,-59.999689,19.999309,0.117,230.1,93.74,HIGH_FREQUENCY,HIGH_LOAD,HIGH,HIGH,1,1,1,ANOMALY,true,-0.210262,0.71
2026-09-10T06:39:18.490Z,POLAR-001,2026-09-10T06:39:18.490Z,NORMAL,-11.24,-12.49,36,643.75,-0.87,-1.04,-0.99,90,-156,90,15,4.26,34.62,95,1.1,-59.999762,19.999133,0.129,230.1,93.65,HIGH_FREQUENCY,HIGH_LOAD,HIGH,HIGH,1,1,1,ANOMALY,true,-0.210262,0.71
2026-09-10T06:39:23.490Z,POLAR-001,2026-09-10T06:39:23.490Z,NORMAL,-11.24,-12.49,36,643.75,-0.87,-1.04,-0.99,90,-156,90,15.7,4.51,34.7,95,1.18,-59.999841,19.998945,0.143,230.1,93.56,HIGH_FREQUENCY,HIGH_LOAD,HIGH,HIGH,1,1,1,ANOMALY,true,-0.210262,0.71
2026-09-10T06:39:25.424Z,POLAR-001,2026-09-10T06:39:25.424Z,NORMAL,-11.24,-12.49,36,643.75,-0.87,-1.04,-0.99,90,-156,90,16.4,4.76,34.78,95,1.26,-59.999924,19.998744,0.157,230.1,93.47,HIGH_FREQUENCY,HIGH_LOAD,HIGH,HIGH,1,1,1,ANOMALY,true,-0.216554,0.717
2026-09-10T06:39:28.491Z,POLAR-001,2026-09-10T06:39:28.491Z,NORMAL,-11.24,-12.49,36,643.75,-0.87,-1.04,-0.99,90,-156,90,17.1,5.01,34.86,95,1.34,-60.000013,19.998532,0.173,230.1,93.38,HIGH_FREQUENCY,HIGH_LOAD,HIGH,HIGH,1,1,1,ANOMALY,true,-0.216554,0.717
2026-09-10T06:39:33.493Z,POLAR-001,2026-09-10T06:39:33.493Z,NORMAL,-11.24,-12.49,36,643.75,-0.87,-1.04,-0.99,90,-156,90,17.8,5.26,34.94,95,1.42,-60.000108,19.998306,0.189,230.1,93.29,HIGH_FREQUENCY,HIGH_LOAD,HIGH,HIGH,1,1,1,ANOMALY,true,-0.216554,0.717
2026-09-10T06:39:37.154Z,POLAR-001,2026-09-10T06:39:37.154Z,NORMAL,-11.24,-12.49,36,643.75,-0.87,-1.04,-0.99,90,-156,90,18.5,5.51,35.02,95,1.5,-60.000207,19.998068,0.206,230.1,93.2,HIGH_FREQUENCY,HIGH_LOAD,HIGH,HIGH,1,1,1,ANOMALY,true,-0.23195,0.732
2026-09-10T06:39:38.494Z,POLAR-001,2026-09-10T06:39:38.494Z,NORMAL,-11.24,-12.49,36,643.75,-0.87,-1.04,-0.99,90,-156,90,19.2,5.76,35.1,95,1.58,-60.000312,19.997818,0.225,230.1,93.11,HIGH_FREQUENCY,HIGH_LOAD,HIGH,HIGH,1,1,1,ANOMALY,true,-0.23195,0.732
2026-09-10T06:39:43.494Z,POLAR-001,2026-09-10T06:39:43.494Z,NORMAL,-11.24,-12.49,36,643.75,-0.87,-1.04,-0.99,90,-156,90,19.9,6.01,35.18,95,1.66,-60.000421,19.997555,0.244,230.1,93.02,HIGH_FREQUENCY,HIGH_LOAD,HIGH,HIGH,1,1,1,ANOMALY,true,-0.23195,0.732
2026-09-10T06:39:48.495Z,POLAR-001,2026-09-10T06:39:48.495Z,NORMAL,-11.24,-12.49,36,643.75,-0.87,-1.04,-0.99,90,-156,90,20.6,6.26,35.26,95,1.74,-60.000536,19.99728,0.263,230.1,92.93,HIGH_FREQUENCY,HIGH_LOAD,HIGH,HIGH,1,1,1,ANOMALY,true,-0.23195,0.732
2026-09-10T06:39:53.497Z,POLAR-001,2026-09-10T06:39:53.497Z,NORMAL,-11.24,-12.49,36,643.75,-0.87,-1.04,-0.99,90,-156,90,21.3,6.51,35.32,95,1.82,-60.000657,19.996993,0.284,230.1,92.84,HIGH_FREQUENCY,HIGH_LOAD,HIGH,HIGH,1,1,1,ANOMALY,true,-0.23195,0.732
2026-09-10T06:39:58.497Z,POLAR-001,2026-09-10T06:39:58.497Z,NORMAL,-11.24,-12.49,36,643.75,-0.87,-1.04,-0.99,90,-156,90,22,6.76,35.32,95,1.9,-60.000782,19.996693,0.306,230.1,92.75,HIGH_FREQUENCY,HIGH_LOAD,HIGH,HIGH,1,1,1,ANOMALY,true,-0.23195,0.732
2026-09-10T06:40:03.498Z,POLAR-001,2026-09-10T06:40:03.498Z,NORMAL,-11.24,-12.49,36,643.75,-0.87,-1.04,-0.99,90,-156,90,22.7,7.01,35.32,95,1.98,-60.000913,19.99638,0.329,230.1,92.66,HIGH_FREQUENCY,HIGH_LOAD,HIGH,HIGH,1,1,1,ANOMALY,true,-0.23195,0.732
2026-09-10T06:40:08.499Z,POLAR-001,2026-09-10T06:40:08.499Z,NORMAL,-11.24,-12.49,36,643.75,-0.87,-1.04,-0.99,90,-156,90,23.4,7.26,35.32,95,2,-60.001045,19.996064,0.351,230.1,92.57,HIGH_FREQUENCY,HIGH_LOAD,HIGH,HIGH,1,1,1,ANOMALY,true,-0.23195,0.732
2026-09-10T06:40:13.501Z,POLAR-001,2026-09-10T06:40:13.501Z,NORMAL,-11.24,-12.49,36,643.75,-0.87,-1.04,-0.99,90,-156,90,24.1,7.51,35.32,95,2,-60.001178,19.995746,0.374,230.1,92.48,HIGH_FREQUENCY,HIGH_LOAD,HIGH,HIGH,1,1,1,ANOMALY,true,-0.23195,0.732
2026-09-10T06:40:16.330Z,POLAR-001,2026-09-10T06:40:16.330Z,NORMAL,-11.24,-12.49,36,643.75,-0.87,-1.04,-0.99,90,-156,90,24.8,7.76,35.32,95,2,-60.001312,19.995426,0.398,230.1,92.39,HIGH_FREQUENCY,HIGH_LOAD,HIGH,HIGH,1,1,1,ANOMALY,true,-0.23366,0.734
2026-09-10T06:40:18.503Z,POLAR-001,2026-09-10T06:40:18.503Z,NORMAL,-11.24,-12.49,36,643.75,-0.87,-1.04,-0.99,90,-156,90,25.5,8.01,35.32,95,2,-60.001446,19.995106,0.421,230.1,92.3,HIGH_FREQUENCY,HIGH_LOAD,HIGH,HIGH,1,1,1,ANOMALY,true,-0.23366,0.734
2026-09-10T06:40:23.503Z,POLAR-001,2026-09-10T06:40:23.503Z,NORMAL,-11.24,-12.49,36,643.75,-0.87,-1.04,-0.99,90,-156,90,26.2,8.14,35.32,95,2,-60.00158,19.994784,0.444,230.1,92.21,HIGH_FREQUENCY,HIGH_LOAD,HIGH,HIGH,1,1,1,ANOMALY,true,-0.23366,0.734
2026-09-10T06:40:28.267Z,POLAR-001,2026-09-10T06:40:28.267Z,NORMAL,-16.52,-29.99,17,460,-0.87,-1.04,-0.99,90,-156,90,26.9,8.14,35.4,95,2,-60.001714,19.994463,0.467,230.1,92.12,HIGH_FREQUENCY,HIGH_LOAD,HIGH,HIGH,1,1,1,ANOMALY,true,-0.240921,0.741
2026-09-10T06:40:28.504Z,POLAR-001,2026-09-10T06:40:28.505Z,NORMAL,-16.52,-29.99,17,460,-0.87,-1.04,-0.99,90,-156,90,27.6,8.14,35.48,95,2,-60.001849,19.994141,0.491,230.1,92.03,HIGH_FREQUENCY,HIGH_LOAD,HIGH,HIGH,1,1,1,ANOMALY,true,-0.240921,0.741
2026-09-10T06:40:33.506Z,POLAR-001,2026-09-10T06:40:33.506Z,NORMAL,-16.52,-29.99,17,460,-0.87,-1.04,-0.99,90,-156,90,28.3,8.14,35.56,95,2,-60.001983,19.99382,0.514,230.1,91.94,HIGH_FREQUENCY,HIGH_LOAD,HIGH,HIGH,1,1,1,ANOMALY,true,-0.240921,0.741
2026-09-10T06:40:38.506Z,POLAR-001,2026-09-10T06:40:38.506Z,NORMAL,-16.52,-29.99,17,460,-0.87,-1.04,-0.99,90,-156,90,29,8.14,35.64,95,2,-60.002118,19.993498,0.537,230.1,91.85,HIGH_FREQUENCY,HIGH_LOAD,HIGH,HIGH,1,1,1,ANOMALY,true,-0.240921,0.741
2026-09-10T06:40:40.235Z,POLAR-001,2026-09-10T06:40:40.235Z,NORMAL,-16.52,-29.99,17,460,-0.87,-1.04,-0.99,90,-156,90,29.7,8.14,35.72,95,2,-60.002252,19.993177,0.56,230.1,91.76,HIGH_FREQUENCY,HIGH_LOAD,HIGH,HIGH,1,1,1,ANOMALY,true,-0.240921,0.741
2026-09-10T06:40:43.507Z,POLAR-001,2026-09-10T06:40:43.507Z,NORMAL,-16.52,-29.99,17,460,-0.87,-1.04,-0.99,90,-156,90,30.4,8.14,35.8,95,2,-60.002386,19.992855,0.584,230.1,91.67,HIGH_FREQUENCY,HIGH_LOAD,HIGH,HIGH,1,1,1,ANOMALY,true,-0.240921,0.741
2026-09-10T06:40:47.811Z,POLAR-001,2026-09-10T06:40:47.811Z,STORM,-16.52,-29.99,17,460,0.025,-0.009,0.823,12.94,-4.5,6.38,29.7,7.89,35.88,95,1.92,-60.002272,19.992773,0.597,340.2,91.59,HIGH_FREQUENCY,HIGH_LOAD,HIGH,LOW,0.209,1,1,ANOMALY,true,-0.18279,0.683
2026-09-10T06:40:48.508Z,POLAR-001,2026-09-10T06:40:48.508Z,STORM,-16.52,-29.99,17,460,0.025,-0.009,0.823,12.94,-4.5,6.38,29,7.64,35.96,95,1.84,-60.002162,19.992693,0.61,340.2,91.51,HIGH_FREQUENCY,HIGH_LOAD,HIGH,LOW,0.209,1,1,ANOMALY,true,-0.18279,0.683
2026-09-10T06:40:53.509Z,POLAR-001,2026-09-10T06:40:53.509Z,NORMAL,-16.52,-29.99,17,460,0.025,-0.009,0.823,12.94,-4.5,6.38,28.3,7.39,35.96,95,1.76,-60.002057,19.992618,0.622,340.2,91.43,HIGH_FREQUENCY,HIGH_LOAD,HIGH,LOW,0.209,1,1,ANOMALY,true,-0.18279,0.683
2026-09-10T06:40:58.510Z,POLAR-001,2026-09-10T06:40:58.510Z,NORMAL,-16.52,-29.99,17,460,0.025,-0.009,0.823,12.94,-4.5,6.38,27.6,7.14,35.96,95,1.68,-60.001956,19.992545,0.634,340.2,91.35,HIGH_FREQUENCY,HIGH_LOAD,HIGH,LOW,0.209,1,1,ANOMALY,true,-0.18279,0.683
2026-09-10T06:41:03.512Z,POLAR-001,2026-09-10T06:41:03.512Z,NORMAL,-16.52,-29.99,17,460,0.025,-0.009,0.823,12.94,-4.5,6.38,26.9,6.89,35.96,95,1.6,-60.00186,19.992476,0.646,340.2,91.27,HIGH_FREQUENCY,HIGH_LOAD,HIGH,LOW,0.209,1,1,ANOMALY,true,-0.18279,0.683
2026-09-10T06:41:08.512Z,POLAR-001,2026-09-10T06:41:08.512Z,NORMAL,-16.52,-29.99,17,460,0.025,-0.009,0.823,12.94,-4.5,6.38,26.2,6.64,35.96,95,1.52,-60.001768,19.99241,0.656,340.2,91.19,HIGH_FREQUENCY,HIGH_LOAD,HIGH,LOW,0.209,1,1,ANOMALY,true,-0.18279,0.683
2026-09-10T06:41:13.514Z,POLAR-001,2026-09-10T06:41:13.514Z,NORMAL,-16.52,-29.99,17,460,0.025,-0.009,0.823,12.94,-4.5,6.38,25.67,6.39,35.96,95,1.44,-60.001681,19.992347,0.667,340.2,91.11,HIGH_FREQUENCY,HIGH_LOAD,HIGH,LOW,0.209,1,1,ANOMALY,true,-0.18279,0.683
2026-09-10T06:41:18.516Z,POLAR-001,2026-09-10T06:41:18.516Z,NORMAL,-16.52,-29.99,17,460,0.025,-0.009,0.823,12.94,-4.5,6.38,25.67,6.14,35.96,95,1.36,-60.001599,19.992288,0.676,340.2,91.03,HIGH_FREQUENCY,HIGH_LOAD,HIGH,LOW,0.209,1,1,ANOMALY,true,-0.18279,0.683
2026-09-10T06:41:23.517Z,POLAR-001,2026-09-10T06:41:23.517Z,NORMAL,-16.52,-29.99,17,460,0.025,-0.009,0.823,12.94,-4.5,6.38,25.67,5.89,35.96,95,1.28,-60.001521,19.992232,0.686,340.2,90.95,HIGH_FREQUENCY,HIGH_LOAD,HIGH,LOW,0.209,1,1,ANOMALY,true,-0.18279,0.683
2026-09-10T06:41:28.517Z,POLAR-001,2026-09-10T06:41:28.517Z,NORMAL,-16.52,-29.99,17,460,0.025,-0.009,0.823,12.94,-4.5,6.38,25.67,5.64,35.96,95,1.2,-60.001448,19.99218,0.694,340.2,90.87,HIGH_FREQUENCY,HIGH_LOAD,HIGH,LOW,0.209,1,1,ANOMALY,true,-0.18279,0.683
2026-09-10T06:41:33.519Z,POLAR-001,2026-09-10T06:41:33.519Z,NORMAL,-16.52,-29.99,17,460,0.025,-0.009,0.823,12.94,-4.5,6.38,25.67,5.39,35.96,95,1.12,-60.00138,19.99213,0.702,340.2,90.79,HIGH_FREQUENCY,HIGH_LOAD,HIGH,LOW,0.209,1,1,ANOMALY,true,-0.18279,0.683
2026-09-10T06:41:38.519Z,POLAR-001,2026-09-10T06:41:38.519Z,NORMAL,-16.52,-29.99,17,460,0.025,-0.009,0.823,12.94,-4.5,6.38,25.67,5.14,35.96,95,1.05,-60.001316,19.992084,0.71,340.2,90.71,HIGH_FREQUENCY,HIGH_LOAD,HIGH,LOW,0.209,1,1,ANOMALY,true,-0.18279,0.683
2026-09-10T06:41:43.519Z,POLAR-001,2026-09-10T06:41:43.519Z,NORMAL,-16.52,-29.99,17,460,0.025,-0.009,0.823,12.94,-4.5,6.38,25.67,4.89,35.96,95,1.05,-60.001252,19.992038,0.717,340.2,90.63,HIGH_FREQUENCY,HIGH_LOAD,HIGH,LOW,0.209,1,1,ANOMALY,true,-0.18279,0.683
2026-09-10T06:41:48.521Z,POLAR-001,2026-09-10T06:41:48.521Z,NORMAL,-16.52,-29.99,17,460,0.025,-0.009,0.823,12.94,-4.5,6.38,25.67,4.64,35.96,95,1.05,-60.001188,19.991992,0.725,340.2,90.55,HIGH_FREQUENCY,HIGH_LOAD,HIGH,LOW,0.209,1,1,ANOMALY,true,-0.18279,0.683
2026-09-10T06:41:53.522Z,POLAR-001,2026-09-10T06:41:53.522Z,NORMAL,-16.52,-29.99,17,460,0.025,-0.009,0.823,12.94,-4.5,6.38,25.67,4.61,35.96,95,1.05,-60.001125,19.991947,0.732,340.2,90.47,HIGH_FREQUENCY,HIGH_LOAD,HIGH,LOW,0.209,1,1,ANOMALY,true,-0.18279,0.683
2026-09-10T06:41:58.523Z,POLAR-001,2026-09-10T06:41:58.523Z,NORMAL,-16.52,-29.99,17,460,0.025,-0.009,0.823,12.94,-4.5,6.38,25.67,4.61,35.96,95,1.05,-60.001062,19.991901,0.74,340.2,90.39,HIGH_FREQUENCY,HIGH_LOAD,HIGH,LOW,0.209,1,1,ANOMALY,true,-0.18279,0.683
2026-09-10T06:42:03.524Z,POLAR-001,2026-09-10T06:42:03.524Z,NORMAL,-16.52,-29.99,17,460,0.025,-0.009,0.823,12.94,-4.5,6.38,25.67,4.61,35.96,95,1.05,-60.000998,19.991856,0.747,340.2,90.31,HIGH_FREQUENCY,HIGH_LOAD,HIGH,LOW,0.209,1,1,ANOMALY,true,-0.18279,0.683
2026-09-10T06:42:08.526Z,POLAR-001,2026-09-10T06:42:08.526Z,NORMAL,-16.52,-29.99,17,460,0.025,-0.009,0.823,12.94,-4.5,6.38,25.67,4.61,35.96,95,1.05,-60.000935,19.99181,0.755,340.2,90.23,HIGH_FREQUENCY,HIGH_LOAD,HIGH,LOW,0.209,1,1,ANOMALY,true,-0.18279,0.683
2026-09-10T06:42:13.527Z,POLAR-001,2026-09-10T06:42:13.527Z,NORMAL,-16.52,-29.99,17,460,0.025,-0.009,0.823,12.94,-4.5,6.38,25.67,4.61,35.96,95,1.05,-60.000872,19.991765,0.762,340.2,90.15,HIGH_FREQUENCY,HIGH_LOAD,HIGH,LOW,0.209,1,1,ANOMALY,true,-0.18279,0.683
2026-09-10T06:42:18.528Z,POLAR-001,2026-09-10T06:42:18.528Z,NORMAL,-16.52,-29.99,17,460,0.025,-0.009,0.823,12.94,-4.5,6.38,25.67,4.61,35.96,95,1.05,-60.000809,19.991719,0.77,340.2,90.07,HIGH_FREQUENCY,HIGH_LOAD,HIGH,LOW,0.209,1,1,ANOMALY,true,-0.18279,0.683
2026-09-10T06:42:23.530Z,POLAR-001,2026-09-10T06:42:23.530Z,NORMAL,-16.52,-29.99,17,460,0.025,-0.009,0.823,12.94,-4.5,6.38,25.67,4.61,35.96,95,1.05,-60.000745,19.991673,0.777,340.2,89.99,HIGH_FREQUENCY,HIGH_LOAD,HIGH,LOW,0.209,1,1,ANOMALY,true,-0.18279,0.683
2026-09-10T06:42:28.532Z,POLAR-001,2026-09-10T06:42:28.532Z,NORMAL,-16.52,-29.99,17,460,0.025,-0.009,0.823,12.94,-4.5,6.38,25.67,4.61,35.96,95,1.05,-60.000682,19.991628,0.785,340.2,89.91,HIGH_FREQUENCY,HIGH_LOAD,HIGH,LOW,0.209,1,1,ANOMALY,true,-0.18279,0.683
2026-09-10T06:42:33.532Z,POLAR-001,2026-09-10T06:42:33.532Z,NORMAL,-16.52,-29.99,17,460,0.025,-0.009,0.823,12.94,-4.5,6.38,25.67,4.61,35.96,95,1.05,-60.000619,19.991582,0.792,340.2,89.83,HIGH_FREQUENCY,HIGH_LOAD,HIGH,LOW,0.209,1,1,ANOMALY,true,-0.18279,0.683
2026-09-10T06:42:38.534Z,POLAR-001,2026-09-10T06:42:38.534Z,NORMAL,-16.52,-29.99,17,460,0.025,-0.009,0.823,12.94,-4.5,6.38,25.67,4.61,35.96,95,1.05,-60.000555,19.991537,0.8,340.2,89.75,HIGH_FREQUENCY,HIGH_LOAD,HIGH,LOW,0.209,1,1,ANOMALY,true,-0.18279,0.683
2026-09-10T06:42:43.534Z,POLAR-001,2026-09-10T06:42:43.534Z,NORMAL,-16.52,-29.99,17,460,0.025,-0.009,0.823,12.94,-4.5,6.38,25.67,4.61,35.96,95,1.05,-60.000492,19.991491,0.807,340.2,89.67,HIGH_FREQUENCY,HIGH_LOAD,HIGH,LOW,0.209,1,1,ANOMALY,true,-0.18279,0.683
2026-09-10T06:42:48.535Z,POLAR-001,2026-09-10T06:42:48.535Z,NORMAL,-16.52,-29.99,17,460,0.025,-0.009,0.823,12.94,-4.5,6.38,25.67,4.61,35.96,95,1.05,-60.000429,19.991446,0.814,340.2,89.59,HIGH_FREQUENCY,HIGH_LOAD,HIGH,LOW,0.209,1,1,ANOMALY,true,-0.18279,0.683
2026-09-10T06:42:53.537Z,POLAR-001,2026-09-10T06:42:53.537Z,NORMAL,-16.52,-29.99,17,460,0.025,-0.009,0.823,12.94,-4.5,6.38,25.67,4.61,35.96,95,1.05,-60.000366,19.9914,0.822,340.2,89.51,HIGH_FREQUENCY,HIGH_LOAD,HIGH,LOW,0.209,1,1,ANOMALY,true,-0.18279,0.683
2026-09-10T06:42:58.537Z,POLAR-001,2026-09-10T06:42:58.537Z,NORMAL,-16.52,-29.99,17,460,0.025,-0.009,0.823,12.94,-4.5,6.38,25.67,4.61,35.96,95,1.05,-60.000302,19.991354,0.829,340.2,89.43,HIGH_FREQUENCY,HIGH_LOAD,HIGH,LOW,0.209,1,1,ANOMALY,true,-0.18279,0.683
2026-09-10T06:43:03.539Z,POLAR-001,2026-09-10T06:43:03.539Z,NORMAL,-16.52,-29.99,17,460,0.025,-0.009,0.823,12.94,-4.5,6.38,25.67,4.61,35.96,95,1.05,-60.000239,19.991309,0.837,340.2,89.35,HIGH_FREQUENCY,HIGH_LOAD,HIGH,LOW,0.209,1,1,ANOMALY,true,-0.18279,0.683
2026-09-10T06:43:08.540Z,POLAR-001,2026-09-10T06:43:08.540Z,NORMAL,-16.52,-29.99,17,460,0.025,-0.009,0.823,12.94,-4.5,6.38,25.67,4.61,35.96,95,1.05,-60.000176,19.991263,0.844,340.2,89.27,HIGH_FREQUENCY,HIGH_LOAD,HIGH,LOW,0.209,1,1,ANOMALY,true,-0.18279,0.683
2026-09-10T06:43:13.541Z,POLAR-001,2026-09-10T06:43:13.541Z,NORMAL,-16.52,-29.99,17,460,0.025,-0.009,0.823,12.94,-4.5,6.38,25.67,4.61,35.96,95,1.05,-60.000112,19.991218,0.852,340.2,89.19,HIGH_FREQUENCY,HIGH_LOAD,HIGH,LOW,0.209,1,1,ANOMALY,true,-0.18279,0.683
2026-09-10T06:43:18.542Z,POLAR-001,2026-09-10T06:43:18.543Z,NORMAL,-16.52,-29.99,17,460,0.025,-0.009,0.823,12.94,-4.5,6.38,25.67,4.61,35.96,95,1.05,-60.000049,19.991172,0.859,340.2,89.11,HIGH_FREQUENCY,HIGH_LOAD,HIGH,LOW,0.209,1,1,ANOMALY,true,-0.18279,0.683
2026-09-10T06:43:23.543Z,POLAR-001,2026-09-10T06:43:23.543Z,NORMAL,-16.52,-29.99,17,460,0.025,-0.009,0.823,12.94,-4.5,6.38,25.67,4.61,35.96,95,1.05,-59.999986,19.991127,0.867,340.2,89.03,HIGH_FREQUENCY,HIGH_LOAD,HIGH,LOW,0.209,1,1,ANOMALY,true,-0.18279,0.683
2026-09-10T06:43:28.544Z,POLAR-001,2026-09-10T06:43:28.544Z,NORMAL,-16.52,-29.99,17,460,0.025,-0.009,0.823,12.94,-4.5,6.38,25.67,4.61,35.96,95,1.05,-59.999922,19.991081,0.874,340.2,88.95,HIGH_FREQUENCY,HIGH_LOAD,HIGH,LOW,0.209,1,1,ANOMALY,true,-0.18279,0.683
2026-09-10T06:43:33.545Z,POLAR-001,2026-09-10T06:43:33.545Z,NORMAL,-16.52,-29.99,17,460,0.025,-0.009,0.823,12.94,-4.5,6.38,25.67,4.61,35.96,95,1.05,-59.999859,19.991035,0.882,340.2,88.87,HIGH_FREQUENCY,HIGH_LOAD,HIGH,LOW,0.209,1,1,ANOMALY,true,-0.18279,0.683
2026-09-10T06:43:38.546Z,POLAR-001,2026-09-10T06:43:38.546Z,NORMAL,-16.52,-29.99,17,460,0.025,-0.009,0.823,12.94,-4.5,6.38,25.67,4.61,35.96,95,1.05,-59.999796,19.99099,0.889,340.2,88.79,HIGH_FREQUENCY,HIGH_LOAD,HIGH,LOW,0.209,1,1,ANOMALY,true,-0.18279,0.683
2026-09-10T06:43:43.548Z,POLAR-001,2026-09-10T06:43:43.548Z,NORMAL,-16.52,-29.99,17,460,0.025,-0.009,0.823,12.94,-4.5,6.38,25.67,4.61,35.96,95,1.05,-59.999733,19.990944,0.897,340.2,88.71,HIGH_FREQUENCY,HIGH_LOAD,HIGH,LOW,0.209,1,1,ANOMALY,true,-0.18279,0.683
2026-09-10T06:43:48.550Z,POLAR-001,2026-09-10T06:43:48.550Z,NORMAL,-16.52,-29.99,17,460,0.025,-0.009,0.823,12.94,-4.5,6.38,25.67,4.61,35.96,95,1.05,-59.999669,19.990899,0.904,340.2,88.63,HIGH_FREQUENCY,HIGH_LOAD,HIGH,LOW,0.209,1,1,ANOMALY,true,-0.18279,0.683
2026-09-10T06:43:53.550Z,POLAR-001,2026-09-10T06:43:53.550Z,NORMAL,-16.52,-29.99,17,460,0.025,-0.009,0.823,12.94,-4.5,6.38,25.67,4.61,35.96,95,1.05,-59.999606,19.990853,0.912,340.2,88.55,HIGH_FREQUENCY,HIGH_LOAD,HIGH,LOW,0.209,1,1,ANOMALY,true,-0.18279,0.683
2026-09-10T06:43:58.551Z,POLAR-001,2026-09-10T06:43:58.551Z,NORMAL,-16.52,-29.99,17,460,0.025,-0.009,0.823,12.94,-4.5,6.38,25.67,4.61,35.96,95,1.05,-59.999543,19.990807,0.919,340.2,88.47,HIGH_FREQUENCY,HIGH_LOAD,HIGH,LOW,0.209,1,1,ANOMALY,true,-0.18279,0.683
2026-09-10T06:44:03.553Z,POLAR-001,2026-09-10T06:44:03.553Z,NORMAL,-16.52,-29.99,17,460,0.025,-0.009,0.823,12.94,-4.5,6.38,25.67,4.61,35.96,95,1.05,-59.999479,19.990762,0.926,340.2,88.39,HIGH_FREQUENCY,HIGH_LOAD,HIGH,LOW,0.209,1,1,ANOMALY,true,-0.18279,0.683
2026-09-10T06:44:08.554Z,POLAR-001,2026-09-10T06:44:08.554Z,NORMAL,-16.52,-29.99,17,460,0.025,-0.009,0.823,12.94,-4.5,6.38,25.67,4.61,35.96,95,1.05,-59.999416,19.990716,0.934,340.2,88.31,HIGH_FREQUENCY,HIGH_LOAD,HIGH,LOW,0.209,1,1,ANOMALY,true,-0.18279,0.683
2026-09-10T06:44:13.556Z,POLAR-001,2026-09-10T06:44:13.556Z,NORMAL,-16.52,-29.99,17,460,0.025,-0.009,0.823,12.94,-4.5,6.38,25.67,4.61,35.96,95,1.05,-59.999353,19.990671,0.941,340.2,88.23,HIGH_FREQUENCY,HIGH_LOAD,HIGH,LOW,0.209,1,1,ANOMALY,true,-0.18279,0.683
2026-09-10T06:44:18.556Z,POLAR-001,2026-09-10T06:44:18.556Z,NORMAL,-16.52,-29.99,17,460,0.025,-0.009,0.823,12.94,-4.5,6.38,25.67,4.61,35.96,95,1.05,-59.999289,19.990625,0.949,340.2,88.15,HIGH_FREQUENCY,HIGH_LOAD,HIGH,LOW,0.209,1,1,ANOMALY,true,-0.18279,0.683
2026-09-10T06:44:23.557Z,POLAR-001,2026-09-10T06:44:23.557Z,NORMAL,-16.52,-29.99,17,460,0.025,-0.009,0.823,12.94,-4.5,6.38,25.67,4.61,35.96,95,1.05,-59.999226,19.99058,0.956,340.2,88.07,HIGH_FREQUENCY,HIGH_LOAD,HIGH,LOW,0.209,1,1,ANOMALY,true,-0.18279,0.683
2026-09-10T06:44:28.559Z,POLAR-001,2026-09-10T06:44:28.559Z,NORMAL,-16.52,-29.99,17,460,0.025,-0.009,0.823,12.94,-4.5,6.38,25.67,4.61,35.96,95,1.05,-59.999163,19.990534,0.964,340.2,87.99,HIGH_FREQUENCY,HIGH_LOAD,HIGH,LOW,0.209,1,1,ANOMALY,true,-0.18279,0.683
2026-09-10T06:44:33.560Z,POLAR-001,2026-09-10T06:44:33.560Z,NORMAL,-16.52,-29.99,17,460,0.025,-0.009,0.823,12.94,-4.5,6.38,25.67,4.61,35.96,95,1.05,-59.9991,19.990488,0.971,340.2,87.91,HIGH_FREQUENCY,HIGH_LOAD,HIGH,LOW,0.209,1,1,ANOMALY,true,-0.18279,0.683
2026-09-10T06:44:38.561Z,POLAR-001,2026-09-10T06:44:38.561Z,NORMAL,-16.52,-29.99,17,460,0.025,-0.009,0.823,12.94,-4.5,6.38,25.67,4.61,35.96,95,1.05,-59.999036,19.990443,0.979,340.2,87.83,HIGH_FREQUENCY,HIGH_LOAD,HIGH,LOW,0.209,1,1,ANOMALY,true,-0.18279,0.683
2026-09-10T06:44:43.562Z,POLAR-001,2026-09-10T06:44:43.562Z,NORMAL,-16.52,-29.99,17,460,0.025,-0.009,0.823,12.94,-4.5,6.38,25.67,4.61,35.96,95,1.05,-59.998973,19.990397,0.986,340.2,87.75,HIGH_FREQUENCY,HIGH_LOAD,HIGH,LOW,0.209,1,1,ANOMALY,true,-0.18279,0.683
2026-09-10T06:44:48.563Z,POLAR-001,2026-09-10T06:44:48.563Z,NORMAL,-16.52,-29.99,17,460,0.025,-0.009,0.823,12.94,-4.5,6.38,25.67,4.61,35.96,95,1.05,-59.99891,19.990352,0.994,340.2,87.67,HIGH_FREQUENCY,HIGH_LOAD,HIGH,LOW,0.209,1,1,ANOMALY,true,-0.18279,0.683
2026-09-10T06:44:53.564Z,POLAR-001,2026-09-10T06:44:53.564Z,NORMAL,-16.52,-29.99,17,460,0.025,-0.009,0.823,12.94,-4.5,6.38,25.67,4.61,35.96,95,1.05,-59.998846,19.990306,1.001,340.2,87.59,HIGH_FREQUENCY,HIGH_LOAD,HIGH,LOW,0.209,1,1,ANOMALY,true,-0.18279,0.683
2026-09-10T06:44:58.564Z,POLAR-001,2026-09-10T06:44:58.565Z,NORMAL,-16.52,-29.99,17,460,0.025,-0.009,0.823,12.94,-4.5,6.38,25.67,4.61,35.96,95,1.05,-59.998783,19.990261,1.009,340.2,87.51,HIGH_FREQUENCY,HIGH_LOAD,HIGH,LOW,0.209,1,1,ANOMALY,true,-0.18279,0.683
2026-09-10T06:45:03.565Z,POLAR-001,2026-09-10T06:45:03.565Z,NORMAL,-16.52,-29.99,17,460,0.025,-0.009,0.823,12.94,-4.5,6.38,25.67,4.61,35.96,95,1.05,-59.99872,19.990215,1.016,340.2,87.43,HIGH_FREQUENCY,HIGH_LOAD,HIGH,LOW,0.209,1,1,ANOMALY,true,-0.18279,0.683
2026-09-10T06:45:08.566Z,POLAR-001,2026-09-10T06:45:08.566Z,NORMAL,-16.52,-29.99,17,460,0.025,-0.009,0.823,12.94,-4.5,6.38,25.67,4.61,35.96,95,1.05,-59.998657,19.990169,1.024,340.2,87.35,HIGH_FREQUENCY,HIGH_LOAD,HIGH,LOW,0.209,1,1,ANOMALY,true,-0.18279,0.683
2026-09-10T06:45:13.568Z,POLAR-001,2026-09-10T06:45:13.568Z,NORMAL,-16.52,-29.99,17,460,0.025,-0.009,0.823,12.94,-4.5,6.38,25.67,4.61,35.96,95,1.05,-59.998593,19.990124,1.031,340.2,87.27,HIGH_FREQUENCY,HIGH_LOAD,HIGH,LOW,0.209,1,1,ANOMALY,true,-0.18279,0.683
2026-09-10T06:45:18.568Z,POLAR-001,2026-09-10T06:45:18.568Z,NORMAL,-16.52,-29.99,17,460,0.025,-0.009,0.823,12.94,-4.5,6.38,25.67,4.61,35.96,95,1.05,-59.99853,19.990078,1.038,340.2,87.19,HIGH_FREQUENCY,HIGH_LOAD,HIGH,LOW,0.209,1,1,ANOMALY,true,-0.18279,0.683
2026-09-10T06:45:23.568Z,POLAR-001,2026-09-10T06:45:23.568Z,NORMAL,-16.52,-29.99,17,460,0.025,-0.009,0.823,12.94,-4.5,6.38,25.67,4.61,35.96,95,1.05,-59.998467,19.990033,1.046,340.2,87.11,HIGH_FREQUENCY,HIGH_LOAD,HIGH,LOW,0.209,1,1,ANOMALY,true,-0.18279,0.683
2026-09-10T06:45:28.570Z,POLAR-001,2026-09-10T06:45:28.570Z,NORMAL,-16.52,-29.99,17,460,0.025,-0.009,0.823,12.94,-4.5,6.38,25.67,4.61,35.96,95,1.05,-59.998403,19.989987,1.053,340.2,87.03,HIGH_FREQUENCY,HIGH_LOAD,HIGH,LOW,0.209,1,1,ANOMALY,true,-0.18279,0.683
2026-09-10T06:45:33.571Z,POLAR-001,2026-09-10T06:45:33.571Z,NORMAL,-16.52,-29.99,17,460,0.025,-0.009,0.823,12.94,-4.5,6.38,25.67,4.61,35.96,95,1.05,-59.99834,19.989942,1.061,340.2,86.95,HIGH_FREQUENCY,HIGH_LOAD,HIGH,LOW,0.209,1,1,ANOMALY,true,-0.18279,0.683
2026-09-10T06:45:38.572Z,POLAR-001,2026-09-10T06:45:38.572Z,NORMAL,-16.52,-29.99,17,460,0.025,-0.009,0.823,12.94,-4.5,6.38,25.67,4.61,35.96,95,1.05,-59.998277,19.989896,1.068,340.2,86.87,HIGH_FREQUENCY,HIGH_LOAD,HIGH,LOW,0.209,1,1,ANOMALY,true,-0.18279,0.683
2026-09-10T06:45:43.573Z,POLAR-001,2026-09-10T06:45:43.573Z,NORMAL,-16.52,-29.99,17,460,0.025,-0.009,0.823,12.94,-4.5,6.38,25.67,4.61,35.96,95,1.05,-59.998213,19.98985,1.076,340.2,86.79,HIGH_FREQUENCY,HIGH_LOAD,HIGH,LOW,0.209,1,1,ANOMALY,true,-0.18279,0.683
2026-09-10T06:45:48.573Z,POLAR-001,2026-09-10T06:45:48.573Z,NORMAL,-16.52,-29.99,17,460,0.025,-0.009,0.823,12.94,-4.5,6.38,25.67,4.61,35.96,95,1.05,-59.99815,19.989805,1.083,340.2,86.71,HIGH_FREQUENCY,HIGH_LOAD,HIGH,LOW,0.209,1,1,ANOMALY,true,-0.18279,0.683
2026-09-10T06:45:53.574Z,POLAR-001,2026-09-10T06:45:53.574Z,NORMAL,-16.52,-29.99,17,460,0.025,-0.009,0.823,12.94,-4.5,6.38,25.67,4.61,35.96,95,1.05,-59.998087,19.989759,1.091,340.2,86.63,HIGH_FREQUENCY,HIGH_LOAD,HIGH,LOW,0.209,1,1,ANOMALY,true,-0.18279,0.683
2026-09-10T06:45:58.575Z,POLAR-001,2026-09-10T06:45:58.575Z,NORMAL,-16.52,-29.99,17,460,0.025,-0.009,0.823,12.94,-4.5,6.38,25.67,4.61,35.96,95,1.05,-59.998024,19.989714,1.098,340.2,86.55,HIGH_FREQUENCY,HIGH_LOAD,HIGH,LOW,0.209,1,1,ANOMALY,true,-0.18279,0.683
2026-09-10T06:46:03.577Z,POLAR-001,2026-09-10T06:46:03.577Z,NORMAL,-16.52,-29.99,17,460,0.025,-0.009,0.823,12.94,-4.5,6.38,25.67,4.61,35.96,95,1.05,-59.99796,19.989668,1.106,340.2,86.47,HIGH_FREQUENCY,HIGH_LOAD,HIGH,LOW,0.209,1,1,ANOMALY,true,-0.18279,0.683
2026-09-10T06:46:08.577Z,POLAR-001,2026-09-10T06:46:08.577Z,NORMAL,-16.52,-29.99,17,460,0.025,-0.009,0.823,12.94,-4.5,6.38,25.67,4.61,35.96,95,1.05,-59.997897,19.989623,1.113,340.2,86.39,HIGH_FREQUENCY,HIGH_LOAD,HIGH,LOW,0.209,1,1,ANOMALY,true,-0.18279,0.683
2026-09-10T06:46:13.578Z,POLAR-001,2026-09-10T06:46:13.578Z,NORMAL,-16.52,-29.99,17,460,0.025,-0.009,0.823,12.94,-4.5,6.38,25.67,4.61,35.96,95,1.05,-59.997834,19.989577,1.121,340.2,86.31,HIGH_FREQUENCY,HIGH_LOAD,HIGH,LOW,0.209,1,1,ANOMALY,true,-0.18279,0.683
2026-09-10T06:46:18.579Z,POLAR-001,2026-09-10T06:46:18.579Z,NORMAL,-16.52,-29.99,17,460,0.025,-0.009,0.823,12.94,-4.5,6.38,25.67,4.61,35.96,95,1.05,-59.99777,19.989531,1.128,340.2,86.23,HIGH_FREQUENCY,HIGH_LOAD,HIGH,LOW,0.209,1,1,ANOMALY,true,-0.18279,0.683
2026-09-10T06:46:23.581Z,POLAR-001,2026-09-10T06:46:23.581Z,NORMAL,-16.52,-29.99,17,460,0.025,-0.009,0.823,12.94,-4.5,6.38,25.67,4.61,35.96,95,1.05,-59.997707,19.989486,1.136,340.2,86.15,HIGH_FREQUENCY,HIGH_LOAD,HIGH,LOW,0.209,1,1,ANOMALY,true,-0.18279,0.683
2026-09-10T06:46:28.582Z,POLAR-001,2026-09-10T06:46:28.582Z,NORMAL,-16.52,-29.99,17,460,0.025,-0.009,0.823,12.94,-4.5,6.38,25.67,4.61,35.96,95,1.05,-59.997644,19.98944,1.143,340.2,86.07,HIGH_FREQUENCY,HIGH_LOAD,HIGH,LOW,0.209,1,1,ANOMALY,true,-0.18279,0.683
2026-09-10T06:46:33.583Z,POLAR-001,2026-09-10T06:46:33.583Z,NORMAL,-16.52,-29.99,17,460,0.025,-0.009,0.823,12.94,-4.5,6.38,25.67,4.61,35.96,95,1.05,-59.997581,19.989395,1.151,340.2,85.99,HIGH_FREQUENCY,HIGH_LOAD,HIGH,LOW,0.209,1,1,ANOMALY,true,-0.18279,0.683
2026-09-10T06:46:38.584Z,POLAR-001,2026-09-10T06:46:38.584Z,NORMAL,-16.52,-29.99,17,460,0.025,-0.009,0.823,12.94,-4.5,6.38,25.67,4.61,35.96,95,1.05,-59.997517,19.989349,1.158,340.2,85.91,HIGH_FREQUENCY,HIGH_LOAD,HIGH,LOW,0.209,1,1,ANOMALY,true,-0.18279,0.683
2026-09-10T06:46:43.584Z,POLAR-001,2026-09-10T06:46:43.584Z,NORMAL,-16.52,-29.99,17,460,0.025,-0.009,0.823,12.94,-4.5,6.38,25.67,4.61,35.96,95,1.05,-59.997454,19.989304,1.165,340.2,85.83,HIGH_FREQUENCY,HIGH_LOAD,HIGH,LOW,0.209,1,1,ANOMALY,true,-0.18279,0.683
2026-09-10T06:46:48.586Z,POLAR-001,2026-09-10T06:46:48.586Z,NORMAL,-16.52,-29.99,17,460,0.025,-0.009,0.823,12.94,-4.5,6.38,25.67,4.61,35.96,95,1.05,-59.997391,19.989258,1.173,340.2,85.75,HIGH_FREQUENCY,HIGH_LOAD,HIGH,LOW,0.209,1,1,ANOMALY,true,-0.18279,0.683
2026-09-10T06:46:53.586Z,POLAR-001,2026-09-10T06:46:53.587Z,NORMAL,-16.52,-29.99,17,460,0.025,-0.009,0.823,12.94,-4.5,6.38,25.67,4.61,35.96,95,1.05,-59.997327,19.989212,1.18,340.2,85.67,HIGH_FREQUENCY,HIGH_LOAD,HIGH,LOW,0.209,1,1,ANOMALY,true,-0.18279,0.683
2026-09-10T06:46:58.588Z,POLAR-001,2026-09-10T06:46:58.588Z,NORMAL,-16.52,-29.99,17,460,0.025,-0.009,0.823,12.94,-4.5,6.38,25.67,4.61,35.96,95,1.05,-59.997264,19.989167,1.188,340.2,85.59,HIGH_FREQUENCY,HIGH_LOAD,HIGH,LOW,0.209,1,1,ANOMALY,true,-0.18279,0.683
2026-09-10T06:47:03.589Z,POLAR-001,2026-09-10T06:47:03.589Z,NORMAL,-16.52,-29.99,17,460,0.025,-0.009,0.823,12.94,-4.5,6.38,25.67,4.61,35.96,95,1.05,-59.997201,19.989121,1.195,340.2,85.51,HIGH_FREQUENCY,HIGH_LOAD,HIGH,LOW,0.209,1,1,ANOMALY,true,-0.18279,0.683
2026-09-10T06:47:08.589Z,POLAR-001,2026-09-10T06:47:08.589Z,NORMAL,-16.52,-29.99,17,460,0.025,-0.009,0.823,12.94,-4.5,6.38,25.67,4.61,35.96,95,1.05,-59.997137,19.989076,1.203,340.2,85.43,HIGH_FREQUENCY,HIGH_LOAD,HIGH,LOW,0.209,1,1,ANOMALY,true,-0.18279,0.683
2026-09-10T06:47:13.590Z,POLAR-001,2026-09-10T06:47:13.590Z,NORMAL,-16.52,-29.99,17,460,0.025,-0.009,0.823,12.94,-4.5,6.38,25.67,4.61,35.96,95,1.05,-59.997074,19.98903,1.21,340.2,85.35,HIGH_FREQUENCY,HIGH_LOAD,HIGH,LOW,0.209,1,1,ANOMALY,true,-0.18279,0.683
2026-09-10T06:47:18.591Z,POLAR-001,2026-09-10T06:47:18.591Z,NORMAL,-16.52,-29.99,17,460,0.025,-0.009,0.823,12.94,-4.5,6.38,25.67,4.61,35.96,95,1.05,-59.997011,19.988985,1.218,340.2,85.27,HIGH_FREQUENCY,HIGH_LOAD,HIGH,LOW,0.209,1,1,ANOMALY,true,-0.18279,0.683
2026-09-10T06:47:23.592Z,POLAR-001,2026-09-10T06:47:23.592Z,NORMAL,-16.52,-29.99,17,460,0.025,-0.009,0.823,12.94,-4.5,6.38,25.67,4.61,35.96,95,1.05,-59.996948,19.988939,1.225,340.2,85.19,HIGH_FREQUENCY,HIGH_LOAD,HIGH,LOW,0.209,1,1,ANOMALY,true,-0.18279,0.683
2026-09-10T06:47:28.593Z,POLAR-001,2026-09-10T06:47:28.593Z,NORMAL,-16.52,-29.99,17,460,0.025,-0.009,0.823,12.94,-4.5,6.38,25.67,4.61,35.96,95,1.05,-59.996884,19.988893,1.233,340.2,85.11,HIGH_FREQUENCY,HIGH_LOAD,HIGH,LOW,0.209,1,1,ANOMALY,true,-0.18279,0.683
2026-09-10T06:47:33.594Z,POLAR-001,2026-09-10T06:47:33.594Z,NORMAL,-16.52,-29.99,17,460,0.025,-0.009,0.823,12.94,-4.5,6.38,25.67,4.61,35.96,95,1.05,-59.996821,19.988848,1.24,340.2,85.03,HIGH_FREQUENCY,HIGH_LOAD,HIGH,LOW,0.209,1,1,ANOMALY,true,-0.18279,0.683
2026-09-10T06:47:38.596Z,POLAR-001,2026-09-10T06:47:38.596Z,NORMAL,-16.52,-29.99,17,460,0.025,-0.009,0.823,12.94,-4.5,6.38,25.67,4.61,35.96,95,1.05,-59.996758,19.988802,1.248,340.2,84.95,HIGH_FREQUENCY,HIGH_LOAD,HIGH,LOW,0.209,1,1,ANOMALY,true,-0.18279,0.683
2026-09-10T06:47:43.597Z,POLAR-001,2026-09-10T06:47:43.597Z,NORMAL,-16.52,-29.99,17,460,0.025,-0.009,0.823,12.94,-4.5,6.38,25.67,4.61,35.96,95,1.05,-59.996694,19.988757,1.255,340.2,84.87,HIGH_FREQUENCY,HIGH_LOAD,HIGH,LOW,0.209,1,1,ANOMALY,true,-0.18279,0.683
2026-09-10T06:47:48.598Z,POLAR-001,2026-09-10T06:47:48.598Z,NORMAL,-16.52,-29.99,17,460,0.025,-0.009,0.823,12.94,-4.5,6.38,25.67,4.61,35.96,95,1.05,-59.996631,19.988711,1.263,340.2,84.79,HIGH_FREQUENCY,HIGH_LOAD,HIGH,LOW,0.209,1,1,ANOMALY,true,-0.18279,0.683
2026-09-10T06:47:53.598Z,POLAR-001,2026-09-10T06:47:53.598Z,NORMAL,-16.52,-29.99,17,460,0.025,-0.009,0.823,12.94,-4.5,6.38,25.67,4.61,35.96,95,1.05,-59.996568,19.988666,1.27,340.2,84.71,HIGH_FREQUENCY,HIGH_LOAD,HIGH,LOW,0.209,1,1,ANOMALY,true,-0.18279,0.683
2026-09-10T06:47:58.600Z,POLAR-001,2026-09-10T06:47:58.600Z,NORMAL,-16.52,-29.99,17,460,0.025,-0.009,0.823,12.94,-4.5,6.38,25.67,4.61,35.96,95,1.05,-59.996504,19.98862,1.277,340.2,84.63,HIGH_FREQUENCY,HIGH_LOAD,HIGH,LOW,0.209,1,1,ANOMALY,true,-0.18279,0.683
2026-09-10T06:48:03.600Z,POLAR-001,2026-09-10T06:48:03.600Z,NORMAL,-16.52,-29.99,17,460,0.025,-0.009,0.823,12.94,-4.5,6.38,25.67,4.61,35.96,95,1.05,-59.996441,19.988574,1.285,340.2,84.55,HIGH_FREQUENCY,HIGH_LOAD,HIGH,LOW,0.209,1,1,ANOMALY,true,-0.18279,0.683
2026-09-10T06:48:08.601Z,POLAR-001,2026-09-10T06:48:08.601Z,NORMAL,-16.52,-29.99,17,460,0.025,-0.009,0.823,12.94,-4.5,6.38,25.67,4.61,35.96,95,1.05,-59.996378,19.988529,1.292,340.2,84.47,HIGH_FREQUENCY,HIGH_LOAD,HIGH,LOW,0.209,1,1,ANOMALY,true,-0.18279,0.683
2026-09-10T06:48:13.602Z,POLAR-001,2026-09-10T06:48:13.602Z,NORMAL,-16.52,-29.99,17,460,0.025,-0.009,0.823,12.94,-4.5,6.38,25.67,4.61,35.96,95,1.05,-59.996315,19.988483,1.3,340.2,84.39,HIGH_FREQUENCY,HIGH_LOAD,HIGH,LOW,0.209,1,1,ANOMALY,true,-0.18279,0.683
2026-09-10T06:48:18.604Z,POLAR-001,2026-09-10T06:48:18.604Z,NORMAL,-16.52,-29.99,17,460,0.025,-0.009,0.823,12.94,-4.5,6.38,25.67,4.61,35.96,95,1.05,-59.996251,19.988438,1.307,340.2,84.31,HIGH_FREQUENCY,HIGH_LOAD,HIGH,LOW,0.209,1,1,ANOMALY,true,-0.18279,0.683
2026-09-10T06:48:23.604Z,POLAR-001,2026-09-10T06:48:23.604Z,NORMAL,-16.52,-29.99,17,460,0.025,-0.009,0.823,12.94,-4.5,6.38,25.67,4.61,35.96,95,1.05,-59.996188,19.988392,1.315,340.2,84.23,HIGH_FREQUENCY,HIGH_LOAD,HIGH,LOW,0.209,1,1,ANOMALY,true,-0.18279,0.683
2026-09-10T06:48:28.606Z,POLAR-001,2026-09-10T06:48:28.606Z,NORMAL,-16.52,-29.99,17,460,0.025,-0.009,0.823,12.94,-4.5,6.38,25.67,4.61,35.96,95,1.05,-59.996125,19.988347,1.322,340.2,84.15,HIGH_FREQUENCY,HIGH_LOAD,HIGH,LOW,0.209,1,1,ANOMALY,true,-0.18279,0.683
2026-09-10T06:48:33.607Z,POLAR-001,2026-09-10T06:48:33.607Z,NORMAL,-16.52,-29.99,17,460,0.025,-0.009,0.823,12.94,-4.5,6.38,25.67,4.61,35.96,95,1.05,-59.996061,19.988301,1.33,340.2,84.07,HIGH_FREQUENCY,HIGH_LOAD,HIGH,LOW,0.209,1,1,ANOMALY,true,-0.18279,0.683
2026-09-10T06:48:38.609Z,POLAR-001,2026-09-10T06:48:38.609Z,NORMAL,-16.52,-29.99,17,460,0.025,-0.009,0.823,12.94,-4.5,6.38,25.67,4.61,35.96,95,1.05,-59.995998,19.988255,1.337,340.2,83.99,HIGH_FREQUENCY,HIGH_LOAD,HIGH,LOW,0.209,1,1,ANOMALY,true,-0.18279,0.683
2026-09-10T06:48:43.610Z,POLAR-001,2026-09-10T06:48:43.610Z,NORMAL,-16.52,-29.99,17,460,0.025,-0.009,0.823,12.94,-4.5,6.38,25.67,4.61,35.96,95,1.05,-59.995935,19.98821,1.345,340.2,83.91,HIGH_FREQUENCY,HIGH_LOAD,HIGH,LOW,0.209,1,1,ANOMALY,true,-0.18279,0.683
2026-09-10T06:48:48.611Z,POLAR-001,2026-09-10T06:48:48.611Z,NORMAL,-16.52,-29.99,17,460,0.025,-0.009,0.823,12.94,-4.5,6.38,25.67,4.61,35.96,95,1.05,-59.995872,19.988164,1.352,340.2,83.83,HIGH_FREQUENCY,HIGH_LOAD,HIGH,LOW,0.209,1,1,ANOMALY,true,-0.18279,0.683
2026-09-10T06:48:53.612Z,POLAR-001,2026-09-10T06:48:53.612Z,NORMAL,-16.52,-29.99,17,460,0.025,-0.009,0.823,12.94,-4.5,6.38,25.67,4.61,35.96,95,1.05,-59.995808,19.988119,1.36,340.2,83.75,HIGH_FREQUENCY,HIGH_LOAD,HIGH,LOW,0.209,1,1,ANOMALY,true,-0.18279,0.683
2026-09-10T06:48:58.614Z,POLAR-001,2026-09-10T06:48:58.614Z,NORMAL,-16.52,-29.99,17,460,0.025,-0.009,0.823,12.94,-4.5,6.38,25.67,4.61,35.96,95,1.05,-59.995745,19.988073,1.367,340.2,83.67,HIGH_FREQUENCY,HIGH_LOAD,HIGH,LOW,0.209,1,1,ANOMALY,true,-0.18279,0.683
2026-09-10T06:49:03.613Z,POLAR-001,2026-09-10T06:49:03.613Z,NORMAL,-16.52,-29.99,17,460,0.025,-0.009,0.823,12.94,-4.5,6.38,25.67,4.61,35.96,95,1.05,-59.995682,19.988028,1.375,340.2,83.59,HIGH_FREQUENCY,HIGH_LOAD,HIGH,LOW,0.209,1,1,ANOMALY,true,-0.18279,0.683
2026-09-10T06:49:08.615Z,POLAR-001,2026-09-10T06:49:08.615Z,NORMAL,-16.52,-29.99,17,460,0.025,-0.009,0.823,12.94,-4.5,6.38,25.67,4.61,35.96,95,1.05,-59.995618,19.987982,1.382,340.2,83.51,HIGH_FREQUENCY,HIGH_LOAD,HIGH,LOW,0.209,1,1,ANOMALY,true,-0.18279,0.683
2026-09-10T06:49:13.616Z,POLAR-001,2026-09-10T06:49:13.616Z,NORMAL,-16.52,-29.99,17,460,0.025,-0.009,0.823,12.94,-4.5,6.38,25.67,4.61,35.96,95,1.05,-59.995555,19.987936,1.389,340.2,83.43,HIGH_FREQUENCY,HIGH_LOAD,HIGH,LOW,0.209,1,1,ANOMALY,true,-0.18279,0.683
2026-09-10T06:49:18.616Z,POLAR-001,2026-09-10T06:49:18.616Z,NORMAL,-16.52,-29.99,17,460,0.025,-0.009,0.823,12.94,-4.5,6.38,25.67,4.61,35.96,95,1.05,-59.995492,19.987891,1.397,340.2,83.35,HIGH_FREQUENCY,HIGH_LOAD,HIGH,LOW,0.209,1,1,ANOMALY,true,-0.18279,0.683
2026-09-10T06:49:23.618Z,POLAR-001,2026-09-10T06:49:23.618Z,NORMAL,-16.52,-29.99,17,460,0.025,-0.009,0.823,12.94,-4.5,6.38,25.67,4.61,35.96,95,1.05,-59.995428,19.987845,1.404,340.2,83.27,HIGH_FREQUENCY,HIGH_LOAD,HIGH,LOW,0.209,1,1,ANOMALY,true,-0.18279,0.683
2026-09-10T06:49:28.619Z,POLAR-001,2026-09-10T06:49:28.619Z,NORMAL,-16.52,-29.99,17,460,0.025,-0.009,0.823,12.94,-4.5,6.38,25.67,4.61,35.96,95,1.05,-59.995365,19.9878,1.412,340.2,83.19,HIGH_FREQUENCY,HIGH_LOAD,HIGH,LOW,0.209,1,1,ANOMALY,true,-0.18279,0.683
2026-09-10T06:49:33.621Z,POLAR-001,2026-09-10T06:49:33.621Z,NORMAL,-16.52,-29.99,17,460,0.025,-0.009,0.823,12.94,-4.5,6.38,25.67,4.61,35.96,95,1.05,-59.995302,19.987754,1.419,340.2,83.11,HIGH_FREQUENCY,HIGH_LOAD,HIGH,LOW,0.209,1,1,ANOMALY,true,-0.18279,0.683
2026-09-10T06:49:38.622Z,POLAR-001,2026-09-10T06:49:38.622Z,NORMAL,-16.52,-29.99,17,460,0.025,-0.009,0.823,12.94,-4.5,6.38,25.67,4.61,35.96,95,1.05,-59.995239,19.987709,1.427,340.2,83.03,HIGH_FREQUENCY,HIGH_LOAD,HIGH,LOW,0.209,1,1,ANOMALY,true,-0.18279,0.683
2026-09-10T06:49:43.624Z,POLAR-001,2026-09-10T06:49:43.624Z,NORMAL,-16.52,-29.99,17,460,0.025,-0.009,0.823,12.94,-4.5,6.38,25.67,4.61,35.96,95,1.05,-59.995175,19.987663,1.434,340.2,82.95,HIGH_FREQUENCY,HIGH_LOAD,HIGH,LOW,0.209,1,1,ANOMALY,true,-0.18279,0.683
2026-09-10T06:49:48.624Z,POLAR-001,2026-09-10T06:49:48.624Z,NORMAL,-16.52,-29.99,17,460,0.025,-0.009,0.823,12.94,-4.5,6.38,25.67,4.61,35.96,95,1.05,-59.995112,19.987617,1.442,340.2,82.87,HIGH_FREQUENCY,HIGH_LOAD,HIGH,LOW,0.209,1,1,ANOMALY,true,-0.18279,0.683
2026-09-10T06:49:53.625Z,POLAR-001,2026-09-10T06:49:53.625Z,NORMAL,-16.52,-29.99,17,460,0.025,-0.009,0.823,12.94,-4.5,6.38,25.67,4.61,35.96,95,1.05,-59.995049,19.987572,1.449,340.2,82.79,HIGH_FREQUENCY,HIGH_LOAD,HIGH,LOW,0.209,1,1,ANOMALY,true,-0.18279,0.683
2026-09-10T06:49:58.626Z,POLAR-001,2026-09-10T06:49:58.626Z,NORMAL,-16.52,-29.99,17,460,0.025,-0.009,0.823,12.94,-4.5,6.38,25.67,4.61,35.96,95,1.05,-59.994985,19.987526,1.457,340.2,82.71,HIGH_FREQUENCY,HIGH_LOAD,HIGH,LOW,0.209,1,1,ANOMALY,true,-0.18279,0.683
2026-09-10T06:50:03.628Z,POLAR-001,2026-09-10T06:50:03.628Z,NORMAL,-16.52,-29.99,17,460,0.025,-0.009,0.823,12.94,-4.5,6.38,25.67,4.61,35.96,95,1.05,-59.994922,19.987481,1.464,340.2,82.63,HIGH_FREQUENCY,HIGH_LOAD,HIGH,LOW,0.209,1,1,ANOMALY,true,-0.18279,0.683
2026-09-10T06:50:08.629Z,POLAR-001,2026-09-10T06:50:08.629Z,NORMAL,-16.52,-29.99,17,460,0.025,-0.009,0.823,12.94,-4.5,6.38,25.67,4.61,35.96,95,1.05,-59.994859,19.987435,1.472,340.2,82.55,HIGH_FREQUENCY,HIGH_LOAD,HIGH,LOW,0.209,1,1,ANOMALY,true,-0.18279,0.683
2026-09-10T06:50:13.631Z,POLAR-001,2026-09-10T06:50:13.631Z,NORMAL,-16.52,-29.99,17,460,0.025,-0.009,0.823,12.94,-4.5,6.38,25.67,4.61,35.96,95,1.05,-59.994795,19.98739,1.479,340.2,82.47,HIGH_FREQUENCY,HIGH_LOAD,HIGH,LOW,0.209,1,1,ANOMALY,true,-0.18279,0.683
2026-09-10T06:50:18.631Z,POLAR-001,2026-09-10T06:50:18.631Z,NORMAL,-16.52,-29.99,17,460,0.025,-0.009,0.823,12.94,-4.5,6.38,25.67,4.61,35.96,95,1.05,-59.994732,19.987344,1.487,340.2,82.39,HIGH_FREQUENCY,HIGH_LOAD,HIGH,LOW,0.209,1,1,ANOMALY,true,-0.18279,0.683
2026-09-10T06:50:23.632Z,POLAR-001,2026-09-10T06:50:23.632Z,NORMAL,-16.52,-29.99,17,460,0.025,-0.009,0.823,12.94,-4.5,6.38,25.67,4.61,35.96,95,1.05,-59.994669,19.987298,1.494,340.2,82.31,HIGH_FREQUENCY,HIGH_LOAD,HIGH,LOW,0.209,1,1,ANOMALY,true,-0.18279,0.683
2026-09-10T06:50:28.633Z,POLAR-001,2026-09-10T06:50:28.633Z,NORMAL,-16.52,-29.99,17,460,0.025,-0.009,0.823,12.94,-4.5,6.38,25.67,4.61,35.96,95,1.05,-59.994606,19.987253,1.501,340.2,82.23,HIGH_FREQUENCY,HIGH_LOAD,HIGH,LOW,0.209,1,1,ANOMALY,true,-0.18279,0.683
2026-09-10T06:50:33.634Z,POLAR-001,2026-09-10T06:50:33.634Z,NORMAL,-16.52,-29.99,17,460,0.025,-0.009,0.823,12.94,-4.5,6.38,25.67,4.61,35.96,95,1.05,-59.994542,19.987207,1.509,340.2,82.15,HIGH_FREQUENCY,HIGH_LOAD,HIGH,LOW,0.209,1,1,ANOMALY,true,-0.18279,0.683
2026-09-10T06:50:38.635Z,POLAR-001,2026-09-10T06:50:38.635Z,NORMAL,-16.52,-29.99,17,460,0.025,-0.009,0.823,12.94,-4.5,6.38,25.67,4.61,35.96,95,1.05,-59.994479,19.987162,1.516,340.2,82.07,HIGH_FREQUENCY,HIGH_LOAD,HIGH,LOW,0.209,1,1,ANOMALY,true,-0.18279,0.683
2026-09-10T06:50:43.637Z,POLAR-001,2026-09-10T06:50:43.637Z,NORMAL,-16.52,-29.99,17,460,0.025,-0.009,0.823,12.94,-4.5,6.38,25.67,4.61,35.96,95,1.05,-59.994416,19.987116,1.524,340.2,81.99,HIGH_FREQUENCY,HIGH_LOAD,HIGH,LOW,0.209,1,1,ANOMALY,true,-0.18279,0.683
2026-09-10T06:50:48.638Z,POLAR-001,2026-09-10T06:50:48.638Z,NORMAL,-16.52,-29.99,17,460,0.025,-0.009,0.823,12.94,-4.5,6.38,25.67,4.61,35.96,95,1.05,-59.994352,19.987071,1.531,340.2,81.91,HIGH_FREQUENCY,HIGH_LOAD,HIGH,LOW,0.209,1,1,ANOMALY,true,-0.18279,0.683
2026-09-10T06:50:53.639Z,POLAR-001,2026-09-10T06:50:53.639Z,NORMAL,-16.52,-29.99,17,460,0.025,-0.009,0.823,12.94,-4.5,6.38,25.67,4.61,35.96,95,1.05,-59.994289,19.987025,1.539,340.2,81.83,HIGH_FREQUENCY,HIGH_LOAD,HIGH,LOW,0.209,1,1,ANOMALY,true,-0.18279,0.683
2026-09-10T06:50:58.640Z,POLAR-001,2026-09-10T06:50:58.640Z,NORMAL,-16.52,-29.99,17,460,0.025,-0.009,0.823,12.94,-4.5,6.38,25.67,4.61,35.96,95,1.05,-59.994226,19.986979,1.546,340.2,81.75,HIGH_FREQUENCY,HIGH_LOAD,HIGH,LOW,0.209,1,1,ANOMALY,true,-0.18279,0.683
2026-09-10T06:51:03.641Z,POLAR-001,2026-09-10T06:51:03.641Z,NORMAL,-16.52,-29.99,17,460,0.025,-0.009,0.823,12.94,-4.5,6.38,25.67,4.61,35.96,95,1.05,-59.994163,19.986934,1.554,340.2,81.67,HIGH_FREQUENCY,HIGH_LOAD,HIGH,LOW,0.209,1,1,ANOMALY,true,-0.18279,0.683
2026-09-10T06:51:08.642Z,POLAR-001,2026-09-10T06:51:08.642Z,NORMAL,-16.52,-29.99,17,460,0.025,-0.009,0.823,12.94,-4.5,6.38,25.67,4.61,35.96,95,1.05,-59.994099,19.986888,1.561,340.2,81.59,HIGH_FREQUENCY,HIGH_LOAD,HIGH,LOW,0.209,1,1,ANOMALY,true,-0.18279,0.683
2026-09-10T06:51:13.644Z,POLAR-001,2026-09-10T06:51:13.644Z,NORMAL,-16.52,-29.99,17,460,0.025,-0.009,0.823,12.94,-4.5,6.38,25.67,4.61,35.96,95,1.05,-59.994036,19.986843,1.569,340.2,81.51,HIGH_FREQUENCY,HIGH_LOAD,HIGH,LOW,0.209,1,1,ANOMALY,true,-0.18279,0.683
2026-09-10T06:51:18.645Z,POLAR-001,2026-09-10T06:51:18.645Z,NORMAL,-16.52,-29.99,17,460,0.025,-0.009,0.823,12.94,-4.5,6.38,25.67,4.61,35.96,95,1.05,-59.993973,19.986797,1.576,340.2,81.43,HIGH_FREQUENCY,HIGH_LOAD,HIGH,LOW,0.209,1,1,ANOMALY,true,-0.18279,0.683
2026-09-10T06:51:23.645Z,POLAR-001,2026-09-10T06:51:23.645Z,NORMAL,-16.52,-29.99,17,460,0.025,-0.009,0.823,12.94,-4.5,6.38,25.67,4.61,35.96,95,1.05,-59.993909,19.986752,1.584,340.2,81.35,HIGH_FREQUENCY,HIGH_LOAD,HIGH,LOW,0.209,1,1,ANOMALY,true,-0.18279,0.683
2026-09-10T06:51:28.646Z,POLAR-001,2026-09-10T06:51:28.646Z,NORMAL,-16.52,-29.99,17,460,0.025,-0.009,0.823,12.94,-4.5,6.38,25.67,4.61,35.96,95,1.05,-59.993846,19.986706,1.591,340.2,81.27,HIGH_FREQUENCY,HIGH_LOAD,HIGH,LOW,0.209,1,1,ANOMALY,true,-0.18279,0.683
2026-09-10T06:51:33.648Z,POLAR-001,2026-09-10T06:51:33.648Z,NORMAL,-16.52,-29.99,17,460,0.025,-0.009,0.823,12.94,-4.5,6.38,25.67,4.61,35.96,95,1.05,-59.993783,19.98666,1.599,340.2,81.19,HIGH_FREQUENCY,HIGH_LOAD,HIGH,LOW,0.209,1,1,ANOMALY,true,-0.18279,0.683
2026-09-10T06:51:38.650Z,POLAR-001,2026-09-10T06:51:38.650Z,NORMAL,-16.52,-29.99,17,460,0.025,-0.009,0.823,12.94,-4.5,6.38,25.67,4.61,35.96,95,1.05,-59.993719,19.986615,1.606,340.2,81.11,HIGH_FREQUENCY,HIGH_LOAD,HIGH,LOW,0.209,1,1,ANOMALY,true,-0.18279,0.683
2026-09-10T06:51:43.650Z,POLAR-001,2026-09-10T06:51:43.650Z,NORMAL,-16.52,-29.99,17,460,0.025,-0.009,0.823,12.94,-4.5,6.38,25.67,4.61,35.96,95,1.05,-59.993656,19.986569,1.613,340.2,81.03,HIGH_FREQUENCY,HIGH_LOAD,HIGH,LOW,0.209,1,1,ANOMALY,true,-0.18279,0.683
2026-09-10T06:51:48.651Z,POLAR-001,2026-09-10T06:51:48.651Z,NORMAL,-16.52,-29.99,17,460,0.025,-0.009,0.823,12.94,-4.5,6.38,25.67,4.61,35.96,95,1.05,-59.993593,19.986524,1.621,340.2,80.95,HIGH_FREQUENCY,HIGH_LOAD,HIGH,LOW,0.209,1,1,ANOMALY,true,-0.18279,0.683
2026-09-10T06:51:53.652Z,POLAR-001,2026-09-10T06:51:53.652Z,NORMAL,-16.52,-29.99,17,460,0.025,-0.009,0.823,12.94,-4.5,6.38,25.67,4.61,35.96,95,1.05,-59.99353,19.986478,1.628,340.2,80.87,HIGH_FREQUENCY,HIGH_LOAD,HIGH,LOW,0.209,1,1,ANOMALY,true,-0.18279,0.683
2026-09-10T06:51:58.653Z,POLAR-001,2026-09-10T06:51:58.653Z,NORMAL,-16.52,-29.99,17,460,0.025,-0.009,0.823,12.94,-4.5,6.38,25.67,4.61,35.96,95,1.05,-59.993466,19.986433,1.636,340.2,80.79,HIGH_FREQUENCY,HIGH_LOAD,HIGH,LOW,0.209,1,1,ANOMALY,true,-0.18279,0.683
2026-09-10T06:52:03.654Z,POLAR-001,2026-09-10T06:52:03.654Z,NORMAL,-16.52,-29.99,17,460,0.025,-0.009,0.823,12.94,-4.5,6.38,25.67,4.61,35.96,95,1.05,-59.993403,19.986387,1.643,340.2,80.71,HIGH_FREQUENCY,HIGH_LOAD,HIGH,LOW,0.209,1,1,ANOMALY,true,-0.18279,0.683
2026-09-10T06:52:08.655Z,POLAR-001,2026-09-10T06:52:08.655Z,NORMAL,-16.52,-29.99,17,460,0.025,-0.009,0.823,12.94,-4.5,6.38,25.67,4.61,35.96,95,1.05,-59.99334,19.986342,1.651,340.2,80.63,HIGH_FREQUENCY,HIGH_LOAD,HIGH,LOW,0.209,1,1,ANOMALY,true,-0.18279,0.683
2026-09-10T06:52:13.657Z,POLAR-001,2026-09-10T06:52:13.657Z,NORMAL,-16.52,-29.99,17,460,0.025,-0.009,0.823,12.94,-4.5,6.38,25.67,4.61,35.96,95,1.05,-59.993276,19.986296,1.658,340.2,80.55,HIGH_FREQUENCY,HIGH_LOAD,HIGH,LOW,0.209,1,1,ANOMALY,true,-0.18279,0.683
2026-09-10T06:52:18.657Z,POLAR-001,2026-09-10T06:52:18.657Z,NORMAL,-16.52,-29.99,17,460,0.025,-0.009,0.823,12.94,-4.5,6.38,25.67,4.61,35.96,95,1.05,-59.993213,19.98625,1.666,340.2,80.47,HIGH_FREQUENCY,HIGH_LOAD,HIGH,LOW,0.209,1,1,ANOMALY,true,-0.18279,0.683
2026-09-10T06:52:23.659Z,POLAR-001,2026-09-10T06:52:23.659Z,NORMAL,-16.52,-29.99,17,460,0.025,-0.009,0.823,12.94,-4.5,6.38,25.67,4.61,35.96,95,1.05,-59.99315,19.986205,1.673,340.2,80.39,HIGH_FREQUENCY,HIGH_LOAD,HIGH,LOW,0.209,1,1,ANOMALY,true,-0.18279,0.683
2026-09-10T06:52:28.660Z,POLAR-001,2026-09-10T06:52:28.660Z,NORMAL,-16.52,-29.99,17,460,0.025,-0.009,0.823,12.94,-4.5,6.38,25.67,4.61,35.96,95,1.05,-59.993086,19.986159,1.681,340.2,80.31,HIGH_FREQUENCY,HIGH_LOAD,HIGH,LOW,0.209,1,1,ANOMALY,true,-0.18279,0.683
2026-09-10T06:52:33.662Z,POLAR-001,2026-09-10T06:52:33.662Z,NORMAL,-16.52,-29.99,17,460,0.025,-0.009,0.823,12.94,-4.5,6.38,25.67,4.61,35.96,95,1.05,-59.993023,19.986114,1.688,340.2,80.23,HIGH_FREQUENCY,HIGH_LOAD,HIGH,LOW,0.209,1,1,ANOMALY,true,-0.18279,0.683
2026-09-10T06:52:38.662Z,POLAR-001,2026-09-10T06:52:38.662Z,NORMAL,-16.52,-29.99,17,460,0.025,-0.009,0.823,12.94,-4.5,6.38,25.67,4.61,35.96,95,1.05,-59.99296,19.986068,1.696,340.2,80.15,HIGH_FREQUENCY,HIGH_LOAD,HIGH,LOW,0.209,1,1,ANOMALY,true,-0.18279,0.683
2026-09-10T06:52:43.664Z,POLAR-001,2026-09-10T06:52:43.664Z,NORMAL,-16.52,-29.99,17,460,0.025,-0.009,0.823,12.94,-4.5,6.38,25.67,4.61,35.96,95,1.05,-59.992897,19.986023,1.703,340.2,80.07,HIGH_FREQUENCY,HIGH_LOAD,HIGH,LOW,0.209,1,1,ANOMALY,true,-0.18279,0.683
2026-09-10T06:52:48.665Z,POLAR-001,2026-09-10T06:52:48.665Z,NORMAL,-16.52,-29.99,17,460,0.025,-0.009,0.823,12.94,-4.5,6.38,25.67,4.61,35.96,95,1.05,-59.992833,19.985977,1.711,340.2,79.99,HIGH_FREQUENCY,HIGH_LOAD,HIGH,LOW,0.209,1,1,ANOMALY,true,-0.18279,0.683
2026-09-10T06:52:53.665Z,POLAR-001,2026-09-10T06:52:53.665Z,NORMAL,-16.52,-29.99,17,460,0.025,-0.009,0.823,12.94,-4.5,6.38,25.67,4.61,35.96,95,1.05,-59.99277,19.985931,1.718,340.2,79.91,HIGH_FREQUENCY,HIGH_LOAD,HIGH,LOW,0.209,1,1,ANOMALY,true,-0.18279,0.683
2026-09-10T06:52:58.667Z,POLAR-001,2026-09-10T06:52:58.667Z,NORMAL,-16.52,-29.99,17,460,0.025,-0.009,0.823,12.94,-4.5,6.38,25.67,4.61,35.96,95,1.05,-59.992707,19.985886,1.725,340.2,79.83,HIGH_FREQUENCY,HIGH_LOAD,HIGH,LOW,0.209,1,1,ANOMALY,true,-0.18279,0.683
2026-09-10T06:53:03.668Z,POLAR-001,2026-09-10T06:53:03.668Z,NORMAL,-16.52,-29.99,17,460,0.025,-0.009,0.823,12.94,-4.5,6.38,25.67,4.61,35.96,95,1.05,-59.992643,19.98584,1.733,340.2,79.75,HIGH_FREQUENCY,HIGH_LOAD,HIGH,LOW,0.209,1,1,ANOMALY,true,-0.18279,0.683
2026-09-10T06:53:08.669Z,POLAR-001,2026-09-10T06:53:08.669Z,NORMAL,-16.52,-29.99,17,460,0.025,-0.009,0.823,12.94,-4.5,6.38,25.67,4.61,35.96,95,1.05,-59.99258,19.985795,1.74,340.2,79.67,HIGH_FREQUENCY,HIGH_LOAD,HIGH,LOW,0.209,1,1,ANOMALY,true,-0.18279,0.683
2026-09-10T06:53:13.670Z,POLAR-001,2026-09-10T06:53:13.670Z,NORMAL,-16.52,-29.99,17,460,0.025,-0.009,0.823,12.94,-4.5,6.38,25.67,4.61,35.96,95,1.05,-59.992517,19.985749,1.748,340.2,79.59,HIGH_FREQUENCY,HIGH_LOAD,HIGH,LOW,0.209,1,1,ANOMALY,true,-0.18279,0.683
2026-09-10T06:53:18.672Z,POLAR-001,2026-09-10T06:53:18.672Z,NORMAL,-16.52,-29.99,17,460,0.025,-0.009,0.823,12.94,-4.5,6.38,25.67,4.61,35.96,95,1.05,-59.992454,19.985704,1.755,340.2,79.51,HIGH_FREQUENCY,HIGH_LOAD,HIGH,LOW,0.209,1,1,ANOMALY,true,-0.18279,0.683
2026-09-10T06:53:23.672Z,POLAR-001,2026-09-10T06:53:23.672Z,NORMAL,-16.52,-29.99,17,460,0.025,-0.009,0.823,12.94,-4.5,6.38,25.67,4.61,35.96,95,1.05,-59.99239,19.985658,1.763,340.2,79.43,HIGH_FREQUENCY,HIGH_LOAD,HIGH,LOW,0.209,1,1,ANOMALY,true,-0.18279,0.683
2026-09-10T06:53:28.674Z,POLAR-001,2026-09-10T06:53:28.674Z,NORMAL,-16.52,-29.99,17,460,0.025,-0.009,0.823,12.94,-4.5,6.38,25.67,4.61,35.96,95,1.05,-59.992327,19.985612,1.77,340.2,79.35,HIGH_FREQUENCY,HIGH_LOAD,HIGH,LOW,0.209,1,1,ANOMALY,true,-0.18279,0.683
2026-09-10T06:53:33.674Z,POLAR-001,2026-09-10T06:53:33.674Z,NORMAL,-16.52,-29.99,17,460,0.025,-0.009,0.823,12.94,-4.5,6.38,25.67,4.61,35.96,95,1.05,-59.992264,19.985567,1.778,340.2,79.27,HIGH_FREQUENCY,HIGH_LOAD,HIGH,LOW,0.209,1,1,ANOMALY,true,-0.18279,0.683
2026-09-10T06:53:38.675Z,POLAR-001,2026-09-10T06:53:38.675Z,NORMAL,-16.52,-29.99,17,460,0.025,-0.009,0.823,12.94,-4.5,6.38,25.67,4.61,35.96,95,1.05,-59.9922,19.985521,1.785,340.2,79.19,HIGH_FREQUENCY,HIGH_LOAD,HIGH,LOW,0.209,1,1,ANOMALY,true,-0.18279,0.683
2026-09-10T06:53:43.676Z,POLAR-001,2026-09-10T06:53:43.676Z,NORMAL,-16.52,-29.99,17,460,0.025,-0.009,0.823,12.94,-4.5,6.38,25.67,4.61,35.96,95,1.05,-59.992137,19.985476,1.793,340.2,79.11,HIGH_FREQUENCY,HIGH_LOAD,HIGH,LOW,0.209,1,1,ANOMALY,true,-0.18279,0.683
2026-09-10T06:53:48.678Z,POLAR-001,2026-09-10T06:53:48.678Z,NORMAL,-16.52,-29.99,17,460,0.025,-0.009,0.823,12.94,-4.5,6.38,25.67,4.61,35.96,95,1.05,-59.992074,19.98543,1.8,340.2,79.03,HIGH_FREQUENCY,HIGH_LOAD,HIGH,LOW,0.209,1,1,ANOMALY,true,-0.18279,0.683
2026-09-10T06:53:53.679Z,POLAR-001,2026-09-10T06:53:53.679Z,NORMAL,-16.52,-29.99,17,460,0.025,-0.009,0.823,12.94,-4.5,6.38,25.67,4.61,35.96,95,1.05,-59.99201,19.985385,1.808,340.2,78.95,HIGH_FREQUENCY,HIGH_LOAD,HIGH,LOW,0.209,1,1,ANOMALY,true,-0.18279,0.683
2026-09-10T06:53:58.680Z,POLAR-001,2026-09-10T06:53:58.680Z,NORMAL,-16.52,-29.99,17,460,0.025,-0.009,0.823,12.94,-4.5,6.38,25.67,4.61,35.96,95,1.05,-59.991947,19.985339,1.815,340.2,78.87,HIGH_FREQUENCY,HIGH_LOAD,HIGH,LOW,0.209,1,1,ANOMALY,true,-0.18279,0.683
2026-09-10T06:54:03.680Z,POLAR-001,2026-09-10T06:54:03.680Z,NORMAL,-16.52,-29.99,17,460,0.025,-0.009,0.823,12.94,-4.5,6.38,25.67,4.61,35.96,95,1.05,-59.991884,19.985294,1.823,340.2,78.79,HIGH_FREQUENCY,HIGH_LOAD,HIGH,LOW,0.209,1,1,ANOMALY,true,-0.18279,0.683
2026-09-10T06:54:08.681Z,POLAR-001,2026-09-10T06:54:08.681Z,NORMAL,-16.52,-29.99,17,460,0.025,-0.009,0.823,12.94,-4.5,6.38,25.67,4.61,35.96,95,1.05,-59.991821,19.985248,1.83,340.2,78.71,HIGH_FREQUENCY,HIGH_LOAD,HIGH,LOW,0.209,1,1,ANOMALY,true,-0.18279,0.683
2026-09-10T06:54:13.682Z,POLAR-001,2026-09-10T06:54:13.682Z,NORMAL,-16.52,-29.99,17,460,0.025,-0.009,0.823,12.94,-4.5,6.38,25.67,4.61,35.96,95,1.05,-59.991757,19.985202,1.838,340.2,78.63,HIGH_FREQUENCY,HIGH_LOAD,HIGH,LOW,0.209,1,1,ANOMALY,true,-0.18279,0.683
2026-09-10T06:54:18.683Z,POLAR-001,2026-09-10T06:54:18.683Z,NORMAL,-16.52,-29.99,17,460,0.025,-0.009,0.823,12.94,-4.5,6.38,25.67,4.61,35.96,95,1.05,-59.991694,19.985157,1.845,340.2,78.55,HIGH_FREQUENCY,HIGH_LOAD,HIGH,LOW,0.209,1,1,ANOMALY,true,-0.18279,0.683
2026-09-10T06:54:23.685Z,POLAR-001,2026-09-10T06:54:23.685Z,NORMAL,-16.52,-29.99,17,460,0.025,-0.009,0.823,12.94,-4.5,6.38,25.67,4.61,35.96,95,1.05,-59.991631,19.985111,1.852,340.2,78.47,HIGH_FREQUENCY,HIGH_LOAD,HIGH,LOW,0.209,1,1,ANOMALY,true,-0.18279,0.683
2026-09-10T06:54:28.685Z,POLAR-001,2026-09-10T06:54:28.685Z,NORMAL,-16.52,-29.99,17,460,0.025,-0.009,0.823,12.94,-4.5,6.38,25.67,4.61,35.96,95,1.05,-59.991567,19.985066,1.86,340.2,78.39,HIGH_FREQUENCY,HIGH_LOAD,HIGH,LOW,0.209,1,1,ANOMALY,true,-0.18279,0.683
2026-09-10T06:54:33.686Z,POLAR-001,2026-09-10T06:54:33.686Z,NORMAL,-16.52,-29.99,17,460,0.025,-0.009,0.823,12.94,-4.5,6.38,25.67,4.61,35.96,95,1.05,-59.991504,19.98502,1.867,340.2,78.31,HIGH_FREQUENCY,HIGH_LOAD,HIGH,LOW,0.209,1,1,ANOMALY,true,-0.18279,0.683
2026-09-10T06:54:38.687Z,POLAR-001,2026-09-10T06:54:38.687Z,NORMAL,-16.52,-29.99,17,460,0.025,-0.009,0.823,12.94,-4.5,6.38,25.67,4.61,35.96,95,1.05,-59.991441,19.984975,1.875,340.2,78.23,HIGH_FREQUENCY,HIGH_LOAD,HIGH,LOW,0.209,1,1,ANOMALY,true,-0.18279,0.683
2026-09-10T06:54:43.688Z,POLAR-001,2026-09-10T06:54:43.688Z,NORMAL,-16.52,-29.99,17,460,0.025,-0.009,0.823,12.94,-4.5,6.38,25.67,4.61,35.96,95,1.05,-59.991378,19.984929,1.882,340.2,78.15,HIGH_FREQUENCY,HIGH_LOAD,HIGH,LOW,0.209,1,1,ANOMALY,true,-0.18279,0.683
2026-09-10T06:54:48.690Z,POLAR-001,2026-09-10T06:54:48.690Z,NORMAL,-16.52,-29.99,17,460,0.025,-0.009,0.823,12.94,-4.5,6.38,25.67,4.61,35.96,95,1.05,-59.991314,19.984883,1.89,340.2,78.07,HIGH_FREQUENCY,HIGH_LOAD,HIGH,LOW,0.209,1,1,ANOMALY,true,-0.18279,0.683
2026-09-10T06:54:53.691Z,POLAR-001,2026-09-10T06:54:53.691Z,NORMAL,-16.52,-29.99,17,460,0.025,-0.009,0.823,12.94,-4.5,6.38,25.67,4.61,35.96,95,1.05,-59.991251,19.984838,1.897,340.2,77.99,HIGH_FREQUENCY,HIGH_LOAD,HIGH,LOW,0.209,1,1,ANOMALY,true,-0.18279,0.683
2026-09-10T06:54:58.954Z,POLAR-001,2026-09-10T06:54:58.954Z,NORMAL,-16.52,-29.99,17,460,0.025,-0.009,0.823,12.94,-4.5,6.38,25.67,4.61,35.96,95,1.05,-59.991188,19.984792,1.905,340.2,77.91,HIGH_FREQUENCY,HIGH_LOAD,HIGH,LOW,0.209,1,1,ANOMALY,true,-0.18279,0.683
2026-09-10T06:55:03.956Z,POLAR-001,2026-09-10T06:55:03.956Z,NORMAL,-16.52,-29.99,17,460,0.025,-0.009,0.823,12.94,-4.5,6.38,25.67,4.61,35.96,95,1.05,-59.991124,19.984747,1.912,340.2,77.83,HIGH_FREQUENCY,HIGH_LOAD,HIGH,LOW,0.209,1,1,ANOMALY,true,-0.18279,0.683
2026-09-10T06:55:08.957Z,POLAR-001,2026-09-10T06:55:08.957Z,NORMAL,-16.52,-29.99,17,460,0.025,-0.009,0.823,12.94,-4.5,6.38,25.67,4.61,35.96,95,1.05,-59.991061,19.984701,1.92,340.2,77.75,HIGH_FREQUENCY,HIGH_LOAD,HIGH,LOW,0.209,1,1,ANOMALY,true,-0.18279,0.683
2026-09-10T06:55:13.960Z,POLAR-001,2026-09-10T06:55:13.960Z,NORMAL,-16.52,-29.99,17,460,0.025,-0.009,0.823,12.94,-4.5,6.38,25.67,4.61,35.96,95,1.05,-59.990998,19.984656,1.927,340.2,77.67,HIGH_FREQUENCY,HIGH_LOAD,HIGH,LOW,0.209,1,1,ANOMALY,true,-0.18279,0.683
2026-09-10T06:55:18.962Z,POLAR-001,2026-09-10T06:55:18.962Z,NORMAL,-16.52,-29.99,17,460,0.025,-0.009,0.823,12.94,-4.5,6.38,25.67,4.61,35.96,95,1.05,-59.990934,19.98461,1.935,340.2,77.59,HIGH_FREQUENCY,HIGH_LOAD,HIGH,LOW,0.209,1,1,ANOMALY,true,-0.18279,0.683
2026-09-10T06:55:23.964Z,POLAR-001,2026-09-10T06:55:23.964Z,NORMAL,-16.52,-29.99,17,460,0.025,-0.009,0.823,12.94,-4.5,6.38,25.67,4.61,35.96,95,1.05,-59.990871,19.984564,1.942,340.2,77.51,HIGH_FREQUENCY,HIGH_LOAD,HIGH,LOW,0.209,1,1,ANOMALY,true,-0.18279,0.683
2026-09-10T06:55:28.965Z,POLAR-001,2026-09-10T06:55:28.965Z,NORMAL,-16.52,-29.99,17,460,0.025,-0.009,0.823,12.94,-4.5,6.38,25.67,4.61,35.96,95,1.05,-59.990808,19.984519,1.95,340.2,77.43,HIGH_FREQUENCY,HIGH_LOAD,HIGH,LOW,0.209,1,1,ANOMALY,true,-0.18279,0.683
2026-09-10T06:55:33.966Z,POLAR-001,2026-09-10T06:55:33.966Z,NORMAL,-16.52,-29.99,17,460,0.025,-0.009,0.823,12.94,-4.5,6.38,25.67,4.61,35.96,95,1.05,-59.990745,19.984473,1.957,340.2,77.35,HIGH_FREQUENCY,HIGH_LOAD,HIGH,LOW,0.209,1,1,ANOMALY,true,-0.18279,0.683
2026-09-10T06:55:38.967Z,POLAR-001,2026-09-10T06:55:38.968Z,NORMAL,-16.52,-29.99,17,460,0.025,-0.009,0.823,12.94,-4.5,6.38,25.67,4.61,35.96,95,1.05,-59.990681,19.984428,1.964,340.2,77.27,HIGH_FREQUENCY,HIGH_LOAD,HIGH,LOW,0.209,1,1,ANOMALY,true,-0.18279,0.683
2026-09-10T06:55:43.969Z,POLAR-001,2026-09-10T06:55:43.969Z,NORMAL,-16.52,-29.99,17,460,0.025,-0.009,0.823,12.94,-4.5,6.38,25.67,4.61,35.96,95,1.05,-59.990618,19.984382,1.972,340.2,77.19,HIGH_FREQUENCY,HIGH_LOAD,HIGH,LOW,0.209,1,1,ANOMALY,true,-0.18279,0.683
2026-09-10T07:01:13.816Z,POLAR-001,2026-09-10T07:01:13.816Z,NORMAL,-16.52,-29.99,17,460,0.025,-0.009,0.823,12.94,-4.5,6.38,25.67,4.61,35.96,95,1.05,-59.990555,19.984337,1.979,340.2,77.11,HIGH_FREQUENCY,HIGH_LOAD,HIGH,LOW,0.209,1,1,ANOMALY,true,-0.18279,0.683
2026-09-10T07:01:18.822Z,POLAR-001,2026-09-10T07:01:18.822Z,NORMAL,-16.52,-29.99,17,460,0.025,-0.009,0.823,12.94,-4.5,6.38,25.67,4.61,35.96,95,1.05,-59.990491,19.984291,1.987,340.2,77.03,HIGH_FREQUENCY,HIGH_LOAD,HIGH,LOW,0.209,1,1,ANOMALY,true,-0.18279,0.683
2026-09-10T07:01:23.824Z,POLAR-001,2026-09-10T07:01:23.824Z,NORMAL,-16.52,-29.99,17,460,0.025,-0.009,0.823,12.94,-4.5,6.38,25.67,4.61,35.96,95,1.05,-59.990428,19.984246,1.994,340.2,76.95,HIGH_FREQUENCY,HIGH_LOAD,HIGH,LOW,0.209,1,1,ANOMALY,true,-0.18279,0.683
2026-09-10T07:01:28.826Z,POLAR-001,2026-09-10T07:01:28.826Z,NORMAL,-16.52,-29.99,17,460,0.025,-0.009,0.823,12.94,-4.5,6.38,25.67,4.61,35.96,95,1.05,-59.990365,19.9842,2.002,340.2,76.87,HIGH_FREQUENCY,HIGH_LOAD,HIGH,LOW,0.209,1,1,ANOMALY,true,-0.18279,0.683
2026-09-10T07:01:33.828Z,POLAR-001,2026-09-10T07:01:33.828Z,NORMAL,-16.52,-29.99,17,460,0.025,-0.009,0.823,12.94,-4.5,6.38,25.67,4.61,35.96,95,1.05,-59.990301,19.984154,2.009,340.2,76.79,HIGH_FREQUENCY,HIGH_LOAD,HIGH,LOW,0.209,1,1,ANOMALY,true,-0.18279,0.683
2026-09-10T07:01:38.830Z,POLAR-001,2026-09-10T07:01:38.830Z,NORMAL,-16.52,-29.99,17,460,0.025,-0.009,0.823,12.94,-4.5,6.38,25.67,4.61,35.96,95,1.05,-59.990238,19.984109,2.017,340.2,76.71,HIGH_FREQUENCY,HIGH_LOAD,HIGH,LOW,0.209,1,1,ANOMALY,true,-0.18279,0.683
2026-09-10T07:01:43.832Z,POLAR-001,2026-09-10T07:01:43.832Z,NORMAL,-16.52,-29.99,17,460,0.025,-0.009,0.823,12.94,-4.5,6.38,25.67,4.61,35.96,95,1.05,-59.990175,19.984063,2.024,340.2,76.63,HIGH_FREQUENCY,HIGH_LOAD,HIGH,LOW,0.209,1,1,ANOMALY,true,-0.18279,0.683
2026-09-10T07:01:48.834Z,POLAR-001,2026-09-10T07:01:48.834Z,NORMAL,-16.52,-29.99,17,460,0.025,-0.009,0.823,12.94,-4.5,6.38,25.67,4.61,35.96,95,1.05,-59.990112,19.984018,2.032,340.2,76.55,HIGH_FREQUENCY,HIGH_LOAD,HIGH,LOW,0.209,1,1,ANOMALY,true,-0.18279,0.683
2026-09-10T07:01:53.837Z,POLAR-001,2026-09-10T07:01:53.837Z,NORMAL,-16.52,-29.99,17,460,0.025,-0.009,0.823,12.94,-4.5,6.38,25.67,4.61,35.96,95,1.05,-59.990048,19.983972,2.039,340.2,76.47,HIGH_FREQUENCY,HIGH_LOAD,HIGH,LOW,0.209,1,1,ANOMALY,true,-0.18279,0.683
2026-09-10T07:02:47.592Z,POLAR-001,2026-09-10T07:02:47.592Z,NORMAL,-16.52,-29.99,17,460,0.025,-0.009,0.823,12.94,-4.5,6.38,25.67,4.61,35.96,95,1.05,-59.989985,19.983927,2.047,340.2,76.39,HIGH_FREQUENCY,HIGH_LOAD,HIGH,LOW,0.209,1,1,ANOMALY,true,-0.18279,0.683
2026-09-10T07:02:52.594Z,POLAR-001,2026-09-10T07:02:52.594Z,NORMAL,-16.52,-29.99,17,460,0.025,-0.009,0.823,12.94,-4.5,6.38,25.67,4.61,35.96,95,1.05,-59.989922,19.983881,2.054,340.2,76.31,HIGH_FREQUENCY,HIGH_LOAD,HIGH,LOW,0.209,1,1,ANOMALY,true,-0.18279,0.683
2026-09-10T07:02:57.595Z,POLAR-001,2026-09-10T07:02:57.595Z,NORMAL,-16.52,-29.99,17,460,0.025,-0.009,0.823,12.94,-4.5,6.38,25.67,4.61,35.96,95,1.05,-59.989858,19.983835,2.062,340.2,76.23,HIGH_FREQUENCY,HIGH_LOAD,HIGH,LOW,0.209,1,1,ANOMALY,true,-0.18279,0.683
2026-09-10T07:03:02.596Z,POLAR-001,2026-09-10T07:03:02.596Z,NORMAL,-16.52,-29.99,17,460,0.025,-0.009,0.823,12.94,-4.5,6.38,25.67,4.61,35.96,95,1.05,-59.989795,19.98379,2.069,340.2,76.15,HIGH_FREQUENCY,HIGH_LOAD,HIGH,LOW,0.209,1,1,ANOMALY,true,-0.18279,0.683
2026-09-10T07:03:07.598Z,POLAR-001,2026-09-10T07:03:07.598Z,NORMAL,-16.52,-29.99,17,460,0.025,-0.009,0.823,12.94,-4.5,6.38,25.67,4.61,35.96,95,1.05,-59.989732,19.983744,2.076,340.2,76.07,HIGH_FREQUENCY,HIGH_LOAD,HIGH,LOW,0.209,1,1,ANOMALY,true,-0.18279,0.683
2026-09-10T07:03:12.599Z,POLAR-001,2026-09-10T07:03:12.599Z,NORMAL,-16.52,-29.99,17,460,0.025,-0.009,0.823,12.94,-4.5,6.38,25.67,4.61,35.96,95,1.05,-59.989669,19.983699,2.084,340.2,75.99,HIGH_FREQUENCY,HIGH_LOAD,HIGH,LOW,0.209,1,1,ANOMALY,true,-0.18279,0.683
2026-09-10T07:03:17.600Z,POLAR-001,2026-09-10T07:03:17.600Z,NORMAL,-16.52,-29.99,17,460,0.025,-0.009,0.823,12.94,-4.5,6.38,25.67,4.61,35.96,95,1.05,-59.989605,19.983653,2.091,340.2,75.91,HIGH_FREQUENCY,HIGH_LOAD,HIGH,LOW,0.209,1,1,ANOMALY,true,-0.18279,0.683
2026-09-10T07:03:22.601Z,POLAR-001,2026-09-10T07:03:22.601Z,NORMAL,-16.52,-29.99,17,460,0.025,-0.009,0.823,12.94,-4.5,6.38,25.67,4.61,35.96,95,1.05,-59.989542,19.983608,2.099,340.2,75.83,HIGH_FREQUENCY,HIGH_LOAD,HIGH,LOW,0.209,1,1,ANOMALY,true,-0.18279,0.683
2026-09-10T07:03:27.602Z,POLAR-001,2026-09-10T07:03:27.602Z,NORMAL,-16.52,-29.99,17,460,0.025,-0.009,0.823,12.94,-4.5,6.38,25.67,4.61,35.96,95,1.05,-59.989479,19.983562,2.106,340.2,75.75,HIGH_FREQUENCY,HIGH_LOAD,HIGH,LOW,0.209,1,1,ANOMALY,true,-0.18279,0.683
2026-09-10T07:03:32.603Z,POLAR-001,2026-09-10T07:03:32.603Z,NORMAL,-16.52,-29.99,17,460,0.025,-0.009,0.823,12.94,-4.5,6.38,25.67,4.61,35.96,95,1.05,-59.989415,19.983517,2.114,340.2,75.67,HIGH_FREQUENCY,HIGH_LOAD,HIGH,LOW,0.209,1,1,ANOMALY,true,-0.18279,0.683
2026-09-10T07:03:37.604Z,POLAR-001,2026-09-10T07:03:37.604Z,NORMAL,-16.52,-29.99,17,460,0.025,-0.009,0.823,12.94,-4.5,6.38,25.67,4.61,35.96,95,1.05,-59.989352,19.983471,2.121,340.2,75.59,HIGH_FREQUENCY,HIGH_LOAD,HIGH,LOW,0.209,1,1,ANOMALY,true,-0.18279,0.683
2026-09-10T07:03:42.605Z,POLAR-001,2026-09-10T07:03:42.605Z,NORMAL,-16.52,-29.99,17,460,0.025,-0.009,0.823,12.94,-4.5,6.38,25.67,4.61,35.96,95,1.05,-59.989289,19.983425,2.129,340.2,75.51,HIGH_FREQUENCY,HIGH_LOAD,HIGH,LOW,0.209,1,1,ANOMALY,true,-0.18279,0.683
2026-09-10T07:03:47.606Z,POLAR-001,2026-09-10T07:03:47.606Z,NORMAL,-16.52,-29.99,17,460,0.025,-0.009,0.823,12.94,-4.5,6.38,25.67,4.61,35.96,95,1.05,-59.989225,19.98338,2.136,340.2,75.43,HIGH_FREQUENCY,HIGH_LOAD,HIGH,LOW,0.209,1,1,ANOMALY,true,-0.18279,0.683
2026-09-10T07:03:52.608Z,POLAR-001,2026-09-10T07:03:52.608Z,NORMAL,-16.52,-29.99,17,460,0.025,-0.009,0.823,12.94,-4.5,6.38,25.67,4.61,35.96,95,1.05,-59.989162,19.983334,2.144,340.2,75.35,HIGH_FREQUENCY,HIGH_LOAD,HIGH,LOW,0.209,1,1,ANOMALY,true,-0.18279,0.683
2026-09-10T07:03:57.609Z,POLAR-001,2026-09-10T07:03:57.609Z,NORMAL,-16.52,-29.99,17,460,0.025,-0.009,0.823,12.94,-4.5,6.38,25.67,4.61,35.96,95,1.05,-59.989099,19.983289,2.151,340.2,75.27,HIGH_FREQUENCY,HIGH_LOAD,HIGH,LOW,0.209,1,1,ANOMALY,true,-0.18279,0.683
2026-09-10T07:04:02.610Z,POLAR-001,2026-09-10T07:04:02.610Z,NORMAL,-16.52,-29.99,17,460,0.025,-0.009,0.823,12.94,-4.5,6.38,25.67,4.61,35.96,95,1.05,-59.989036,19.983243,2.159,340.2,75.19,HIGH_FREQUENCY,HIGH_LOAD,HIGH,LOW,0.209,1,1,ANOMALY,true,-0.18279,0.683
2026-09-10T07:04:07.612Z,POLAR-001,2026-09-10T07:04:07.612Z,NORMAL,-16.52,-29.99,17,460,0.025,-0.009,0.823,12.94,-4.5,6.38,25.67,4.61,35.96,95,1.05,-59.988972,19.983198,2.166,340.2,75.11,HIGH_FREQUENCY,HIGH_LOAD,HIGH,LOW,0.209,1,1,ANOMALY,true,-0.18279,0.683
2026-09-10T07:04:12.612Z,POLAR-001,2026-09-10T07:04:12.612Z,NORMAL,-16.52,-29.99,17,460,0.025,-0.009,0.823,12.94,-4.5,6.38,25.67,4.61,35.96,95,1.05,-59.988909,19.983152,2.174,340.2,75.03,HIGH_FREQUENCY,HIGH_LOAD,HIGH,LOW,0.209,1,1,ANOMALY,true,-0.18279,0.683
2026-09-10T07:04:17.612Z,POLAR-001,2026-09-10T07:04:17.612Z,NORMAL,-16.52,-29.99,17,460,0.025,-0.009,0.823,12.94,-4.5,6.38,25.67,4.61,35.96,95,1.05,-59.988846,19.983107,2.181,340.2,74.95,HIGH_FREQUENCY,HIGH_LOAD,HIGH,LOW,0.209,1,1,ANOMALY,true,-0.18279,0.683
2026-09-10T07:04:22.613Z,POLAR-001,2026-09-10T07:04:22.613Z,NORMAL,-16.52,-29.99,17,460,0.025,-0.009,0.823,12.94,-4.5,6.38,25.67,4.61,35.96,95,1.05,-59.988782,19.983061,2.188,340.2,74.87,HIGH_FREQUENCY,HIGH_LOAD,HIGH,LOW,0.209,1,1,ANOMALY,true,-0.18279,0.683
2026-09-10T07:04:27.614Z,POLAR-001,2026-09-10T07:04:27.614Z,NORMAL,-16.52,-29.99,17,460,0.025,-0.009,0.823,12.94,-4.5,6.38,25.67,4.61,35.96,95,1.05,-59.988719,19.983015,2.196,340.2,74.79,HIGH_FREQUENCY,HIGH_LOAD,HIGH,LOW,0.209,1,1,ANOMALY,true,-0.18279,0.683
2026-09-10T07:04:32.615Z,POLAR-001,2026-09-10T07:04:32.615Z,NORMAL,-16.52,-29.99,17,460,0.025,-0.009,0.823,12.94,-4.5,6.38,25.67,4.61,35.96,95,1.05,-59.988656,19.98297,2.203,340.2,74.71,HIGH_FREQUENCY,HIGH_LOAD,HIGH,LOW,0.209,1,1,ANOMALY,true,-0.18279,0.683
2026-09-10T07:04:37.617Z,POLAR-001,2026-09-10T07:04:37.617Z,NORMAL,-16.52,-29.99,17,460,0.025,-0.009,0.823,12.94,-4.5,6.38,25.67,4.61,35.96,95,1.05,-59.988592,19.982924,2.211,340.2,74.63,HIGH_FREQUENCY,HIGH_LOAD,HIGH,LOW,0.209,1,1,ANOMALY,true,-0.18279,0.683
2026-09-10T07:04:42.618Z,POLAR-001,2026-09-10T07:04:42.618Z,NORMAL,-16.52,-29.99,17,460,0.025,-0.009,0.823,12.94,-4.5,6.38,25.67,4.61,35.96,95,1.05,-59.988529,19.982879,2.218,340.2,74.55,HIGH_FREQUENCY,HIGH_LOAD,HIGH,LOW,0.209,1,1,ANOMALY,true,-0.18279,0.683
2026-09-10T07:04:47.619Z,POLAR-001,2026-09-10T07:04:47.619Z,NORMAL,-16.52,-29.99,17,460,0.025,-0.009,0.823,12.94,-4.5,6.38,25.67,4.61,35.96,95,1.05,-59.988466,19.982833,2.226,340.2,74.47,HIGH_FREQUENCY,HIGH_LOAD,HIGH,LOW,0.209,1,1,ANOMALY,true,-0.18279,0.683
2026-09-10T07:04:52.619Z,POLAR-001,2026-09-10T07:04:52.619Z,NORMAL,-16.52,-29.99,17,460,0.025,-0.009,0.823,12.94,-4.5,6.38,25.67,4.61,35.96,95,1.05,-59.988403,19.982788,2.233,340.2,74.39,HIGH_FREQUENCY,HIGH_LOAD,HIGH,LOW,0.209,1,1,ANOMALY,true,-0.18279,0.683
2026-09-10T07:04:57.620Z,POLAR-001,2026-09-10T07:04:57.620Z,NORMAL,-16.52,-29.99,17,460,0.025,-0.009,0.823,12.94,-4.5,6.38,25.67,4.61,35.96,95,1.05,-59.988339,19.982742,2.241,340.2,74.31,HIGH_FREQUENCY,HIGH_LOAD,HIGH,LOW,0.209,1,1,ANOMALY,true,-0.18279,0.683
2026-09-10T07:05:02.622Z,POLAR-001,2026-09-10T07:05:02.622Z,NORMAL,-16.52,-29.99,17,460,0.025,-0.009,0.823,12.94,-4.5,6.38,25.67,4.61,35.96,95,1.05,-59.988276,19.982696,2.248,340.2,74.23,HIGH_FREQUENCY,HIGH_LOAD,HIGH,LOW,0.209,1,1,ANOMALY,true,-0.18279,0.683
2026-09-10T07:05:07.622Z,POLAR-001,2026-09-10T07:05:07.622Z,NORMAL,-16.52,-29.99,17,460,0.025,-0.009,0.823,12.94,-4.5,6.38,25.67,4.61,35.96,95,1.05,-59.988213,19.982651,2.256,340.2,74.15,HIGH_FREQUENCY,HIGH_LOAD,HIGH,LOW,0.209,1,1,ANOMALY,true,-0.18279,0.683
2026-09-10T07:05:12.623Z,POLAR-001,2026-09-10T07:05:12.623Z,NORMAL,-16.52,-29.99,17,460,0.025,-0.009,0.823,12.94,-4.5,6.38,25.67,4.61,35.96,95,1.05,-59.988149,19.982605,2.263,340.2,74.07,HIGH_FREQUENCY,HIGH_LOAD,HIGH,LOW,0.209,1,1,ANOMALY,true,-0.18279,0.683
2026-09-10T07:05:17.624Z,POLAR-001,2026-09-10T07:05:17.624Z,NORMAL,-16.52,-29.99,17,460,0.025,-0.009,0.823,12.94,-4.5,6.38,25.67,4.61,35.96,95,1.05,-59.988086,19.98256,2.271,340.2,73.99,HIGH_FREQUENCY,HIGH_LOAD,HIGH,LOW,0.209,1,1,ANOMALY,true,-0.18279,0.683
2026-09-10T07:05:22.625Z,POLAR-001,2026-09-10T07:05:22.625Z,NORMAL,-16.52,-29.99,17,460,0.025,-0.009,0.823,12.94,-4.5,6.38,25.67,4.61,35.96,95,1.05,-59.988023,19.982514,2.278,340.2,73.91,HIGH_FREQUENCY,HIGH_LOAD,HIGH,LOW,0.209,1,1,ANOMALY,true,-0.18279,0.683
2026-09-10T07:05:27.627Z,POLAR-001,2026-09-10T07:05:27.627Z,NORMAL,-16.52,-29.99,17,460,0.025,-0.009,0.823,12.94,-4.5,6.38,25.67,4.61,35.96,95,1.05,-59.98796,19.982469,2.286,340.2,73.83,HIGH_FREQUENCY,HIGH_LOAD,HIGH,LOW,0.209,1,1,ANOMALY,true,-0.18279,0.683
2026-09-10T07:05:32.628Z,POLAR-001,2026-09-10T07:05:32.628Z,NORMAL,-16.52,-29.99,17,460,0.025,-0.009,0.823,12.94,-4.5,6.38,25.67,4.61,35.96,95,1.05,-59.987896,19.982423,2.293,340.2,73.75,HIGH_FREQUENCY,HIGH_LOAD,HIGH,LOW,0.209,1,1,ANOMALY,true,-0.18279,0.683
2026-09-10T07:05:37.630Z,POLAR-001,2026-09-10T07:05:37.630Z,NORMAL,-16.52,-29.99,17,460,0.025,-0.009,0.823,12.94,-4.5,6.38,25.67,4.61,35.96,95,1.05,-59.987833,19.982378,2.3,340.2,73.67,HIGH_FREQUENCY,HIGH_LOAD,HIGH,LOW,0.209,1,1,ANOMALY,true,-0.18279,0.683
2026-09-10T07:05:42.630Z,POLAR-001,2026-09-10T07:05:42.630Z,NORMAL,-16.52,-29.99,17,460,0.025,-0.009,0.823,12.94,-4.5,6.38,25.67,4.61,35.96,95,1.05,-59.98777,19.982332,2.308,340.2,73.59,HIGH_FREQUENCY,HIGH_LOAD,HIGH,LOW,0.209,1,1,ANOMALY,true,-0.18279,0.683
2026-09-10T07:05:47.631Z,POLAR-001,2026-09-10T07:05:47.631Z,NORMAL,-16.52,-29.99,17,460,0.025,-0.009,0.823,12.94,-4.5,6.38,25.67,4.61,35.96,95,1.05,-59.987706,19.982286,2.315,340.2,73.51,HIGH_FREQUENCY,HIGH_LOAD,HIGH,LOW,0.209,1,1,ANOMALY,true,-0.18279,0.683
2026-09-10T07:05:52.632Z,POLAR-001,2026-09-10T07:05:52.632Z,NORMAL,-16.52,-29.99,17,460,0.025,-0.009,0.823,12.94,-4.5,6.38,25.67,4.61,35.96,95,1.05,-59.987643,19.982241,2.323,340.2,73.43,HIGH_FREQUENCY,HIGH_LOAD,HIGH,LOW,0.209,1,1,ANOMALY,true,-0.18279,0.683
2026-09-10T07:05:57.633Z,POLAR-001,2026-09-10T07:05:57.633Z,NORMAL,-16.52,-29.99,17,460,0.025,-0.009,0.823,12.94,-4.5,6.38,25.67,4.61,35.96,95,1.05,-59.98758,19.982195,2.33,340.2,73.35,HIGH_FREQUENCY,HIGH_LOAD,HIGH,LOW,0.209,1,1,ANOMALY,true,-0.18279,0.683
2026-09-10T07:06:02.634Z,POLAR-001,2026-09-10T07:06:02.634Z,NORMAL,-16.52,-29.99,17,460,0.025,-0.009,0.823,12.94,-4.5,6.38,25.67,4.61,35.96,95,1.05,-59.987516,19.98215,2.338,340.2,73.27,HIGH_FREQUENCY,HIGH_LOAD,HIGH,LOW,0.209,1,1,ANOMALY,true,-0.18279,0.683
2026-09-10T07:06:07.635Z,POLAR-001,2026-09-10T07:06:07.635Z,NORMAL,-16.52,-29.99,17,460,0.025,-0.009,0.823,12.94,-4.5,6.38,25.67,4.61,35.96,95,1.05,-59.987453,19.982104,2.345,340.2,73.19,HIGH_FREQUENCY,HIGH_LOAD,HIGH,LOW,0.209,1,1,ANOMALY,true,-0.18279,0.683
2026-09-10T07:06:12.636Z,POLAR-001,2026-09-10T07:06:12.636Z,NORMAL,-16.52,-29.99,17,460,0.025,-0.009,0.823,12.94,-4.5,6.38,25.67,4.61,35.96,95,1.05,-59.98739,19.982059,2.353,340.2,73.11,HIGH_FREQUENCY,HIGH_LOAD,HIGH,LOW,0.209,1,1,ANOMALY,true,-0.18279,0.683
2026-09-10T07:06:17.637Z,POLAR-001,2026-09-10T07:06:17.637Z,NORMAL,-16.52,-29.99,17,460,0.025,-0.009,0.823,12.94,-4.5,6.38,25.67,4.61,35.96,95,1.05,-59.987327,19.982013,2.36,340.2,73.03,HIGH_FREQUENCY,HIGH_LOAD,HIGH,LOW,0.209,1,1,ANOMALY,true,-0.18279,0.683
2026-09-10T07:06:22.638Z,POLAR-001,2026-09-10T07:06:22.638Z,NORMAL,-16.52,-29.99,17,460,0.025,-0.009,0.823,12.94,-4.5,6.38,25.67,4.61,35.96,95,1.05,-59.987263,19.981968,2.368,340.2,72.95,HIGH_FREQUENCY,HIGH_LOAD,HIGH,LOW,0.209,1,1,ANOMALY,true,-0.18279,0.683
2026-09-10T07:06:27.638Z,POLAR-001,2026-09-10T07:06:27.638Z,NORMAL,-16.52,-29.99,17,460,0.025,-0.009,0.823,12.94,-4.5,6.38,25.67,4.61,35.96,95,1.05,-59.9872,19.981922,2.375,340.2,72.87,HIGH_FREQUENCY,HIGH_LOAD,HIGH,LOW,0.209,1,1,ANOMALY,true,-0.18279,0.683
2026-09-10T07:06:32.639Z,POLAR-001,2026-09-10T07:06:32.639Z,NORMAL,-16.52,-29.99,17,460,0.025,-0.009,0.823,12.94,-4.5,6.38,25.67,4.61,35.96,95,1.05,-59.987137,19.981876,2.383,340.2,72.79,HIGH_FREQUENCY,HIGH_LOAD,HIGH,LOW,0.209,1,1,ANOMALY,true,-0.18279,0.683
2026-09-10T07:06:37.641Z,POLAR-001,2026-09-10T07:06:37.641Z,NORMAL,-16.52,-29.99,17,460,0.025,-0.009,0.823,12.94,-4.5,6.38,25.67,4.61,35.96,95,1.05,-59.987073,19.981831,2.39,340.2,72.71,HIGH_FREQUENCY,HIGH_LOAD,HIGH,LOW,0.209,1,1,ANOMALY,true,-0.18279,0.683
2026-09-10T07:06:42.642Z,POLAR-001,2026-09-10T07:06:42.642Z,NORMAL,-16.52,-29.99,17,460,0.025,-0.009,0.823,12.94,-4.5,6.38,25.67,4.61,35.96,95,1.05,-59.98701,19.981785,2.398,340.2,72.63,HIGH_FREQUENCY,HIGH_LOAD,HIGH,LOW,0.209,1,1,ANOMALY,true,-0.18279,0.683
2026-09-10T07:06:47.643Z,POLAR-001,2026-09-10T07:06:47.644Z,NORMAL,-16.52,-29.99,17,460,0.025,-0.009,0.823,12.94,-4.5,6.38,25.67,4.61,35.96,95,1.05,-59.986947,19.98174,2.405,340.2,72.55,HIGH_FREQUENCY,HIGH_LOAD,HIGH,LOW,0.209,1,1,ANOMALY,true,-0.18279,0.683
2026-09-10T07:06:52.645Z,POLAR-001,2026-09-10T07:06:52.645Z,NORMAL,-16.52,-29.99,17,460,0.025,-0.009,0.823,12.94,-4.5,6.38,25.67,4.61,35.96,95,1.05,-59.986884,19.981694,2.412,340.2,72.47,HIGH_FREQUENCY,HIGH_LOAD,HIGH,LOW,0.209,1,1,ANOMALY,true,-0.18279,0.683
2026-09-10T07:06:57.646Z,POLAR-001,2026-09-10T07:06:57.646Z,NORMAL,-16.52,-29.99,17,460,0.025,-0.009,0.823,12.94,-4.5,6.38,25.67,4.61,35.96,95,1.05,-59.98682,19.981649,2.42,340.2,72.39,HIGH_FREQUENCY,HIGH_LOAD,HIGH,LOW,0.209,1,1,ANOMALY,true,-0.18279,0.683
2026-09-10T07:07:02.645Z,POLAR-001,2026-09-10T07:07:02.645Z,NORMAL,-16.52,-29.99,17,460,0.025,-0.009,0.823,12.94,-4.5,6.38,25.67,4.61,35.96,95,1.05,-59.986757,19.981603,2.427,340.2,72.31,HIGH_FREQUENCY,HIGH_LOAD,HIGH,LOW,0.209,1,1,ANOMALY,true,-0.18279,0.683
2026-09-10T07:07:07.645Z,POLAR-001,2026-09-10T07:07:07.645Z,NORMAL,-16.52,-29.99,17,460,0.025,-0.009,0.823,12.94,-4.5,6.38,25.67,4.61,35.96,95,1.05,-59.986694,19.981558,2.435,340.2,72.23,HIGH_FREQUENCY,HIGH_LOAD,HIGH,LOW,0.209,1,1,ANOMALY,true,-0.18279,0.683
2026-09-10T07:07:12.647Z,POLAR-001,2026-09-10T07:07:12.647Z,NORMAL,-16.52,-29.99,17,460,0.025,-0.009,0.823,12.94,-4.5,6.38,25.67,4.61,35.96,95,1.05,-59.98663,19.981512,2.442,340.2,72.15,HIGH_FREQUENCY,HIGH_LOAD,HIGH,LOW,0.209,1,1,ANOMALY,true,-0.18279,0.683
2026-09-10T07:07:17.648Z,POLAR-001,2026-09-10T07:07:17.648Z,NORMAL,-16.52,-29.99,17,460,0.025,-0.009,0.823,12.94,-4.5,6.38,25.67,4.61,35.96,95,1.05,-59.986567,19.981466,2.45,340.2,72.07,HIGH_FREQUENCY,HIGH_LOAD,HIGH,LOW,0.209,1,1,ANOMALY,true,-0.18279,0.683
2026-09-10T07:07:22.650Z,POLAR-001,2026-09-10T07:07:22.650Z,NORMAL,-16.52,-29.99,17,460,0.025,-0.009,0.823,12.94,-4.5,6.38,25.67,4.61,35.96,95,1.05,-59.986504,19.981421,2.457,340.2,71.99,HIGH_FREQUENCY,HIGH_LOAD,HIGH,LOW,0.209,1,1,ANOMALY,true,-0.18279,0.683
2026-09-10T07:07:27.650Z,POLAR-001,2026-09-10T07:07:27.650Z,NORMAL,-16.52,-29.99,17,460,0.025,-0.009,0.823,12.94,-4.5,6.38,25.67,4.61,35.96,95,1.05,-59.98644,19.981375,2.465,340.2,71.91,HIGH_FREQUENCY,HIGH_LOAD,HIGH,LOW,0.209,1,1,ANOMALY,true,-0.18279,0.683
2026-09-10T07:07:32.651Z,POLAR-001,2026-09-10T07:07:32.651Z,NORMAL,-16.52,-29.99,17,460,0.025,-0.009,0.823,12.94,-4.5,6.38,25.67,4.61,35.96,95,1.05,-59.986377,19.98133,2.472,340.2,71.83,HIGH_FREQUENCY,HIGH_LOAD,HIGH,LOW,0.209,1,1,ANOMALY,true,-0.18279,0.683
2026-09-10T07:07:37.652Z,POLAR-001,2026-09-10T07:07:37.652Z,NORMAL,-16.52,-29.99,17,460,0.025,-0.009,0.823,12.94,-4.5,6.38,25.67,4.61,35.96,95,1.05,-59.986314,19.981284,2.48,340.2,71.75,HIGH_FREQUENCY,HIGH_LOAD,HIGH,LOW,0.209,1,1,ANOMALY,true,-0.18279,0.683
2026-09-10T07:07:42.652Z,POLAR-001,2026-09-10T07:07:42.653Z,NORMAL,-16.52,-29.99,17,460,0.025,-0.009,0.823,12.94,-4.5,6.38,25.67,4.61,35.96,95,1.05,-59.986251,19.981239,2.487,340.2,71.67,HIGH_FREQUENCY,HIGH_LOAD,HIGH,LOW,0.209,1,1,ANOMALY,true,-0.18279,0.683
2026-09-10T07:07:47.653Z,POLAR-001,2026-09-10T07:07:47.654Z,NORMAL,-16.52,-29.99,17,460,0.025,-0.009,0.823,12.94,-4.5,6.38,25.67,4.61,35.96,95,1.05,-59.986187,19.981193,2.495,340.2,71.59,HIGH_FREQUENCY,HIGH_LOAD,HIGH,LOW,0.209,1,1,ANOMALY,true,-0.18279,0.683
2026-09-10T07:07:52.654Z,POLAR-001,2026-09-10T07:07:52.654Z,NORMAL,-16.52,-29.99,17,460,0.025,-0.009,0.823,12.94,-4.5,6.38,25.67,4.61,35.96,95,1.05,-59.986124,19.981147,2.502,340.2,71.51,HIGH_FREQUENCY,HIGH_LOAD,HIGH,LOW,0.209,1,1,ANOMALY,true,-0.18279,0.683
2026-09-10T07:07:57.655Z,POLAR-001,2026-09-10T07:07:57.655Z,NORMAL,-16.52,-29.99,17,460,0.025,-0.009,0.823,12.94,-4.5,6.38,25.67,4.61,35.96,95,1.05,-59.986061,19.981102,2.51,340.2,71.43,HIGH_FREQUENCY,HIGH_LOAD,HIGH,LOW,0.209,1,1,ANOMALY,true,-0.18279,0.683
2026-09-10T07:08:02.656Z,POLAR-001,2026-09-10T07:08:02.656Z,NORMAL,-16.52,-29.99,17,460,0.025,-0.009,0.823,12.94,-4.5,6.38,25.67,4.61,35.96,95,1.05,-59.985997,19.981056,2.517,340.2,71.35,HIGH_FREQUENCY,HIGH_LOAD,HIGH,LOW,0.209,1,1,ANOMALY,true,-0.18279,0.683
2026-09-10T07:08:07.658Z,POLAR-001,2026-09-10T07:08:07.658Z,NORMAL,-16.52,-29.99,17,460,0.025,-0.009,0.823,12.94,-4.5,6.38,25.67,4.61,35.96,95,1.05,-59.985934,19.981011,2.524,340.2,71.27,HIGH_FREQUENCY,HIGH_LOAD,HIGH,LOW,0.209,1,1,ANOMALY,true,-0.18279,0.683
2026-09-10T07:08:12.659Z,POLAR-001,2026-09-10T07:08:12.659Z,NORMAL,-16.52,-29.99,17,460,0.025,-0.009,0.823,12.94,-4.5,6.38,25.67,4.61,35.96,95,1.05,-59.985871,19.980965,2.532,340.2,71.19,HIGH_FREQUENCY,HIGH_LOAD,HIGH,LOW,0.209,1,1,ANOMALY,true,-0.18279,0.683
2026-09-10T07:08:15.008Z,POLAR-001,2026-09-10T07:08:15.008Z,NORMAL,-16.52,25,50,1013.25,0,0,1,0,0,0,24.97,4.36,35.96,95,0.97,-59.985819,19.980965,2.538,0,71.11,HIGH_FREQUENCY,HIGH_LOAD,HIGH,LOW,0,0,1,ANOMALY,true,-0.098253,0.598
2026-09-10T07:08:17.660Z,POLAR-001,2026-09-10T07:08:17.660Z,NORMAL,-16.52,25,50,1013.25,0,0,1,0,0,0,24.27,4.11,35.96,95,0.89,-59.985772,19.980965,2.543,0,71.03,HIGH_FREQUENCY,HIGH_LOAD,HIGH,LOW,0,0,1,ANOMALY,true,-0.098253,0.598
2026-09-10T07:08:22.662Z,POLAR-001,2026-09-10T07:08:22.662Z,NORMAL,-16.52,25,50,1013.25,0,0,1,0,0,0,23.57,3.86,35.96,95,0.81,-59.985728,19.980965,2.548,0,70.95,HIGH_FREQUENCY,HIGH_LOAD,HIGH,LOW,0,0,1,ANOMALY,true,-0.098253,0.598
2026-09-10T07:08:25.956Z,POLAR-001,2026-09-10T07:08:25.956Z,NORMAL,-16.52,25,50,1013.25,0,0,1,0,0,0,22.87,3.61,35.96,95,0.73,-59.985689,19.980965,2.552,0,70.87,HIGH_FREQUENCY,HIGH_LOAD,HIGH,LOW,0,0,1,ANOMALY,true,-0.089318,0.589
2026-09-10T07:08:27.662Z,POLAR-001,2026-09-10T07:08:27.662Z,NORMAL,-16.52,25,50,1013.25,0,0,1,0,0,0,22.17,3.36,35.96,95,0.65,-59.985653,19.980965,2.556,0,70.79,HIGH_FREQUENCY,HIGH_LOAD,HIGH,LOW,0,0,1,ANOMALY,true,-0.089318,0.589
2026-09-10T07:08:31.646Z,POLAR-001,2026-09-10T07:08:31.646Z,STORM,-16.52,25,50,1013.25,0.191,-0.222,0.82,17.98,13.99,-1.27,22.87,3.61,35.96,95,0.73,-59.985618,19.980884,2.562,310.7,70.71,HIGH_FREQUENCY,HIGH_LOAD,HIGH,MEDIUM,0.367,0,1,ANOMALY,true,-0.17669,0.677
2026-09-10T07:08:32.663Z,POLAR-001,2026-09-10T07:08:32.663Z,STORM,-16.52,25,50,1013.25,0.191,-0.222,0.82,17.98,13.99,-1.27,23.57,3.86,35.96,95,0.74,-59.985582,19.9808,2.568,310.7,70.63,HIGH_FREQUENCY,HIGH_LOAD,HIGH,MEDIUM,0.367,0,1,ANOMALY,true,-0.17669,0.677
2026-09-10T07:08:36.903Z,POLAR-001,2026-09-10T07:08:36.903Z,STORM,-6.3,25,50,1013.25,0.112,-0.242,1.07,5.08,13.63,-7.41,24.27,4.11,35.88,95,0.66,-59.985562,19.980713,2.573,294.8,70.55,HIGH_FREQUENCY,HIGH_LOAD,HIGH,LOW,0.284,0,0.563,ANOMALY,true,-0.175955,0.676
2026-09-10T07:08:37.664Z,POLAR-001,2026-09-10T07:08:37.664Z,STORM,-6.3,25,50,1013.25,0.112,-0.242,1.07,5.08,13.63,-7.41,24.5,4.36,35.8,95,0.64,-59.985542,19.980628,2.579,294.8,70.47,HIGH_FREQUENCY,HIGH_LOAD,HIGH,LOW,0.284,0,0.563,ANOMALY,true,-0.175955,0.676
2026-09-10T07:08:42.665Z,POLAR-001,2026-09-10T07:08:42.665Z,STORM,-6.3,25,50,1013.25,0.112,-0.242,1.07,5.08,13.63,-7.41,24.5,4.61,35.72,95,0.64,-59.985522,19.980541,2.584,294.8,70.39,HIGH_FREQUENCY,HIGH_LOAD,HIGH,LOW,0.284,0,0.563,ANOMALY,true,-0.175955,0.676
2026-09-10T07:08:47.666Z,POLAR-001,2026-09-10T07:08:47.666Z,STORM,-6.3,25,50,1013.25,0.112,-0.242,1.07,5.08,13.63,-7.41,24.5,4.86,35.64,95,0.64,-59.985502,19.980454,2.589,294.8,70.31,HIGH_FREQUENCY,HIGH_LOAD,HIGH,LOW,0.284,0,0.563,ANOMALY,true,-0.175955,0.676
2026-09-10T07:08:51.090Z,POLAR-001,2026-09-10T07:08:51.090Z,STORM,-6.3,-8.99,19,465.5,-0.332,-0.25,1.112,-14.43,12.2,15.29,25.2,5.11,35.56,95,0.72,-59.98555,19.980382,2.596,217,70.23,HIGH_FREQUENCY,HIGH_LOAD,HIGH,MEDIUM,0.436,1,0.563,ANOMALY,true,-0.206927,0.707
2026-09-10T07:08:51.452Z,POLAR-001,2026-09-10T07:08:51.452Z,STORM,-6.3,-8.99,19,465.5,0.29,-0.245,0.823,-15.02,9.86,-20.38,25.9,5.36,35.48,95,0.8,-59.9855,19.980296,2.603,319.8,70.15,HIGH_FREQUENCY,HIGH_LOAD,HIGH,MEDIUM,0.444,1,0.563,ANOMALY,true,-0.210614,0.711
2026-09-10T07:08:52.667Z,POLAR-001,2026-09-10T07:08:52.667Z,STORM,-6.3,-8.99,19,465.5,0.29,-0.245,0.823,-15.02,9.86,-20.38,26.6,5.61,35.4,95,0.88,-59.985445,19.980204,2.611,319.8,70.07,HIGH_FREQUENCY,HIGH_LOAD,HIGH,MEDIUM,0.444,1,0.563,ANOMALY,true,-0.210614,0.711
2026-09-10T07:08:53.110Z,POLAR-001,2026-09-10T07:08:53.110Z,STORM,-6.3,-8.99,19,465.5,-0.034,-0.226,1.044,4.81,7.08,22,26.35,5.86,35.32,95,0.96,-59.985455,19.980066,2.619,261.4,69.99,HIGH_FREQUENCY,HIGH_LOAD,HIGH,LOW,0.294,1,0.563,ANOMALY,true,-0.166232,0.666
2026-09-10T07:08:57.669Z,POLAR-001,2026-09-10T07:08:57.669Z,STORM,-6.3,-8.99,19,465.5,-0.034,-0.226,1.044,4.81,7.08,22,26.35,6,35.24,95,1.04,-59.985466,19.979918,2.627,261.4,69.91,HIGH_FREQUENCY,HIGH_LOAD,HIGH,LOW,0.294,1,0.563,ANOMALY,true,-0.166232,0.666
2026-09-10T07:08:58.542Z,POLAR-001,2026-09-10T07:08:58.542Z,STORM,-6.3,-8.99,19,465.5,-0.252,-0.195,1.136,17.96,3.66,-20.35,27.05,6,35.16,95,1.12,-59.985534,19.979814,2.637,217.7,69.83,HIGH_FREQUENCY,HIGH_LOAD,HIGH,MEDIUM,0.395,1,0.563,ANOMALY,true,-0.187902,0.688
2026-09-10T07:09:02.670Z,POLAR-001,2026-09-10T07:09:02.670Z,STORM,-6.3,-8.99,19,465.5,-0.252,-0.195,1.136,17.96,3.66,-20.35,27.16,6,35.08,95,1.2,-59.985606,19.979703,2.647,217.7,69.75,HIGH_FREQUENCY,HIGH_LOAD,HIGH,MEDIUM,0.395,1,0.563,ANOMALY,true,-0.187902,0.688
2026-09-10T07:09:04.193Z,POLAR-001,2026-09-10T07:09:04.193Z,STORM,-6.3,-8.99,19,465.5,0.347,-0.153,0.833,6.93,-0.03,15.5,27.07,6,35,95,1.26,-59.98552,19.979628,2.657,336.2,69.67,HIGH_FREQUENCY,HIGH_LOAD,HIGH,MEDIUM,0.384,1,0.563,ANOMALY,true,-0.177914,0.678
2026-09-10T07:09:07.672Z,POLAR-001,2026-09-10T07:09:07.672Z,STORM,-6.3,-8.99,19,465.5,0.347,-0.153,0.833,6.93,-0.03,15.5,27.07,6,34.92,95,1.26,-59.985434,19.979552,2.668,336.2,69.59,HIGH_FREQUENCY,HIGH_LOAD,HIGH,MEDIUM,0.384,1,0.563,ANOMALY,true,-0.177914,0.678
2026-09-10T07:09:09.301Z,POLAR-001,2026-09-10T07:09:09.301Z,STORM,-6.3,-8.99,19,465.5,-0.172,-0.106,1.019,-13.2,-3.93,-7.73,26.37,6,34.84,95,1.18,-59.985501,19.97947,2.676,211.6,69.51,HIGH_FREQUENCY,HIGH_LOAD,HIGH,LOW,0.23,1,0.563,ANOMALY,true,-0.16332,0.663
2026-09-10T07:09:12.673Z,POLAR-001,2026-09-10T07:09:12.673Z,STORM,-6.3,-8.99,19,465.5,-0.172,-0.106,1.019,-13.2,-3.93,-7.73,25.84,6,34.76,95,1.1,-59.985565,19.979392,2.685,211.6,69.43,HIGH_FREQUENCY,HIGH_LOAD,HIGH,LOW,0.23,1,0.563,ANOMALY,true,-0.16332,0.663
2026-09-10T07:09:15.062Z,POLAR-001,2026-09-10T07:09:15.062Z,STORM,-6.3,-8.99,19,465.5,-0.145,-0.058,1.146,-16.18,-7.67,-1.84,26,6,34.73,95,1.1,-59.985635,19.979336,2.693,201.8,69.35,HIGH_FREQUENCY,HIGH_LOAD,HIGH,LOW,0.25,1,0.563,ANOMALY,true,-0.162595,0.663
2026-09-10T07:09:17.675Z,POLAR-001,2026-09-10T07:09:17.675Z,STORM,-6.3,-8.99,19,465.5,-0.145,-0.058,1.146,-16.18,-7.67,-1.84,26,6,34.73,95,1.1,-59.985705,19.97928,2.701,201.8,69.27,HIGH_FREQUENCY,HIGH_LOAD,HIGH,LOW,0.25,1,0.563,ANOMALY,true,-0.162595,0.663
2026-09-10T07:09:20.554Z,POLAR-001,2026-09-10T07:09:20.554Z,STORM,-6.3,-8.99,19,465.5,0.338,0.004,0.843,2.46,-10.36,9.84,26.7,6,34.73,95,1.18,-59.985619,19.979282,2.711,0.7,69.19,HIGH_FREQUENCY,HIGH_LOAD,HIGH,MEDIUM,0.341,1,0.563,ANOMALY,true,-0.170391,0.67
2026-09-10T07:09:22.676Z,POLAR-001,2026-09-10T07:09:22.676Z,STORM,-6.3,-8.99,19,465.5,0.338,0.004,0.843,2.46,-10.36,9.84,26.73,6,34.73,95,1.21,-59.985531,19.979284,2.721,0.7,69.11,HIGH_FREQUENCY,HIGH_LOAD,HIGH,MEDIUM,0.341,1,0.563,ANOMALY,true,-0.170391,0.67
2026-09-10T07:09:26.524Z,POLAR-001,2026-09-10T07:09:26.524Z,STORM,-6.3,-8.99,19,465.5,-0.268,0.051,1.006,17.46,-12.72,-17.56,26.77,6,34.73,95,1.22,-59.985618,19.979317,2.73,169.2,69.03,HIGH_FREQUENCY,HIGH_LOAD,HIGH,MEDIUM,0.346,1,0.563,ANOMALY,true,-0.177957,0.678
2026-09-10T07:09:27.676Z,POLAR-001,2026-09-10T07:09:27.676Z,STORM,-6.3,-8.99,19,465.5,-0.268,0.051,1.006,17.46,-12.72,-17.56,26.77,6,34.73,95,1.22,-59.985705,19.97935,2.74,169.2,68.95,HIGH_FREQUENCY,HIGH_LOAD,HIGH,MEDIUM,0.346,1,0.563,ANOMALY,true,-0.177957,0.678
2026-09-10T07:09:32.677Z,POLAR-001,2026-09-10T07:09:32.677Z,STORM,-6.3,-8.99,19,465.5,-0.268,0.051,1.006,17.46,-12.72,-17.56,26.77,6,34.73,95,1.22,-59.985791,19.979383,2.75,169.2,68.87,HIGH_FREQUENCY,HIGH_LOAD,HIGH,MEDIUM,0.346,1,0.563,ANOMALY,true,-0.177957,0.678
2026-09-10T07:09:37.678Z,POLAR-001,2026-09-10T07:09:37.678Z,STORM,-6.3,-8.99,19,465.5,-0.268,0.051,1.006,17.46,-12.72,-17.56,26.77,6,34.73,95,1.22,-59.985878,19.979416,2.76,169.2,68.79,HIGH_FREQUENCY,HIGH_LOAD,HIGH,MEDIUM,0.346,1,0.563,ANOMALY,true,-0.177957,0.678
2026-09-10T07:09:42.680Z,POLAR-001,2026-09-10T07:09:42.680Z,STORM,-6.3,-8.99,19,465.5,-0.268,0.051,1.006,17.46,-12.72,-17.56,26.77,6,34.73,95,1.22,-59.985965,19.979449,2.77,169.2,68.71,HIGH_FREQUENCY,HIGH_LOAD,HIGH,MEDIUM,0.346,1,0.563,ANOMALY,true,-0.177957,0.678
2026-09-10T07:09:47.681Z,POLAR-001,2026-09-10T07:09:47.681Z,STORM,-6.3,-8.99,19,465.5,-0.268,0.051,1.006,17.46,-12.72,-17.56,26.77,6,34.73,95,1.22,-59.986051,19.979482,2.779,169.2,68.63,HIGH_FREQUENCY,HIGH_LOAD,HIGH,MEDIUM,0.346,1,0.563,ANOMALY,true,-0.177957,0.678
2026-09-10T07:09:52.681Z,POLAR-001,2026-09-10T07:09:52.681Z,STORM,-6.3,-8.99,19,465.5,-0.268,0.051,1.006,17.46,-12.72,-17.56,26.77,6,34.73,95,1.22,-59.986138,19.979515,2.789,169.2,68.55,HIGH_FREQUENCY,HIGH_LOAD,HIGH,MEDIUM,0.346,1,0.563,ANOMALY,true,-0.177957,0.678
2026-09-10T07:09:57.683Z,POLAR-001,2026-09-10T07:09:57.683Z,STORM,-6.3,-8.99,19,465.5,-0.268,0.051,1.006,17.46,-12.72,-17.56,26.77,6,34.73,95,1.22,-59.986225,19.979548,2.799,169.2,68.47,HIGH_FREQUENCY,HIGH_LOAD,HIGH,MEDIUM,0.346,1,0.563,ANOMALY,true,-0.177957,0.678
2026-09-10T07:10:02.683Z,POLAR-001,2026-09-10T07:10:02.683Z,STORM,-6.3,-8.99,19,465.5,-0.268,0.051,1.006,17.46,-12.72,-17.56,26.77,6,34.73,95,1.22,-59.986311,19.979582,2.809,169.2,68.39,HIGH_FREQUENCY,HIGH_LOAD,HIGH,MEDIUM,0.346,1,0.563,ANOMALY,true,-0.177957,0.678
2026-09-10T07:10:07.684Z,POLAR-001,2026-09-10T07:10:07.684Z,STORM,-6.3,-8.99,19,465.5,-0.268,0.051,1.006,17.46,-12.72,-17.56,26.77,6,34.73,95,1.22,-59.986398,19.979615,2.819,169.2,68.31,HIGH_FREQUENCY,HIGH_LOAD,HIGH,MEDIUM,0.346,1,0.563,ANOMALY,true,-0.177957,0.678
2026-09-10T07:10:12.686Z,POLAR-001,2026-09-10T07:10:12.686Z,STORM,-6.3,-8.99,19,465.5,-0.268,0.051,1.006,17.46,-12.72,-17.56,26.77,6,34.73,95,1.22,-59.986485,19.979648,2.828,169.2,68.23,HIGH_FREQUENCY,HIGH_LOAD,HIGH,MEDIUM,0.346,1,0.563,ANOMALY,true,-0.177957,0.678
2026-09-10T07:10:17.687Z,POLAR-001,2026-09-10T07:10:17.687Z,STORM,-6.3,-8.99,19,465.5,-0.268,0.051,1.006,17.46,-12.72,-17.56,26.77,6,34.73,95,1.22,-59.986571,19.979681,2.838,169.2,68.15,HIGH_FREQUENCY,HIGH_LOAD,HIGH,MEDIUM,0.346,1,0.563,ANOMALY,true,-0.177957,0.678
2026-09-10T07:10:22.688Z,POLAR-001,2026-09-10T07:10:22.688Z,STORM,-6.3,-8.99,19,465.5,-0.268,0.051,1.006,17.46,-12.72,-17.56,26.77,6,34.73,95,1.22,-59.986658,19.979714,2.848,169.2,68.07,HIGH_FREQUENCY,HIGH_LOAD,HIGH,MEDIUM,0.346,1,0.563,ANOMALY,true,-0.177957,0.678
2026-09-10T07:10:27.689Z,POLAR-001,2026-09-10T07:10:27.689Z,STORM,-6.3,-8.99,19,465.5,-0.268,0.051,1.006,17.46,-12.72,-17.56,26.77,6,34.73,95,1.22,-59.986745,19.979747,2.858,169.2,67.99,HIGH_FREQUENCY,HIGH_LOAD,HIGH,MEDIUM,0.346,1,0.563,ANOMALY,true,-0.177957,0.678
2026-09-10T07:10:32.691Z,POLAR-001,2026-09-10T07:10:32.691Z,STORM,-6.3,-8.99,19,465.5,-0.268,0.051,1.006,17.46,-12.72,-17.56,26.77,6,34.73,95,1.22,-59.986831,19.97978,2.868,169.2,67.91,HIGH_FREQUENCY,HIGH_LOAD,HIGH,MEDIUM,0.346,1,0.563,ANOMALY,true,-0.177957,0.678
2026-09-10T07:10:37.692Z,POLAR-001,2026-09-10T07:10:37.692Z,STORM,-6.3,-8.99,19,465.5,-0.268,0.051,1.006,17.46,-12.72,-17.56,26.77,6,34.73,95,1.22,-59.986918,19.979813,2.877,169.2,67.83,HIGH_FREQUENCY,HIGH_LOAD,HIGH,MEDIUM,0.346,1,0.563,ANOMALY,true,-0.177957,0.678
2026-09-10T07:10:42.694Z,POLAR-001,2026-09-10T07:10:42.694Z,STORM,-6.3,-8.99,19,465.5,-0.268,0.051,1.006,17.46,-12.72,-17.56,26.77,6,34.73,95,1.22,-59.987005,19.979846,2.887,169.2,67.75,HIGH_FREQUENCY,HIGH_LOAD,HIGH,MEDIUM,0.346,1,0.563,ANOMALY,true,-0.177957,0.678
2026-09-10T07:10:47.694Z,POLAR-001,2026-09-10T07:10:47.694Z,STORM,-6.3,-8.99,19,465.5,-0.268,0.051,1.006,17.46,-12.72,-17.56,26.77,6,34.73,95,1.22,-59.987091,19.979879,2.897,169.2,67.67,HIGH_FREQUENCY,HIGH_LOAD,HIGH,MEDIUM,0.346,1,0.563,ANOMALY,true,-0.177957,0.678
2026-09-10T07:10:52.695Z,POLAR-001,2026-09-10T07:10:52.695Z,STORM,-6.3,-8.99,19,465.5,-0.268,0.051,1.006,17.46,-12.72,-17.56,26.77,6,34.73,95,1.22,-59.987178,19.979912,2.907,169.2,67.59,HIGH_FREQUENCY,HIGH_LOAD,HIGH,MEDIUM,0.346,1,0.563,ANOMALY,true,-0.177957,0.678
2026-09-10T07:10:57.696Z,POLAR-001,2026-09-10T07:10:57.696Z,STORM,-6.3,-8.99,19,465.5,-0.268,0.051,1.006,17.46,-12.72,-17.56,26.77,6,34.73,95,1.22,-59.987265,19.979945,2.917,169.2,67.51,HIGH_FREQUENCY,HIGH_LOAD,HIGH,MEDIUM,0.346,1,0.563,ANOMALY,true,-0.177957,0.678
2026-09-10T07:11:02.697Z,POLAR-001,2026-09-10T07:11:02.697Z,STORM,-6.3,-8.99,19,465.5,-0.268,0.051,1.006,17.46,-12.72,-17.56,26.77,6,34.73,95,1.22,-59.987351,19.979978,2.926,169.2,67.43,HIGH_FREQUENCY,HIGH_LOAD,HIGH,MEDIUM,0.346,1,0.563,ANOMALY,true,-0.177957,0.678
2026-09-10T07:11:07.699Z,POLAR-001,2026-09-10T07:11:07.699Z,STORM,-6.3,-8.99,19,465.5,-0.268,0.051,1.006,17.46,-12.72,-17.56,26.77,6,34.73,95,1.22,-59.987438,19.980011,2.936,169.2,67.35,HIGH_FREQUENCY,HIGH_LOAD,HIGH,MEDIUM,0.346,1,0.563,ANOMALY,true,-0.177957,0.678
2026-09-10T07:11:12.700Z,POLAR-001,2026-09-10T07:11:12.700Z,STORM,-6.3,-8.99,19,465.5,-0.268,0.051,1.006,17.46,-12.72,-17.56,26.77,6,34.73,95,1.22,-59.987525,19.980044,2.946,169.2,67.27,HIGH_FREQUENCY,HIGH_LOAD,HIGH,MEDIUM,0.346,1,0.563,ANOMALY,true,-0.177957,0.678
2026-09-10T07:11:17.701Z,POLAR-001,2026-09-10T07:11:17.701Z,STORM,-6.3,-8.99,19,465.5,-0.268,0.051,1.006,17.46,-12.72,-17.56,26.77,6,34.73,95,1.22,-59.987611,19.980077,2.956,169.2,67.19,HIGH_FREQUENCY,HIGH_LOAD,HIGH,MEDIUM,0.346,1,0.563,ANOMALY,true,-0.177957,0.678
2026-09-10T07:11:22.702Z,POLAR-001,2026-09-10T07:11:22.702Z,STORM,-6.3,-8.99,19,465.5,-0.268,0.051,1.006,17.46,-12.72,-17.56,26.77,6,34.73,95,1.22,-59.987698,19.98011,2.965,169.2,67.11,HIGH_FREQUENCY,HIGH_LOAD,HIGH,MEDIUM,0.346,1,0.563,ANOMALY,true,-0.177957,0.678
2026-09-10T07:11:27.703Z,POLAR-001,2026-09-10T07:11:27.703Z,STORM,-6.3,-8.99,19,465.5,-0.268,0.051,1.006,17.46,-12.72,-17.56,26.77,6,34.73,95,1.22,-59.987785,19.980143,2.975,169.2,67.03,HIGH_FREQUENCY,HIGH_LOAD,HIGH,MEDIUM,0.346,1,0.563,ANOMALY,true,-0.177957,0.678
2026-09-10T07:11:32.705Z,POLAR-001,2026-09-10T07:11:32.705Z,STORM,-6.3,-8.99,19,465.5,-0.268,0.051,1.006,17.46,-12.72,-17.56,26.77,6,34.73,95,1.22,-59.987871,19.980176,2.985,169.2,66.95,HIGH_FREQUENCY,HIGH_LOAD,HIGH,MEDIUM,0.346,1,0.563,ANOMALY,true,-0.177957,0.678
2026-09-10T07:11:37.706Z,POLAR-001,2026-09-10T07:11:37.706Z,STORM,-6.3,-8.99,19,465.5,-0.268,0.051,1.006,17.46,-12.72,-17.56,26.77,6,34.73,95,1.22,-59.987958,19.98021,2.995,169.2,66.87,HIGH_FREQUENCY,HIGH_LOAD,HIGH,MEDIUM,0.346,1,0.563,ANOMALY,true,-0.177957,0.678
2026-09-10T07:11:42.708Z,POLAR-001,2026-09-10T07:11:42.708Z,STORM,-6.3,-8.99,19,465.5,-0.268,0.051,1.006,17.46,-12.72,-17.56,26.77,6,34.73,95,1.22,-59.988045,19.980243,3.005,169.2,66.79,HIGH_FREQUENCY,HIGH_LOAD,HIGH,MEDIUM,0.346,1,0.563,ANOMALY,true,-0.177957,0.678
2026-09-10T07:11:47.709Z,POLAR-001,2026-09-10T07:11:47.709Z,STORM,-6.3,-8.99,19,465.5,-0.268,0.051,1.006,17.46,-12.72,-17.56,26.77,6,34.73,95,1.22,-59.988131,19.980276,3.014,169.2,66.71,HIGH_FREQUENCY,HIGH_LOAD,HIGH,MEDIUM,0.346,1,0.563,ANOMALY,true,-0.177957,0.678
2026-09-10T07:11:52.710Z,POLAR-001,2026-09-10T07:11:52.710Z,STORM,-6.3,-8.99,19,465.5,-0.268,0.051,1.006,17.46,-12.72,-17.56,26.77,6,34.73,95,1.22,-59.988218,19.980309,3.024,169.2,66.63,HIGH_FREQUENCY,HIGH_LOAD,HIGH,MEDIUM,0.346,1,0.563,ANOMALY,true,-0.177957,0.678
2026-09-10T07:11:57.711Z,POLAR-001,2026-09-10T07:11:57.711Z,STORM,-6.3,-8.99,19,465.5,-0.268,0.051,1.006,17.46,-12.72,-17.56,26.77,6,34.73,95,1.22,-59.988305,19.980342,3.034,169.2,66.55,HIGH_FREQUENCY,HIGH_LOAD,HIGH,MEDIUM,0.346,1,0.563,ANOMALY,true,-0.177957,0.678
2026-09-10T07:12:02.712Z,POLAR-001,2026-09-10T07:12:02.712Z,STORM,-6.3,-8.99,19,465.5,-0.268,0.051,1.006,17.46,-12.72,-17.56,26.77,6,34.73,95,1.22,-59.988391,19.980375,3.044,169.2,66.47,HIGH_FREQUENCY,HIGH_LOAD,HIGH,MEDIUM,0.346,1,0.563,ANOMALY,true,-0.177957,0.678
2026-09-10T07:12:07.713Z,POLAR-001,2026-09-10T07:12:07.713Z,STORM,-6.3,-8.99,19,465.5,-0.268,0.051,1.006,17.46,-12.72,-17.56,26.77,6,34.73,95,1.22,-59.988478,19.980408,3.054,169.2,66.39,HIGH_FREQUENCY,HIGH_LOAD,HIGH,MEDIUM,0.346,1,0.563,ANOMALY,true,-0.177957,0.678
2026-09-10T07:12:12.715Z,POLAR-001,2026-09-10T07:12:12.715Z,STORM,-6.3,-8.99,19,465.5,-0.268,0.051,1.006,17.46,-12.72,-17.56,26.77,6,34.73,95,1.22,-59.988565,19.980441,3.063,169.2,66.31,HIGH_FREQUENCY,HIGH_LOAD,HIGH,MEDIUM,0.346,1,0.563,ANOMALY,true,-0.177957,0.678
2026-09-10T07:12:17.717Z,POLAR-001,2026-09-10T07:12:17.717Z,STORM,-6.3,-8.99,19,465.5,-0.268,0.051,1.006,17.46,-12.72,-17.56,26.77,6,34.73,95,1.22,-59.988651,19.980474,3.073,169.2,66.23,HIGH_FREQUENCY,HIGH_LOAD,HIGH,MEDIUM,0.346,1,0.563,ANOMALY,true,-0.177957,0.678
2026-09-10T07:12:22.717Z,POLAR-001,2026-09-10T07:12:22.717Z,STORM,-6.3,-8.99,19,465.5,-0.268,0.051,1.006,17.46,-12.72,-17.56,26.77,6,34.73,95,1.22,-59.988738,19.980507,3.083,169.2,66.15,HIGH_FREQUENCY,HIGH_LOAD,HIGH,MEDIUM,0.346,1,0.563,ANOMALY,true,-0.177957,0.678
2026-09-10T07:12:27.719Z,POLAR-001,2026-09-10T07:12:27.719Z,STORM,-6.3,-8.99,19,465.5,-0.268,0.051,1.006,17.46,-12.72,-17.56,26.77,6,34.73,95,1.22,-59.988825,19.98054,3.093,169.2,66.07,HIGH_FREQUENCY,HIGH_LOAD,HIGH,MEDIUM,0.346,1,0.563,ANOMALY,true,-0.177957,0.678
2026-09-10T07:12:32.720Z,POLAR-001,2026-09-10T07:12:32.720Z,STORM,-6.3,-8.99,19,465.5,-0.268,0.051,1.006,17.46,-12.72,-17.56,26.77,6,34.73,95,1.22,-59.988911,19.980573,3.103,169.2,65.99,HIGH_FREQUENCY,HIGH_LOAD,HIGH,MEDIUM,0.346,1,0.563,ANOMALY,true,-0.177957,0.678
2026-09-10T07:12:37.721Z,POLAR-001,2026-09-10T07:12:37.721Z,STORM,-6.3,-8.99,19,465.5,-0.268,0.051,1.006,17.46,-12.72,-17.56,26.77,6,34.73,95,1.22,-59.988998,19.980606,3.112,169.2,65.91,HIGH_FREQUENCY,HIGH_LOAD,HIGH,MEDIUM,0.346,1,0.563,ANOMALY,true,-0.177957,0.678
2026-09-10T07:12:42.722Z,POLAR-001,2026-09-10T07:12:42.722Z,STORM,-6.3,-8.99,19,465.5,-0.268,0.051,1.006,17.46,-12.72,-17.56,26.77,6,34.73,95,1.22,-59.989085,19.980639,3.122,169.2,65.83,HIGH_FREQUENCY,HIGH_LOAD,HIGH,MEDIUM,0.346,1,0.563,ANOMALY,true,-0.177957,0.678
2026-09-10T07:12:47.723Z,POLAR-001,2026-09-10T07:12:47.723Z,STORM,-6.3,-8.99,19,465.5,-0.268,0.051,1.006,17.46,-12.72,-17.56,26.77,6,34.73,95,1.22,-59.989171,19.980672,3.132,169.2,65.75,HIGH_FREQUENCY,HIGH_LOAD,HIGH,MEDIUM,0.346,1,0.563,ANOMALY,true,-0.177957,0.678
2026-09-10T07:12:52.724Z,POLAR-001,2026-09-10T07:12:52.724Z,STORM,-6.3,-8.99,19,465.5,-0.268,0.051,1.006,17.46,-12.72,-17.56,26.77,6,34.73,95,1.22,-59.989258,19.980705,3.142,169.2,65.67,HIGH_FREQUENCY,HIGH_LOAD,HIGH,MEDIUM,0.346,1,0.563,ANOMALY,true,-0.177957,0.678
2026-09-10T07:12:57.725Z,POLAR-001,2026-09-10T07:12:57.725Z,STORM,-6.3,-8.99,19,465.5,-0.268,0.051,1.006,17.46,-12.72,-17.56,26.77,6,34.73,95,1.22,-59.989345,19.980738,3.152,169.2,65.59,HIGH_FREQUENCY,HIGH_LOAD,HIGH,MEDIUM,0.346,1,0.563,ANOMALY,true,-0.177957,0.678
2026-09-10T07:13:02.727Z,POLAR-001,2026-09-10T07:13:02.727Z,STORM,-6.3,-8.99,19,465.5,-0.268,0.051,1.006,17.46,-12.72,-17.56,26.77,6,34.73,95,1.22,-59.989431,19.980771,3.161,169.2,65.51,HIGH_FREQUENCY,HIGH_LOAD,HIGH,MEDIUM,0.346,1,0.563,ANOMALY,true,-0.177957,0.678
2026-09-10T07:13:07.727Z,POLAR-001,2026-09-10T07:13:07.727Z,STORM,-6.3,-8.99,19,465.5,-0.268,0.051,1.006,17.46,-12.72,-17.56,26.77,6,34.73,95,1.22,-59.989518,19.980805,3.171,169.2,65.43,HIGH_FREQUENCY,HIGH_LOAD,HIGH,MEDIUM,0.346,1,0.563,ANOMALY,true,-0.177957,0.678
2026-09-10T07:13:12.728Z,POLAR-001,2026-09-10T07:13:12.728Z,STORM,-6.3,-8.99,19,465.5,-0.268,0.051,1.006,17.46,-12.72,-17.56,26.77,6,34.73,95,1.22,-59.989605,19.980838,3.181,169.2,65.35,HIGH_FREQUENCY,HIGH_LOAD,HIGH,MEDIUM,0.346,1,0.563,ANOMALY,true,-0.177957,0.678
2026-09-10T07:13:17.730Z,POLAR-001,2026-09-10T07:13:17.730Z,STORM,-6.3,-8.99,19,465.5,-0.268,0.051,1.006,17.46,-12.72,-17.56,26.77,6,34.73,95,1.22,-59.989691,19.980871,3.191,169.2,65.27,HIGH_FREQUENCY,HIGH_LOAD,HIGH,MEDIUM,0.346,1,0.563,ANOMALY,true,-0.177957,0.678
2026-09-10T07:13:22.731Z,POLAR-001,2026-09-10T07:13:22.731Z,STORM,-6.3,-8.99,19,465.5,-0.268,0.051,1.006,17.46,-12.72,-17.56,26.77,6,34.73,95,1.22,-59.989778,19.980904,3.201,169.2,65.19,HIGH_FREQUENCY,HIGH_LOAD,HIGH,MEDIUM,0.346,1,0.563,ANOMALY,true,-0.177957,0.678
2026-09-10T07:13:27.732Z,POLAR-001,2026-09-10T07:13:27.732Z,STORM,-6.3,-8.99,19,465.5,-0.268,0.051,1.006,17.46,-12.72,-17.56,26.77,6,34.73,95,1.22,-59.989865,19.980937,3.21,169.2,65.11,HIGH_FREQUENCY,HIGH_LOAD,HIGH,MEDIUM,0.346,1,0.563,ANOMALY,true,-0.177957,0.678
2026-09-10T07:13:32.734Z,POLAR-001,2026-09-10T07:13:32.734Z,STORM,-6.3,-8.99,19,465.5,-0.268,0.051,1.006,17.46,-12.72,-17.56,26.77,6,34.73,95,1.22,-59.989951,19.98097,3.22,169.2,65.03,HIGH_FREQUENCY,HIGH_LOAD,HIGH,MEDIUM,0.346,1,0.563,ANOMALY,true,-0.177957,0.678
2026-09-10T07:13:37.735Z,POLAR-001,2026-09-10T07:13:37.735Z,STORM,-6.3,-8.99,19,465.5,-0.268,0.051,1.006,17.46,-12.72,-17.56,26.77,6,34.73,95,1.22,-59.990038,19.981003,3.23,169.2,64.95,HIGH_FREQUENCY,HIGH_LOAD,HIGH,MEDIUM,0.346,1,0.563,ANOMALY,true,-0.177957,0.678
2026-09-10T07:13:42.736Z,POLAR-001,2026-09-10T07:13:42.736Z,STORM,-6.3,-8.99,19,465.5,-0.268,0.051,1.006,17.46,-12.72,-17.56,26.77,6,34.73,95,1.22,-59.990125,19.981036,3.24,169.2,64.87,HIGH_FREQUENCY,HIGH_LOAD,HIGH,MEDIUM,0.346,1,0.563,ANOMALY,true,-0.177957,0.678
2026-09-10T07:13:47.736Z,POLAR-001,2026-09-10T07:13:47.736Z,STORM,-6.3,-8.99,19,465.5,-0.268,0.051,1.006,17.46,-12.72,-17.56,26.77,6,34.73,95,1.22,-59.990211,19.981069,3.249,169.2,64.79,HIGH_FREQUENCY,HIGH_LOAD,HIGH,MEDIUM,0.346,1,0.563,ANOMALY,true,-0.177957,0.678
2026-09-10T07:13:52.737Z,POLAR-001,2026-09-10T07:13:52.737Z,STORM,-6.3,-8.99,19,465.5,-0.268,0.051,1.006,17.46,-12.72,-17.56,26.77,6,34.73,95,1.22,-59.990298,19.981102,3.259,169.2,64.71,HIGH_FREQUENCY,HIGH_LOAD,HIGH,MEDIUM,0.346,1,0.563,ANOMALY,true,-0.177957,0.678
2026-09-10T07:13:57.739Z,POLAR-001,2026-09-10T07:13:57.739Z,STORM,-6.3,-8.99,19,465.5,-0.268,0.051,1.006,17.46,-12.72,-17.56,26.77,6,34.73,95,1.22,-59.990385,19.981135,3.269,169.2,64.63,HIGH_FREQUENCY,HIGH_LOAD,HIGH,MEDIUM,0.346,1,0.563,ANOMALY,true,-0.177957,0.678
2026-09-10T07:14:02.739Z,POLAR-001,2026-09-10T07:14:02.739Z,STORM,-6.3,-8.99,19,465.5,-0.268,0.051,1.006,17.46,-12.72,-17.56,26.77,6,34.73,95,1.22,-59.990471,19.981168,3.279,169.2,64.55,HIGH_FREQUENCY,HIGH_LOAD,HIGH,MEDIUM,0.346,1,0.563,ANOMALY,true,-0.177957,0.678
2026-09-10T07:14:07.741Z,POLAR-001,2026-09-10T07:14:07.741Z,STORM,-6.3,-8.99,19,465.5,-0.268,0.051,1.006,17.46,-12.72,-17.56,26.77,6,34.73,95,1.22,-59.990558,19.981201,3.289,169.2,64.47,HIGH_FREQUENCY,HIGH_LOAD,HIGH,MEDIUM,0.346,1,0.563,ANOMALY,true,-0.177957,0.678
2026-09-10T07:14:12.741Z,POLAR-001,2026-09-10T07:14:12.741Z,STORM,-6.3,-8.99,19,465.5,-0.268,0.051,1.006,17.46,-12.72,-17.56,26.77,6,34.73,95,1.22,-59.990645,19.981234,3.298,169.2,64.39,HIGH_FREQUENCY,HIGH_LOAD,HIGH,MEDIUM,0.346,1,0.563,ANOMALY,true,-0.177957,0.678
2026-09-10T07:14:17.742Z,POLAR-001,2026-09-10T07:14:17.742Z,STORM,-6.3,-8.99,19,465.5,-0.268,0.051,1.006,17.46,-12.72,-17.56,26.77,6,34.73,95,1.22,-59.990731,19.981267,3.308,169.2,64.31,HIGH_FREQUENCY,HIGH_LOAD,HIGH,MEDIUM,0.346,1,0.563,ANOMALY,true,-0.177957,0.678
2026-09-10T07:14:22.744Z,POLAR-001,2026-09-10T07:14:22.744Z,STORM,-6.3,-8.99,19,465.5,-0.268,0.051,1.006,17.46,-12.72,-17.56,26.77,6,34.73,95,1.22,-59.990818,19.9813,3.318,169.2,64.23,HIGH_FREQUENCY,HIGH_LOAD,HIGH,MEDIUM,0.346,1,0.563,ANOMALY,true,-0.177957,0.678
2026-09-10T07:14:27.745Z,POLAR-001,2026-09-10T07:14:27.745Z,STORM,-6.3,-8.99,19,465.5,-0.268,0.051,1.006,17.46,-12.72,-17.56,26.77,6,34.73,95,1.22,-59.990905,19.981333,3.328,169.2,64.15,HIGH_FREQUENCY,HIGH_LOAD,HIGH,MEDIUM,0.346,1,0.563,ANOMALY,true,-0.177957,0.678
2026-09-10T07:14:32.746Z,POLAR-001,2026-09-10T07:14:32.746Z,STORM,-6.3,-8.99,19,465.5,-0.268,0.051,1.006,17.46,-12.72,-17.56,26.77,6,34.73,95,1.22,-59.990991,19.981366,3.338,169.2,64.07,HIGH_FREQUENCY,HIGH_LOAD,HIGH,MEDIUM,0.346,1,0.563,ANOMALY,true,-0.177957,0.678
2026-09-10T07:14:37.748Z,POLAR-001,2026-09-10T07:14:37.748Z,STORM,-6.3,-8.99,19,465.5,-0.268,0.051,1.006,17.46,-12.72,-17.56,26.77,6,34.73,95,1.22,-59.991078,19.9814,3.347,169.2,63.99,HIGH_FREQUENCY,HIGH_LOAD,HIGH,MEDIUM,0.346,1,0.563,ANOMALY,true,-0.177957,0.678
2026-09-10T07:14:42.749Z,POLAR-001,2026-09-10T07:14:42.749Z,STORM,-6.3,-8.99,19,465.5,-0.268,0.051,1.006,17.46,-12.72,-17.56,26.77,6,34.73,95,1.22,-59.991165,19.981433,3.357,169.2,63.91,HIGH_FREQUENCY,HIGH_LOAD,HIGH,MEDIUM,0.346,1,0.563,ANOMALY,true,-0.177957,0.678
2026-09-10T07:14:47.750Z,POLAR-001,2026-09-10T07:14:47.750Z,STORM,-6.3,-8.99,19,465.5,-0.268,0.051,1.006,17.46,-12.72,-17.56,26.77,6,34.73,95,1.22,-59.991251,19.981466,3.367,169.2,63.83,HIGH_FREQUENCY,HIGH_LOAD,HIGH,MEDIUM,0.346,1,0.563,ANOMALY,true,-0.177957,0.678
2026-09-10T07:14:52.751Z,POLAR-001,2026-09-10T07:14:52.751Z,STORM,-6.3,-8.99,19,465.5,-0.268,0.051,1.006,17.46,-12.72,-17.56,26.77,6,34.73,95,1.22,-59.991338,19.981499,3.377,169.2,63.75,HIGH_FREQUENCY,HIGH_LOAD,HIGH,MEDIUM,0.346,1,0.563,ANOMALY,true,-0.177957,0.678
2026-09-10T07:14:57.753Z,POLAR-001,2026-09-10T07:14:57.753Z,STORM,-6.3,-8.99,19,465.5,-0.268,0.051,1.006,17.46,-12.72,-17.56,26.77,6,34.73,95,1.22,-59.991425,19.981532,3.387,169.2,63.67,HIGH_FREQUENCY,HIGH_LOAD,HIGH,MEDIUM,0.346,1,0.563,ANOMALY,true,-0.177957,0.678
2026-09-10T07:15:02.753Z,POLAR-001,2026-09-10T07:15:02.753Z,STORM,-6.3,-8.99,19,465.5,-0.268,0.051,1.006,17.46,-12.72,-17.56,26.77,6,34.73,95,1.22,-59.991511,19.981565,3.396,169.2,63.59,HIGH_FREQUENCY,HIGH_LOAD,HIGH,MEDIUM,0.346,1,0.563,ANOMALY,true,-0.177957,0.678
2026-09-10T07:15:07.755Z,POLAR-001,2026-09-10T07:15:07.755Z,STORM,-6.3,-8.99,19,465.5,-0.268,0.051,1.006,17.46,-12.72,-17.56,26.77,6,34.73,95,1.22,-59.991598,19.981598,3.406,169.2,63.51,HIGH_FREQUENCY,HIGH_LOAD,HIGH,MEDIUM,0.346,1,0.563,ANOMALY,true,-0.177957,0.678
2026-09-10T07:15:12.756Z,POLAR-001,2026-09-10T07:15:12.756Z,STORM,-6.3,-8.99,19,465.5,-0.268,0.051,1.006,17.46,-12.72,-17.56,26.77,6,34.73,95,1.22,-59.991685,19.981631,3.416,169.2,63.43,HIGH_FREQUENCY,HIGH_LOAD,HIGH,MEDIUM,0.346,1,0.563,ANOMALY,true,-0.177957,0.678
2026-09-10T07:15:17.756Z,POLAR-001,2026-09-10T07:15:17.756Z,STORM,-6.3,-8.99,19,465.5,-0.268,0.051,1.006,17.46,-12.72,-17.56,26.77,6,34.73,95,1.22,-59.991771,19.981664,3.426,169.2,63.35,HIGH_FREQUENCY,HIGH_LOAD,HIGH,MEDIUM,0.346,1,0.563,ANOMALY,true,-0.177957,0.678
2026-09-10T07:15:22.757Z,POLAR-001,2026-09-10T07:15:22.757Z,STORM,-6.3,-8.99,19,465.5,-0.268,0.051,1.006,17.46,-12.72,-17.56,26.77,6,34.73,95,1.22,-59.991858,19.981697,3.436,169.2,63.27,HIGH_FREQUENCY,HIGH_LOAD,HIGH,MEDIUM,0.346,1,0.563,ANOMALY,true,-0.177957,0.678
2026-09-10T07:15:27.759Z,POLAR-001,2026-09-10T07:15:27.759Z,STORM,-6.3,-8.99,19,465.5,-0.268,0.051,1.006,17.46,-12.72,-17.56,26.77,6,34.73,95,1.22,-59.991945,19.98173,3.445,169.2,63.19,HIGH_FREQUENCY,HIGH_LOAD,HIGH,MEDIUM,0.346,1,0.563,ANOMALY,true,-0.177957,0.678
2026-09-10T07:15:32.760Z,POLAR-001,2026-09-10T07:15:32.760Z,STORM,-6.3,-8.99,19,465.5,-0.268,0.051,1.006,17.46,-12.72,-17.56,26.77,6,34.73,95,1.22,-59.992031,19.981763,3.455,169.2,63.11,HIGH_FREQUENCY,HIGH_LOAD,HIGH,MEDIUM,0.346,1,0.563,ANOMALY,true,-0.177957,0.678
2026-09-10T07:15:37.762Z,POLAR-001,2026-09-10T07:15:37.762Z,STORM,-6.3,-8.99,19,465.5,-0.268,0.051,1.006,17.46,-12.72,-17.56,26.77,6,34.73,95,1.22,-59.992118,19.981796,3.465,169.2,63.03,HIGH_FREQUENCY,HIGH_LOAD,HIGH,MEDIUM,0.346,1,0.563,ANOMALY,true,-0.177957,0.678
2026-09-10T07:15:42.762Z,POLAR-001,2026-09-10T07:15:42.762Z,STORM,-6.3,-8.99,19,465.5,-0.268,0.051,1.006,17.46,-12.72,-17.56,26.77,6,34.73,95,1.22,-59.992205,19.981829,3.475,169.2,62.95,HIGH_FREQUENCY,HIGH_LOAD,HIGH,MEDIUM,0.346,1,0.563,ANOMALY,true,-0.177957,0.678
2026-09-10T07:15:47.763Z,POLAR-001,2026-09-10T07:15:47.763Z,STORM,-6.3,-8.99,19,465.5,-0.268,0.051,1.006,17.46,-12.72,-17.56,26.77,6,34.73,95,1.22,-59.992291,19.981862,3.485,169.2,62.87,HIGH_FREQUENCY,HIGH_LOAD,HIGH,MEDIUM,0.346,1,0.563,ANOMALY,true,-0.177957,0.678
2026-09-10T07:15:52.764Z,POLAR-001,2026-09-10T07:15:52.764Z,STORM,-6.3,-8.99,19,465.5,-0.268,0.051,1.006,17.46,-12.72,-17.56,26.77,6,34.73,95,1.22,-59.992378,19.981895,3.494,169.2,62.79,HIGH_FREQUENCY,HIGH_LOAD,HIGH,MEDIUM,0.346,1,0.563,ANOMALY,true,-0.177957,0.678
2026-09-10T07:15:57.765Z,POLAR-001,2026-09-10T07:15:57.765Z,STORM,-6.3,-8.99,19,465.5,-0.268,0.051,1.006,17.46,-12.72,-17.56,26.77,6,34.73,95,1.22,-59.992465,19.981928,3.504,169.2,62.71,HIGH_FREQUENCY,HIGH_LOAD,HIGH,MEDIUM,0.346,1,0.563,ANOMALY,true,-0.177957,0.678
2026-09-10T07:16:02.766Z,POLAR-001,2026-09-10T07:16:02.766Z,STORM,-6.3,-8.99,19,465.5,-0.268,0.051,1.006,17.46,-12.72,-17.56,26.77,6,34.73,95,1.22,-59.992551,19.981961,3.514,169.2,62.63,HIGH_FREQUENCY,HIGH_LOAD,HIGH,MEDIUM,0.346,1,0.563,ANOMALY,true,-0.177957,0.678
2026-09-10T07:16:07.768Z,POLAR-001,2026-09-10T07:16:07.768Z,STORM,-6.3,-8.99,19,465.5,-0.268,0.051,1.006,17.46,-12.72,-17.56,26.77,6,34.73,95,1.22,-59.992638,19.981995,3.524,169.2,62.55,HIGH_FREQUENCY,HIGH_LOAD,HIGH,MEDIUM,0.346,1,0.563,ANOMALY,true,-0.177957,0.678
2026-09-10T07:16:12.768Z,POLAR-001,2026-09-10T07:16:12.769Z,STORM,-6.3,-8.99,19,465.5,-0.268,0.051,1.006,17.46,-12.72,-17.56,26.77,6,34.73,95,1.22,-59.992725,19.982028,3.534,169.2,62.47,HIGH_FREQUENCY,HIGH_LOAD,HIGH,MEDIUM,0.346,1,0.563,ANOMALY,true,-0.177957,0.678
2026-09-10T07:16:17.769Z,POLAR-001,2026-09-10T07:16:17.769Z,STORM,-6.3,-8.99,19,465.5,-0.268,0.051,1.006,17.46,-12.72,-17.56,26.77,6,34.73,95,1.22,-59.992811,19.982061,3.543,169.2,62.39,HIGH_FREQUENCY,HIGH_LOAD,HIGH,MEDIUM,0.346,1,0.563,ANOMALY,true,-0.177957,0.678
2026-09-10T07:16:22.770Z,POLAR-001,2026-09-10T07:16:22.770Z,STORM,-6.3,-8.99,19,465.5,-0.268,0.051,1.006,17.46,-12.72,-17.56,26.77,6,34.73,95,1.22,-59.992898,19.982094,3.553,169.2,62.31,HIGH_FREQUENCY,HIGH_LOAD,HIGH,MEDIUM,0.346,1,0.563,ANOMALY,true,-0.177957,0.678
2026-09-10T07:16:27.771Z,POLAR-001,2026-09-10T07:16:27.771Z,STORM,-6.3,-8.99,19,465.5,-0.268,0.051,1.006,17.46,-12.72,-17.56,26.77,6,34.73,95,1.22,-59.992985,19.982127,3.563,169.2,62.23,HIGH_FREQUENCY,HIGH_LOAD,HIGH,MEDIUM,0.346,1,0.563,ANOMALY,true,-0.177957,0.678
2026-09-10T07:16:32.772Z,POLAR-001,2026-09-10T07:16:32.772Z,STORM,-6.3,-8.99,19,465.5,-0.268,0.051,1.006,17.46,-12.72,-17.56,26.77,6,34.73,95,1.22,-59.993071,19.98216,3.573,169.2,62.15,HIGH_FREQUENCY,HIGH_LOAD,HIGH,MEDIUM,0.346,1,0.563,ANOMALY,true,-0.177957,0.678
2026-09-10T07:16:37.773Z,POLAR-001,2026-09-10T07:16:37.773Z,STORM,-6.3,-8.99,19,465.5,-0.268,0.051,1.006,17.46,-12.72,-17.56,26.77,6,34.73,95,1.22,-59.993158,19.982193,3.582,169.2,62.07,HIGH_FREQUENCY,HIGH_LOAD,HIGH,MEDIUM,0.346,1,0.563,ANOMALY,true,-0.177957,0.678
2026-09-10T07:16:42.775Z,POLAR-001,2026-09-10T07:16:42.775Z,STORM,-6.3,-8.99,19,465.5,-0.268,0.051,1.006,17.46,-12.72,-17.56,26.77,6,34.73,95,1.22,-59.993245,19.982226,3.592,169.2,61.99,HIGH_FREQUENCY,HIGH_LOAD,HIGH,MEDIUM,0.346,1,0.563,ANOMALY,true,-0.177957,0.678
2026-09-10T07:16:47.777Z,POLAR-001,2026-09-10T07:16:47.777Z,STORM,-6.3,-8.99,19,465.5,-0.268,0.051,1.006,17.46,-12.72,-17.56,26.77,6,34.73,95,1.22,-59.993331,19.982259,3.602,169.2,61.91,HIGH_FREQUENCY,HIGH_LOAD,HIGH,MEDIUM,0.346,1,0.563,ANOMALY,true,-0.177957,0.678
2026-09-10T07:16:52.777Z,POLAR-001,2026-09-10T07:16:52.777Z,STORM,-6.3,-8.99,19,465.5,-0.268,0.051,1.006,17.46,-12.72,-17.56,26.77,6,34.73,95,1.22,-59.993418,19.982292,3.612,169.2,61.83,HIGH_FREQUENCY,HIGH_LOAD,HIGH,MEDIUM,0.346,1,0.563,ANOMALY,true,-0.177957,0.678
